label,feat_0,feat_1,feat_2,feat_3,feat_4,feat_5,feat_6,feat_7,feat_8,feat_9,feat_10,feat_11,feat_12,feat_13,feat_14,feat_15,feat_16,feat_17,feat_18,feat_19,feat_20,feat_21,feat_22,feat_23,feat_24,feat_25,feat_26,feat_27,feat_28,feat_29,feat_30,feat_31,feat_32,feat_33,feat_34,feat_35,feat_36,feat_37,feat_38,feat_39,feat_40,feat_41,feat_42,feat_43,feat_44,feat_45,feat_46,feat_47,feat_48,feat_49,feat_50,feat_51,feat_52,feat_53,feat_54,feat_55,feat_56,feat_57,feat_58,feat_59,feat_60,feat_61,feat_62
HELLO,-0.3181936560749963,0.8037206489799955,0.3734986341089731,0.19534741923993154,-0.6187305023699905,-0.6006377177879029,-0.7861963904832754,0.7402390017506959,0.17973945652687215,0.35816232104445417,-0.9999988130190073,0.957701503403768,0.6208167207682666,-0.5706726720929471,-0.5342533021343767,-0.6545763142525278,-0.3222328640709147,0.0646172983882121,-0.19084216777838292,-0.40099014808067196,0.270172077074275,-0.6374444615621292,-0.3059999605644861,-0.23373078714044304,0.11671202774842335,0.4869731936132751,-0.5940292290823703,0.023421386792902125,0.09130944731186641,-0.79949669619813,0.2578697067389052,-0.6246029127731474,-0.8577578957065451,0.7637797345854528,0.8374724648196609,0.6298374225421108,-0.3836631663017609,-0.7894231428398804,0.37965024302474193,-0.04492328667409425,-0.7025538480321195,0.009506175828812418,-0.8028564467965913,0.7877877806461189,-0.4764737043232324,0.3486067387364254,-0.3728233555507465,0.016282468359716664,0.16430562183050454,-0.6158419474988189,0.7342386691403563,0.543030052465738,0.811209498383392,0.7326840989070923,0.21281000297543523,0.7913551601420971,-0.7687661101559538,-0.6974025713541491,-0.9196600278130592,-0.2484037069446745,-0.21252167852414802,-0.5335678740581005,0.5606745348320376
HELLO,-0.31543791863673426,0.9150237478163814,0.4404145026125381,0.15735597901967013,-0.6931697380208844,-0.6633699968145663,-0.9071585963984738,0.7019551807495096,0.17728103778618906,0.4408521074735757,-0.9668987714969134,0.9956081111055647,0.597725495154962,-0.6287264162121219,-0.5926914090635212,-0.6887233415569237,-0.30743307844962137,0.138427188413509,-0.04947884852011777,-0.4763290057681127,0.2303236580534463,-0.7578134552443765,-0.3608518269261842,-0.1618870538706952,-0.033524426565502814,0.575450458446093,-0.6284425394501801,0.06958420998143236,0.1092590724178586,-0.8805050218375733,0.1591737251630293,-0.6250849731880779,-0.8869328162322742,0.8804308150946842,0.8828649574755799,0.5992120765645533,-0.3588377920419084,-0.7452775111349913,0.40455163234059127,-0.03472528526272547,-0.6019614339186891,-0.030164163246464527,-0.9515755822317672,0.7344157929027397,-0.4112548863880681,0.40947819563746524,-0.4341902157250228,0.07936293587192256,0.17083139786470408,-0.6210336850670237,0.9999987400883952,0.565642566267624,0.8093112268401784,0.8620203449812193,0.2808283110931904,0.8967091119390683,-0.8896700242730854,-0.6601765352462008,-0.9879694371394634,-0.303604178689367,-0.14450790542510467,-0.434187256066072,0.7219379092650315
HELLO,-0.29152367392321327,0.8698926418908637,0.3614781329761948,0.142424792051481,-0.6047825662769768,-0.6716000078700942,-0.7721613043755499,0.7317769587514747,0.3564725239053762,0.40316457017142177,-0.9999988058076998,0.8957986110608217,0.5776994147291309,-0.49128882888255104,-0.6054328653211973,-0.6131178818932493,-0.38144774698798395,0.09150776926764258,-0.1570495212554175,-0.35250274113313523,0.2761488369237787,-0.7092509991525779,-0.45244470352789684,-0.2859724140156833,-0.04153706919353484,0.5504097774616332,-0.5362140789894636,0.13246216855227402,0.19036738436944683,-0.9149019901217896,0.2686251251082713,-0.6264653501688752,-0.7789657778809027,0.9213513481540611,0.8324246975218014,0.6717761444551354,-0.3192814880848341,-0.8047898793127413,0.37019399844180334,-0.09899332958996508,-0.7207454880798739,0.04284613369809847,-0.8038234357073016,0.7825278966222593,-0.3814345300647301,0.36953777434222435,-0.3458947788423316,0.04886381721832077,0.020430454874250253,-0.6917613151839744,0.9070924025209974,0.47459121251751785,0.837387344309596,0.7224751443450818,0.08026780365379399,0.8274128575807822,-0.8110220713014605,-0.5760992454415478,-0.9222655795218069,-0.35373448744997976,-0.11953546008120763,-0.4292094303542528,0.6609362754903115
HELLO,-0.3107259629766091,0.988327481275452,0.5447957397248198,0.2657488410252744,-0.5983756103391312,-0.646251746041941,-0.8053432782932554,0.7504597175997505,0.1532652488220596,0.3652945264817056,-0.99999882425205,0.8386196376021269,0.7230536106161249,-0.5607962380358442,-0.6172352204699973,-0.5768977007419713,-0.4630374979939798,0.10214824718274014,-0.053576044502843354,-0.3705587911322734,0.30749592550697047,-0.7561839532799215,-0.2826295519108011,-0.2943580473835776,-0.15788415171687414,0.5225164275721536,-0.4549223538417642,0.025634825987626154,0.11902534739574115,-0.929342293870511,0.19613337931304933,-0.7370875366915316,-0.894658469988282,0.9351549316903702,0.9537366887085889,0.5726070637909614,-0.3949351565461408,-0.7534183133459381,0.48461119391810703,-0.08877747625918761,-0.6575392931372316,-0.020975131925405684,-0.872326833762518,0.808057208466479,-0.44636952061524793,0.19419453336315298,-0.27892884728177586,0.0015897875856971005,0.21199009372252253,-0.5524727280071756,0.8875533450609101,0.5434058640511394,0.8204056587538695,0.7141518001659941,0.19637328052028932,0.8456547134971866,-0.8014350503235659,-0.6084957455510408,-0.8764151844261183,-0.2726217542342288,-0.12402826870270621,-0.4088555956813429,0.6525938689819577
HELLO,-0.28497086456235066,0.938749414179924,0.4893611835164175,0.15013888868438327,-0.7850767008950108,-0.7503280010760389,-0.9087402518248937,0.7902613590055012,0.29381392994844596,0.38157170356015807,-0.9663357909216108,0.9386957795570542,0.6534788547900929,-0.5076869704708915,-0.6568215088051695,-0.5633812745641475,-0.3990383095362443,0.10100589190870063,-0.15025278883102428,-0.4475286553372747,0.336952713011778,-0.6424748598720584,-0.518068818586627,-0.28980447104324497,-0.012322937211618201,0.48650357920376974,-0.5423876028221938,0.06887761324378402,0.13855308308007125,-0.8910616616319217,0.08291990412375774,-0.5382788370072438,-0.8729634455926576,0.930683191948724,0.9519078203573992,0.6888383860330994,-0.410217059359996,-0.7774434628314926,0.3960374889860324,-0.06397025161374124,-0.6712794138494264,-0.03876093930496317,-0.954959039872682,0.8871323370687475,-0.5986131150875597,0.41543753330878386,-0.38824528837902295,0.039122535207842125,0.04984617754194468,-0.6217288026063242,0.9999987728454992,0.5875071781962105,0.8931630885296387,0.7806757016124403,0.10352210018970887,0.7765334653655602,-0.8290312922123372,-0.5688396118417419,-0.8886484777155021,-0.2826090863890743,-0.18951556495902286,-0.44560927578962506,0.7850942782054147
HELLO,-0.21269108010873855,0.8246505751675921,0.5472028479235193,0.25683815121861403,-0.5417532351859814,-0.655380854096451,-0.77597047497238,0.6050256404271016,0.2369278119161666,0.38315736222146635,-0.9841141518781944,0.947178915821773,0.5203406872219961,-0.655307040645757,-0.5787574573906292,-0.5634669715573066,-0.31202195762651225,0.09042676282921108,-0.04132418322227844,-0.3524973413577803,0.2031721865071237,-0.6843036414176553,-0.4086788279085733,-0.23464420999453234,-0.14753774300482095,0.5579762302294331,-0.5715505117547789,0.04309458501316117,0.19073522151345695,-0.9999988211628195,0.1497206587949494,-0.6278402363517505,-0.8236437526859614,0.861949625884841,0.8960679351752486,0.6710500273214303,-0.3501088018006715,-0.7772967125320513,0.2532338761745594,-0.1935479905254098,-0.6813257277720444,0.05340768632590418,-0.7873569247908958,0.7232378168176651,-0.47288493692916184,0.32082329630572287,-0.23446167612414626,0.04462123567429971,0.1795364189042256,-0.5843899372961762,0.9536765250002637,0.5794474074243314,0.8387458522975332,0.6845561714172334,0.1687920895705936,0.8834807447427327,-0.7244198945186618,-0.59897888491527,-0.8779410763724571,-0.4314722391336138,-0.12483814646086273,-0.3790413868844299,0.6119651758837977
HELLO,-0.22710697944063543,0.729441142481969,0.41301039555775937,0.2674093646738551,-0.5969047288731414,-0.6356998458583601,-0.8428017221263742,0.7450426983319184,0.17588850208726134,0.29730338247546423,-0.9137366840507347,0.9192580590362239,0.7001997862908892,-0.6338464394033312,-0.6134949549218899,-0.6076512644744125,-0.43851635227752517,0.07619956537080994,-0.08516054519391526,-0.4150506042234396,0.3354517709591658,-0.7058387460626458,-0.4225935792566932,-0.28292311067818016,-0.13224609741984594,0.510025989900864,-0.6575529122967275,0.015715811687765473,0.17948718418410892,-0.9999988092693108,0.19882140832004866,-0.6251987423819552,-0.7980134210795905,0.9269226536673745,0.9377944450858372,0.550614792802839,-0.4160872387042215,-0.732000973725333,0.3184119249501872,-0.18713370021516995,-0.5787329052170952,-0.027688247721328437,-0.9243696819602409,0.6493127564661572,-0.4088753959675867,0.2508141581066677,-0.3570182712587281,0.09590143981693797,0.031105481085748645,-0.5956734444124034,0.9853591455055772,0.3779083483704043,0.7890650947931026,0.6983595798519386,0.17538833150343414,0.8008964545166651,-0.8471752698766639,-0.6181631784365128,-0.9124540529520515,-0.3536600329667081,-0.19909636286309979,-0.3814069276906604,0.6891312955277166
HELLO,-0.2018550780788514,0.8136995844457997,0.44565044770961754,0.332197007249677,-0.6001376214268644,-0.6875685333076568,-0.7542677479189621,0.6804150482253102,0.15418195489698722,0.48369894458560864,-0.999998798868448,0.7881427482720421,0.6954220824471671,-0.5511666901123877,-0.6038229787583697,-0.6301423506893269,-0.3905324050668678,0.020064656908398745,-0.16838376959759277,-0.4241542478528382,0.19012959924265163,-0.742586383386609,-0.4321995897517399,-0.40713438193367574,-0.04330789735217734,0.5714914278844178,-0.5822694077057463,0.04160878329473639,0.1940334097774052,-0.9151174215505884,0.17469587354689348,-0.6014613055854737,-0.8234264590793903,0.9853877667839495,0.9921248855545816,0.6487147726013113,-0.42124249874547254,-0.8071033104490744,0.29388146488132744,-0.09821429593631689,-0.8909832498234194,-0.03681216890353818,-0.913237358440665,0.6950925670006313,-0.4156698472309328,0.2439240762005169,-0.3457759196563373,0.20575107832801892,-0.006983178913077909,-0.614571500076827,0.877981998997868,0.4926009655225722,0.8902917520987766,0.825225680827263,0.23448715197287623,0.767321057710099,-0.6446708374739477,-0.6905780694752038,-0.936003131445675,-0.32548864149175377,-0.208572458847328,-0.41011357059839865,0.7266686371962481
HELLO,-0.2586569414869899,0.9094033537226324,0.427237782410926,0.23431079595728121,-0.7085428582147326,-0.7086273358342798,-0.8506757616067874,0.7977951379451121,0.06428462642472249,0.4391122754559222,-0.976649453128618,0.9999987488076298,0.6498719385897308,-0.4944772319803653,-0.6792732179612417,-0.7733235668815955,-0.3261017197620921,-0.0032117576393755755,-0.23509975579017806,-0.4169357152852647,0.2089562554279459,-0.6702069162387101,-0.3602783673175503,-0.26154928863533516,-0.14329758868529283,0.5888469151101351,-0.5908908983129015,0.06408849448829816,0.130277871242125,-0.9330116271518398,0.2471613776715449,-0.5815480194177873,-0.8102988929014981,0.903760776289858,0.901661148572117,0.642645914398786,-0.4594221873893522,-0.8565346283687423,0.4632682487050046,-0.09465806543049696,-0.7783857427212294,0.0422152185666626,-0.8515985849711222,0.7916053464286213,-0.5096387123073665,0.2907813187113375,-0.3166389557328279,0.10107971048297863,0.18021125526377943,-0.5677945054066974,0.8379541850702804,0.5683675637200845,0.813624168764878,0.7583202217875151,0.20665903873823954,0.8968259709994544,-0.8795308863636351,-0.7540478518571045,-0.8991190934384756,-0.18429174215884764,-0.2355477833428253,-0.45480314328375027,0.7695936572685673
HELLO,-0.19483815472188842,0.8329462600018196,0.4475421318619974,0.19386373960294254,-0.691128694471849,-0.7026480716419287,-0.697235853374615,0.6771527987095847,0.18979339849882246,0.37370048422212265,-0.8284232335730931,0.9999988620734196,0.6350834912200026,-0.5571991369243576,-0.5868857423586179,-0.5154841101795627,-0.38957194286102154,0.09356329919044813,-0.25594795274451837,-0.39318476066322233,0.2393874720768684,-0.5841017483845803,-0.42500678524419494,-0.32881446995823566,-0.09481748594784921,0.4551826803470059,-0.5552783369440192,0.025537836180888774,0.09320308040216174,-0.7800001771484608,0.186860139499058,-0.538396771411966,-0.8968713010756066,0.7594035546256727,0.8771646943748161,0.5160272056343758,-0.36509777173939323,-0.7324715755919083,0.34443403693143454,-0.14751433920375942,-0.679654524879585,-0.053305179620110506,-0.8093666013395285,0.7387083015634859,-0.43036405831354624,0.44212088666704485,-0.4058045334095436,0.11554272919366482,-0.06626274028237206,-0.6920319887903231,0.7843766614346483,0.43393248324863515,0.8117779287919197,0.735346219580101,0.1637463862492344,0.7595715428814559,-0.7191966344365016,-0.5061113109130202,-0.9034719299027856,-0.33860828283185773,-0.20664271916445912,-0.38868812438756345,0.5545647154727409
HELLO,-0.24062273629231842,0.847401394994082,0.39396922417312363,0.14240324457331882,-0.6395982281405993,-0.6530755799988336,-0.7997923960331884,0.6252755753502277,0.16915373066807946,0.37695243435762343,-0.8517748171822825,0.8265201387033646,0.6374967799388402,-0.5248981874386022,-0.5004374843904882,-0.6530535667731048,-0.40582145315901585,-0.008510451237415029,-0.2255895195284162,-0.2882345882049474,0.13706977288719444,-0.724253937087978,-0.3128380614635837,-0.3535242887595614,-0.03807625236802651,0.4522068180151939,-0.4903844383268258,-0.10051755774356814,0.07058121277651741,-0.8829129974253298,0.25875887172633505,-0.6199874434887321,-0.8357466489117619,0.9211336863745012,0.9999988273566848,0.618040042445146,-0.4031086804086306,-0.7793760013294613,0.27011894282329296,-0.10637650122337143,-0.804689505773594,0.02330773872847262,-0.7560027512251352,0.8100528816924307,-0.4800912142081016,0.3358245542332747,-0.25825781114390023,0.12973371119362803,0.028786695835845602,-0.5613655231693934,0.8717786066992684,0.5635045747842238,0.847092910310238,0.6018447465347774,0.16327804817561606,0.8031747093360778,-0.8561823511142546,-0.5363392837531851,-0.9426142016268653,-0.374534562576076,-0.13022290850948226,-0.48081945285970357,0.65043987399411
HELLO,-0.349504523054693,0.9999987881866957,0.4313602447329729,0.19706461305298686,-0.6560979420412061,-0.6301797866772979,-0.9488803787142437,0.7096560598776103,0.15613678499889497,0.30106079257563684,-0.8697289501172228,0.8897704216368107,0.6592679379106666,-0.5468491148786375,-0.6371989024023652,-0.4941791820409409,-0.3824187637474941,-0.04639709014625229,-0.15621126387068027,-0.3745066538593646,0.24914201346011774,-0.7648951879076997,-0.34669304497892495,-0.3659244738826845,-0.015852051110205625,0.4729878722311417,-0.5960112385177068,0.0921020953174762,0.18642971351543977,-0.8299035718881967,0.24600399140600354,-0.5608853295901415,-0.7789620245431252,0.8428520762647232,0.9411649026787742,0.5054572222964436,-0.38234311120425324,-0.7304815212862632,0.36531957056124414,-0.08897620845171472,-0.7457528679066932,0.05905957309616896,-0.9076471407261689,0.7654299180825284,-0.4139871243025417,0.22997509182767034,-0.3347156932627903,-0.02425493991673523,0.16799705739173534,-0.6268519165856787,0.9186570530065323,0.5584533000016,0.7352241899605105,0.7261118894369116,0.25304753570263,0.8705509571639987,-0.7807233076506235,-0.6712241146968136,-0.8462833505039672,-0.2954418906972646,-0.2129949420386168,-0.3692189149343473,0.5959799926866407
HELLO,-0.27176137228844494,0.7170518901628706,0.5011471672581247,0.20847613203858903,-0.7621581730204586,-0.7668161223246434,-0.901789478536233,0.7514711354011926,0.17630534953402055,0.35158336217500796,-0.9818814678602661,0.840059195524193,0.5228212057000292,-0.6254130148720459,-0.6758443543695073,-0.5675051609597932,-0.38620606172838495,-0.0020048587257824875,0.007926170155917555,-0.44113965361762264,0.2850847463624985,-0.5955340831628343,-0.49380128711776905,-0.2524140004660628,-0.11551962354951059,0.5121431408173333,-0.5438779959991159,-0.010052722441670261,0.14783392346328444,-0.8818332062587303,0.18427673259837313,-0.7037509674407826,-0.7881787688154928,0.925749562929049,0.9155973745335165,0.5701317367217028,-0.417895452399285,-0.815547860839939,0.49569338266615126,-0.05869889257302978,-0.7769135167619443,0.0006221940184874133,-0.9166940545791733,0.8217909023838318,-0.4309875578094875,0.3774579132714975,-0.41298418077536647,0.044862087300855336,-0.0152451797505423,-0.6812391662860218,0.955657589707966,0.471712061971727,0.7942220384910688,0.758372574394051,0.22989636280947723,0.7471378070391557,-0.9999987987316117,-0.6365984665894467,-0.8016723858149191,-0.315110378797081,-0.13444907688234872,-0.5074546357868245,0.5333754188630629
HELLO,-0.2205384239123201,0.9103535893557143,0.4798819042503885,0.2539342933551227,-0.6572205835571433,-0.6582660536204052,-0.8335808368854756,0.7586892185716642,0.2541241616776384,0.47600049047547344,-0.8573776217064465,0.8932827467166385,0.6903127016335235,-0.5944988177418561,-0.6838827096368967,-0.6718030869900704,-0.3581899415464344,0.07515202186660759,-0.11034766033347944,-0.4287867490451924,0.22243450156756983,-0.6654609047455954,-0.5054241548860835,-0.263974202489516,-0.08169248980258109,0.6133395099719003,-0.6805007427892079,0.12110637291822729,0.19686698792655263,-0.8845337882962774,0.1887436395178771,-0.6211790979954955,-0.8611516552749738,0.966878706571261,0.8355932427863588,0.6236038682457289,-0.3628186911314988,-0.8108914934584041,0.34089900026766473,-0.14143578433028364,-0.7400687517133291,-0.1219545864141674,-0.8651349046266709,0.7834034866937427,-0.47130648319379065,0.3456811019238116,-0.4067258633941568,0.0317343210989324,-0.03355796305503881,-0.5806575797965676,0.9999987582882003,0.4410098889593324,0.8479322846169566,0.7080616818214408,0.18346658147971198,0.8784249144921285,-0.756260289859932,-0.5343517501162062,-0.8221487398874894,-0.3608316515067255,-0.29237875989312323,-0.46138417480383614,0.6924323770694821
HELLO,-0.3259324235223663,0.999998756452052,0.517421316938934,0.1834546799941503,-0.7286118686182456,-0.7260639006834844,-0.8746567983670808,0.7143084946775368,0.2602859721207314,0.3926718190572679,-0.9224510823769233,0.9331702177923964,0.6782207208509354,-0.5866564842183276,-0.5890615441410024,-0.5849970136593461,-0.3608974614900083,0.08703095535217646,-0.19412580463700388,-0.39528793862281436,0.30022321505562855,-0.6867364146534084,-0.4776522850346316,-0.26899108091329027,-0.06409137728149891,0.5203148398046045,-0.6820058510369817,0.008667787904926161,0.137812084916307,-0.9033055084782986,0.11503008864457101,-0.6204388374484399,-0.9048648078876966,0.9550503844813971,0.909240365572715,0.6120323982230925,-0.39951429266251176,-0.8432904057787259,0.520284065909046,-0.14990885816702929,-0.6883818194971837,-0.07759539123957479,-0.9032781571926849,0.8441902985397622,-0.48145311573339655,0.28786321776034807,-0.39100675850612043,0.014853382857812602,0.2422900979273836,-0.6284431534980087,0.9669578185798339,0.6582021839122646,0.8199735969934578,0.7879204015592736,0.1780520153255608,0.8340374784592159,-0.8298973856470242,-0.6504020325322722,-0.8927005717146203,-0.41360791448934414,-0.16001004981090267,-0.41618572618767663,0.6233991342424133
HELLO,-0.3005353984739359,0.9905106781629477,0.4464707528140792,0.3348602079739833,-0.7176593477188249,-0.7153300024112313,-0.9070499439188063,0.7505921339654565,0.29143724472170973,0.4564170579346473,-0.9698075388000441,0.9999986522168265,0.8056672273070078,-0.593281000708753,-0.5390522165115635,-0.7076250699394383,-0.40835800591743343,-0.016130972201703668,-0.18242633690871193,-0.40851179718360786,0.31730974277439006,-0.5776050206162656,-0.45474205307563315,-0.3510728807139796,-0.04396702853346153,0.5389652520745645,-0.6096132183004067,-0.003150691629041,0.2135468884680205,-0.904533724419236,0.224453194236369,-0.6476333308207627,-0.8791044109087687,0.8423648651026245,0.9433555150016504,0.5597955600582141,-0.28644585955414437,-0.8747034811276511,0.5172984594151411,-0.23910161940025723,-0.853655193916427,0.043544135998638565,-0.9919881418270532,0.9185892206409649,-0.604672733062848,0.443253309312573,-0.35367376846932697,0.07034095094660268,0.05452582562346855,-0.6577759610851968,0.9929939512741383,0.48208580963324,0.9443608915674782,0.8408647252619385,0.28271105452516654,0.7591758743949159,-0.8715466918046978,-0.7334714505212405,-0.9591838199620955,-0.3514445277291432,-0.245914597718091,-0.4386722796352782,0.6249558866946745
HELLO,-0.17966928228337015,0.8476532831226673,0.3626708872938534,0.17828976240788036,-0.8098146475858421,-0.6646599760975621,-0.8900394681917703,0.800467292071888,0.24009120714710927,0.325489654106668,-0.9999987638834181,0.9615614725412461,0.7098549977958893,-0.4933741497631754,-0.5542185410150536,-0.631691315310162,-0.364752823789601,0.12923254704475204,-0.1533444564518528,-0.38943490275308845,0.20101801102407527,-0.7470559917165458,-0.4081030321550221,-0.30680193939676476,-0.09497556375689346,0.5000509319104245,-0.6057239091513373,0.05586581442300287,0.1463872710620494,-0.8964499803570962,0.2213129440867573,-0.6236636562520917,-0.8684911138798602,0.9549126390450717,0.7910717312936315,0.7915143716599203,-0.44027340019149347,-0.7707868190905233,0.3063708111203154,-0.07854606403533655,-0.7304341025489531,-0.049756931895818944,-0.854557058508951,0.7994146399591925,-0.4432605686358393,0.2647485628001288,-0.3743043335566475,0.16351250914318308,0.15189984425371791,-0.6042778573042392,0.9009922279723352,0.5483257952293558,0.881445816801366,0.8086491515855526,0.12708136411208643,0.8756886879674173,-0.881217191625787,-0.5004679142234049,-0.9471344708392012,-0.3271259599468693,-0.1580488869411618,-0.4678213630714289,0.6712236843772895
HELLO,-0.16316108555079528,0.9479763113886387,0.4920609599989198,0.09312524584540299,-0.7553017530546867,-0.6300707055267202,-0.8584184490066988,0.7867998751446802,0.24485392215548765,0.5027330033170289,-0.9869039117937815,0.9587515938845431,0.6078208135462259,-0.66308299782382,-0.7479781677306583,-0.6967994332942679,-0.2980242463833071,-0.04810459660098828,-0.15694724225088455,-0.5043607224570733,0.18838502806691526,-0.7189556130544426,-0.4649972893354011,-0.20156914473576673,0.00811003852904238,0.4349555538591499,-0.6510815532798276,0.03255234369790941,0.25828272593937784,-0.9467473397177127,0.21641718702333168,-0.7400482787520523,-0.9773179721946305,0.9999987349572087,0.8270947927136874,0.7715074818694501,-0.34960773100741477,-0.7713294352011092,0.40929988385059574,-0.1371183606004608,-0.7402203048501341,-0.0217103838122339,-0.9074464437960394,0.8263617734798898,-0.5483573885505264,0.27389065017441644,-0.44336700705718546,0.10203059744400227,0.05548998415602811,-0.7588207748136804,0.9755723319036473,0.6526841479996682,0.9384751142847836,0.7609960832059626,0.0977870238444661,0.8454095909599899,-0.8429906011223866,-0.6766554503518462,-0.8856368154142105,-0.23674029233076085,-0.21126493003321178,-0.45265475108893305,0.6061055465507602
HELLO,-0.1599843095256968,0.8770136207515368,0.4183956128080638,0.19687110867383736,-0.6439859700947046,-0.6643724673913011,-0.7906710053489323,0.7397189201820608,0.18042699983942745,0.43151757199505336,-0.907206367305328,0.8399119102085839,0.7205239935417342,-0.5810638344652124,-0.6391865108037869,-0.573339213512821,-0.3372353993604993,0.005585305196778834,-0.08403910439715474,-0.44261805245543,0.3300092861771224,-0.75578165984365,-0.39193130878984533,-0.30920045583187616,0.04993570746880553,0.48214766651023017,-0.5553925042160089,-0.017079024978263864,0.15911981333910996,-0.8594299242732649,0.2852135840883603,-0.5452306827218525,-0.9447153957669504,0.8943962198286465,0.9999987774865837,0.5002160713048778,-0.36296275968476,-0.787089354875013,0.38570290108083793,-0.16427060854825234,-0.8270544898617049,-0.1263739809273195,-0.8510639233735179,0.8681252369998618,-0.45332968900869614,0.28524690070657915,-0.46750694596837644,0.07368834949742305,0.02408043699798655,-0.6599100554810461,0.8826634891575557,0.5260912353063115,0.8132725074598706,0.7743359626080322,0.15348539933074656,0.8680669587201698,-0.7418930871257452,-0.5880293032455107,-0.8612668399409344,-0.21220225687726096,-0.28942577168807754,-0.5226427671791832,0.6854998374665772
HELLO,-0.12519133146212613,0.8572804606857894,0.5539094668538467,0.1969422184564524,-0.7075193574185366,-0.7263193007190148,-0.8179073089822311,0.6539111364139322,0.20078311555067863,0.49889451865264806,-0.9472143775671865,0.9897715142250094,0.5704336422421377,-0.5895277480248194,-0.7014936245142324,-0.6088376409578968,-0.33196953575492677,0.05250530451885611,-0.057548642141048545,-0.4497458607690651,0.23030340633381818,-0.7302416767019463,-0.3807298095151324,-0.22836937350541026,-0.04984016606206408,0.48759004201509265,-0.6356005621565016,-0.015059574312791634,0.16455017810133524,-0.8732634837846851,0.2511803374952301,-0.6895434347456638,-0.9394233684047337,0.9999987893536013,0.8334557140450382,0.6480008373120556,-0.37657716208742864,-0.7641107765383075,0.3567718243707538,-0.13922204059372636,-0.7040395610128806,-0.035891191333226026,-0.8313063650765966,0.8272766859059352,-0.43095661178765754,0.2841138938820796,-0.37902919277447916,-0.033034674076697815,0.06911052945826507,-0.6731940545362635,0.989084584997641,0.5360007489483353,0.8616450904619454,0.7511654541701046,0.20159552135740888,0.9663895989265313,-0.8152723003525311,-0.6282626142739562,-0.8488467576074397,-0.4912287380002451,-0.2117644486282095,-0.46540539834283273,0.5767087863822407
HELLO,-0.21504748556979322,0.8877234662937747,0.34470534243331147,0.15394699841600704,-0.852085898439173,-0.6570404478715989,-0.849777209211364,0.669883891459645,0.23153248130505077,0.32964672863836064,-0.9999987735955019,0.947661503279316,0.6101054397271722,-0.5683039123606233,-0.6589011513325191,-0.646437003998448,-0.40664338152574403,0.005239755271046997,-0.11499441189515276,-0.44816475045997894,0.220444941946348,-0.7520881519771366,-0.5019471175978382,-0.20628036369636438,-0.05557044325721932,0.6999282300389359,-0.6533309284398052,0.015117982797095383,0.1734601210699447,-0.8293080498060449,0.17993361406158517,-0.7183216645911508,-0.779413154005583,0.8614073361720371,0.9675637692883281,0.651890009213358,-0.38522897432454806,-0.8001557221013085,0.33749989785281986,-0.11836724747100419,-0.6887289142105882,-0.058301985637500664,-0.9069703807384094,0.7345930808331248,-0.5342921227153932,0.31701171063528705,-0.48966674305238417,0.16573233609615023,0.018498409949277813,-0.6208516978565553,0.9930764929501524,0.48696506196058637,0.7212036688234726,0.7474646875361453,0.1384597765389179,0.6882337995901789,-0.7900099220462675,-0.5838577338042387,-0.8223287624354577,-0.4114741483627037,-0.316502085249623,-0.473610072383544,0.63964706411366
HELLO,-0.19183820907005739,0.981925665341225,0.5357118613943794,0.21293906272194318,-0.6330533451774114,-0.7224037920313335,-0.8665451168829622,0.6528018597886659,0.20455143723834607,0.4184200113926111,-0.8446062364938063,0.9183410742095739,0.6653204593740643,-0.5561710481545413,-0.6596282605661175,-0.6780548905547084,-0.3079365129601288,-0.01170313966055467,-0.21740807886613256,-0.37212091235092115,0.29377643620133603,-0.7434233281655676,-0.4395337011370643,-0.24768428874531287,-0.1310778257781828,0.5174563970874615,-0.5414521308512756,0.06590025151351939,0.2647106315856869,-0.9777550893397771,0.18226332261091086,-0.6364111533454635,-0.9205635703774957,0.9306135573511902,0.999998759680088,0.5758406692251551,-0.3853529745918603,-0.7081528187385852,0.4771962440335906,-0.07251647881068875,-0.713267504257584,-0.062516800258697,-0.9017347729986049,0.8468329909215269,-0.49175030200274755,0.2856417590898599,-0.453122553322316,-0.06794181482297584,-0.028102832087231373,-0.5894753623148793,0.9410559833692568,0.5160003217934761,0.8516352693107208,0.7965920994114989,0.18407812627238862,0.7540786823568479,-0.7600208921593883,-0.5844649276479406,-0.8860118794142843,-0.2946917451069656,-0.2713802656219513,-0.3784897945482449,0.6436985885648654
HELLO,-0.1930503244301435,0.9360246933745621,0.39429971069833386,0.22601799324935792,-0.659602688599453,-0.6779272601253954,-0.8791115252619006,0.7183069643864267,0.2500031267029495,0.44686650802744887,-0.9455045841157959,0.8364693193878322,0.6874833389236035,-0.5237689077396277,-0.4866952575404866,-0.559221138553203,-0.5041243211495054,0.053765227908167026,-0.022625709548483967,-0.3740514521344801,0.241331317240471,-0.6568138129648352,-0.4491832990847205,-0.2345622256177672,-0.10227877759597086,0.5623325938922479,-0.5423228806055033,-0.029099180022953988,0.26216118957422463,-0.9223827301738843,0.22861945530123579,-0.7375737621678512,-0.8150612130499182,0.9763830657031177,0.8883676722099135,0.5408721117163353,-0.368941779973031,-0.7052113005208567,0.27453370747081335,-0.18658536140475865,-0.7749491527684026,-0.060190579106660695,-0.9705727322546267,0.6795494486194277,-0.4403051823628134,0.34208231674502815,-0.4769939350661572,0.12964469632704498,0.19611974258101159,-0.6691396180934049,0.9999987649195159,0.5083129687405497,0.8796911781510549,0.7286180130326642,0.3302019073264523,0.8153975600362626,-0.8053830716096804,-0.6432599155966222,-0.7837457118075393,-0.22866371289677265,-0.119271570967815,-0.39277971721202837,0.6110443822953386
HELLO,-0.19638846791010864,0.8883648490668177,0.5383633254928064,0.26331910468552844,-0.7183343478608923,-0.6199622360936038,-0.8294196401129822,0.5511724983735156,0.24875379325391792,0.38370549638852264,-0.9999987675135278,0.874686693165447,0.6472354401609444,-0.5376777005708406,-0.7115799514858725,-0.6126202095449347,-0.3504877341023721,0.16355166945480246,-0.20055325364436263,-0.43323623134012557,0.23669629110720314,-0.6402019799661893,-0.428633845082022,-0.18966608870149604,-0.20601768262742784,0.4851240887454085,-0.5707518292938281,-0.05887110097400343,0.10986357772166387,-0.9269138615716798,0.259615526287246,-0.766556847708664,-0.8472143230430159,0.9488482681512463,0.9062029242731386,0.585423981975229,-0.3605385346326143,-0.805220596704623,0.44899214916451197,-0.18650806210638543,-0.7485149562503297,0.0031642548655254257,-0.9414977334296549,0.6302301213907666,-0.48559631133970627,0.3759632249933535,-0.3233512302545756,0.06143668739749302,0.02445663459573183,-0.5970995143172582,0.8906730041750658,0.5643391175628182,0.8741700642043255,0.7184225235471179,0.13805965177278537,0.8538048788596367,-0.8251098240479249,-0.6512969898399711,-0.9536707292233989,-0.36316817760921366,-0.12289257788928187,-0.4833139632243931,0.6473993081497029
HELLO,-0.2516958390922931,0.854954557023224,0.3641240301783332,0.1370331468731399,-0.6921235736401055,-0.7024483912607553,-0.8644154212070846,0.7599226407087877,0.20107838665828937,0.38942414679246495,-0.9298803220648697,0.908091037264783,0.6128430192590416,-0.5556177094036969,-0.7406500147778154,-0.4963240543178568,-0.3977824196505953,0.07333405446571556,-0.19207643097465027,-0.44999098046678,0.2027767671886675,-0.7768807551026412,-0.3871149478181026,-0.30398464974894207,-0.024973536525402084,0.7582777106225481,-0.6371705041761375,0.039095920035010966,0.2146256631154616,-0.8170208103651353,0.21604326515688227,-0.7314832960936585,-0.9767066032323485,0.9202104300224708,0.9295687116610392,0.764060968438774,-0.2883222852047129,-0.894643281153327,0.33348904081347186,-0.11843895725294545,-0.6880857039357751,-0.006260167045284438,-0.999998713563947,0.8387158517632665,-0.5369278847709076,0.3732716617717036,-0.4331609826218741,0.008473794498944169,0.17088133726590982,-0.6980859630539625,0.8735273902069779,0.5724154226502941,0.8814333547060892,0.8455673881830886,0.22192766685604629,0.86628970609018,-0.8509313534495772,-0.6730895123612964,-0.9306965844708526,-0.30283634999752895,-0.2917491260811971,-0.4709789274926225,0.7434306905963649
HELLO,-0.21486297624697315,0.9632413882806081,0.41975084616754577,0.0812053859956191,-0.6616635964280541,-0.6517970595206699,-0.7820448557620122,0.79018067896237,0.23097371894448163,0.4545307028275893,-0.9510441958353423,0.8460329489324714,0.6585492316810969,-0.5034425415660604,-0.5832006552846144,-0.5692414285890244,-0.4097304627788961,0.032245681272401225,-0.1037387646999122,-0.4424973085039593,0.18757314683076345,-0.688080696696352,-0.36065483495909945,-0.27404839582190854,-0.15728876914256934,0.5136828493711088,-0.5759469061818747,0.03961519357500163,0.19583441389207248,-0.8567042320504166,0.21106407638014066,-0.6293003148359678,-0.8549338169570782,0.949816782844681,0.9999919844112946,0.5314311116429208,-0.3984406817689398,-0.7862612690016154,0.34461802541002756,-0.00748177728863551,-0.7268132431437149,-0.058760083799339086,-0.8757355936954905,0.8185559667254774,-0.45398792450678116,0.4291139930243447,-0.34742945638077427,0.02072622378102385,-0.028197881768327597,-0.627578887314946,0.9999987754625724,0.5334747036226977,0.7239413982515753,0.7430562187084916,0.2525907146145874,0.8599799427087818,-0.8576734123095129,-0.630259200000839,-0.9161643354121776,-0.38279916675254094,-0.34238070132030385,-0.4012343753794443,0.7210480623209806
HELLO,-0.3295394923210381,0.9330644886646392,0.4360048960943941,0.2609915288511072,-0.6533092549312076,-0.647542794888161,-0.8200356987422975,0.650814839313151,0.26385924551231515,0.3297644224009207,-0.9376296738560846,0.9267912879797351,0.6032524431131372,-0.5019247805964212,-0.5244443870272045,-0.5430723601010803,-0.4883902013932188,0.05467659828577904,-0.0684357277044067,-0.4763032478205862,0.2562686104579864,-0.6473108150868805,-0.46832525789613577,-0.20500689426074106,-0.0674819748225547,0.582231350724411,-0.6299210639422725,0.03607007597878099,0.07458862688608546,-0.9999988088571949,0.2133493808420981,-0.5623760651626607,-0.8138728715799541,0.8517201786227337,0.8762457976719428,0.5316159524527679,-0.38558604583692035,-0.7416536256281965,0.3251959587995634,-0.06935627584334879,-0.7086585868325248,0.00968640553059963,-0.8344494085529631,0.7487224358237164,-0.42045316089427975,0.28672215140485524,-0.3386258834350644,-0.00021408844083562788,0.03478286573849625,-0.5951421549870448,0.7826706372255953,0.5067111310625693,0.7419383826638576,0.7988821629583663,0.24912215264404464,0.7525654713994,-0.7587536174406011,-0.5258545698396537,-0.8129703023060945,-0.3201183532263736,-0.16842890612305902,-0.4744418450683988,0.631467846363008
HELLO,-0.2714413222135296,0.8290782636237914,0.4518068614251399,0.2122561480989716,-0.5961953045124225,-0.6506507987610676,-0.8175905428421345,0.7492445334220016,0.35873939233597746,0.29363660027591176,-0.9708100243700892,0.9999987887003663,0.6229805730164879,-0.503860996981715,-0.6027179584884285,-0.48608565712322094,-0.4468062000272122,0.12197825859524276,-0.025932598674317794,-0.4660527663276732,0.26419431461446974,-0.7571648950947905,-0.4010134426609891,-0.2745416037202719,-0.23066260730415256,0.5783874002933745,-0.5733747262016241,0.11716786299375509,0.21612067770973953,-0.7402677753989987,0.21491348345453176,-0.6449418389351388,-0.8541301109313374,0.8433521367290955,0.7687194639519269,0.5843624681433226,-0.5039136153650746,-0.7523660022584044,0.2819540071471378,-0.17015445879629582,-0.7730627324901682,-0.021759418036724733,-0.9019760463817316,0.8589769310575691,-0.5024816514249508,0.3440611355579979,-0.19952396333698946,0.06174765712483665,0.07959687005311962,-0.6579663976670208,0.8983226136794377,0.47955534217288037,0.8680553254764491,0.7714779087808621,0.05878316604344523,0.8165018048866363,-0.7323574287354412,-0.6133815578465838,-0.9209283104433585,-0.4219641122774485,-0.3282815071282286,-0.3927930813604894,0.6261281673668913
HELLO,-0.19980293984102368,0.9830381011204409,0.5141915828294638,0.161108164771047,-0.6693095834097277,-0.7161634024605045,-0.9149786340209077,0.7431207690557529,0.1480878531216374,0.27414157663678645,-0.9999987676734177,0.9076229535038453,0.7492276359101934,-0.5974372204411728,-0.5958099978973059,-0.6346089968828674,-0.31041339733283424,0.12010884575705312,-0.06171394775468475,-0.5184799080550593,0.23328044968732253,-0.664055067194002,-0.3863240741683958,-0.22427263594337302,-0.08302242725156515,0.5163969997675711,-0.6967288815817673,-0.011711255436184597,0.3472311870588485,-0.9241979831694651,0.09131817462416314,-0.6044918448304287,-0.8048872687845123,0.9643979312430395,0.94711713756965,0.6601768612030038,-0.2718600090757108,-0.8392122979649638,0.30509979375090124,-0.18544708102327243,-0.7616114747755103,0.07881243257434863,-0.8855190095781693,0.8371776636438084,-0.5877180214619764,0.27773722227393444,-0.4843599985861548,0.11173643555121755,0.1898014264067192,-0.5733455307625538,0.865088457328168,0.6338023727443498,0.8509653278402077,0.7036594602176951,0.13360854411991674,0.8053142618956879,-0.8083237592192248,-0.6093788782271627,-0.9837290434265423,-0.26964001924446884,-0.2287772801041932,-0.494815158453841,0.7165919095518377
HELLO,-0.32830724595545036,0.8080518239952831,0.5492475908077837,0.3188547057364324,-0.7243999895289982,-0.6981667128436824,-0.9655712647722449,0.740418940032006,0.174316755321431,0.41408144188166374,-0.9430898008408755,0.8803688032937254,0.6490422803737304,-0.6953109569271138,-0.6654784249433745,-0.6457666488484615,-0.3811802313743169,0.06516614991087878,-0.08045401248050306,-0.5191865499158904,0.1321923834889853,-0.6952041328036728,-0.548871097283479,-0.2585166562967895,-0.163332069042901,0.6757011256825896,-0.591165652337086,0.014927333704291472,0.26431882149537317,-0.9838241415134432,0.1621934534424261,-0.7455697725311358,-0.9337012719018482,0.9110944933580608,0.9722779606346483,0.6840185995859686,-0.5101390119116022,-0.8239923329038041,0.30235970602246576,-0.1339224101899148,-0.6164687370153592,0.008685782378507022,-0.8842298634199022,0.9511050550273128,-0.41632284058705793,0.3001811249870585,-0.4611274069242216,0.038655241156974614,0.05854968319862056,-0.7332219612426802,0.9642856014628272,0.5728590752437631,0.9999987368237158,0.7751299461876842,0.21555602508872038,0.8106111760654993,-0.7765420736169554,-0.6223142933115151,-0.9931924608993616,-0.3538725982700134,-0.20032736895374556,-0.4459996042153057,0.7304630767768345
HELLO,-0.330279371327439,0.8210541184365582,0.4875250705076645,0.14702684326626722,-0.650969003731668,-0.8118524278542467,-0.6907786406997111,0.692141427516665,0.2678159459893646,0.3821934992790974,-0.9024624816342833,0.9993458800765056,0.7136683643545719,-0.5689048681278329,-0.6237573437776238,-0.5518482294117071,-0.23766859306468402,0.05952219945840694,-0.01334327155470488,-0.4185092528230547,0.2739596736836354,-0.6309028314210723,-0.4269283009567262,-0.30372088562436395,-0.015742056555123052,0.5195979266974661,-0.6351198086008149,-0.013812544721806791,0.14641319509219466,-0.8257007418832611,0.2392087586047717,-0.5941751250593506,-0.8160271090135793,0.832564607899001,0.9430148505952995,0.6681539625860102,-0.3426787311923956,-0.7512059340161098,0.3100633387165191,-0.10298175093402681,-0.7808423123255256,-0.010784057399367835,-0.9999987907994807,0.6932161849073609,-0.4782441426740569,0.28127657219684327,-0.3578301467903986,0.030677906811837265,0.0921966862317375,-0.5729222278332141,0.8805059080273479,0.5190376260174838,0.9382783782147298,0.7640671657905175,0.17857405838288806,0.8211975903780749,-0.8059082224506255,-0.6310890482195998,-0.9401991472430009,-0.3840941262075385,-0.16260164987517522,-0.48045987923908606,0.6266485613400287
HELLO,-0.2129354489005082,0.9088342212196617,0.5177027664973408,0.10385185995776794,-0.7157810151410564,-0.7022465572492148,-0.907145573324799,0.6466953015471797,0.2852088455364016,0.3729059179379954,-0.9642075672657554,0.9667019274174903,0.7480334034941154,-0.4509105495831104,-0.7371161551321591,-0.6926528584323502,-0.3903511932075419,-0.020120883769147026,-0.0896709634148411,-0.37506775574582646,0.26592944035716815,-0.7260419780378622,-0.33936632046827236,-0.3490290496421612,-0.08613158175886682,0.5388846675022422,-0.5603257871488959,-0.08853125323458173,0.18821078360797772,-0.9110112309038546,0.16024505675391235,-0.7176763634442876,-0.893317173311695,0.9843301864600206,0.8910288285726683,0.5789428168026041,-0.32941401107079266,-0.8447733607826498,0.3288451212796453,-0.07623285652941851,-0.808502519111291,0.05609878540324038,-0.9999987149261337,0.831356582612661,-0.435258947096963,0.3196269278760377,-0.3385650624013899,0.03705054747848004,0.22337287240656542,-0.5471766659456934,0.8801864031059599,0.5992616870274303,0.8512047951639892,0.8241167236841392,0.20568699229657258,0.799610773140055,-0.778096508996117,-0.6120322004702824,-0.9533583782644699,-0.3872916577572051,-0.21991146264402747,-0.4439227250610213,0.6678930151615567
HELLO,-0.3994667284210823,0.8424128066823516,0.3490079074570473,0.1719636551180997,-0.7241123752355103,-0.7248535959853802,-0.752945962337847,0.6649310818820547,0.1656279054993271,0.41659593763150204,-0.91662916139892,0.9999988332029391,0.604701021163436,-0.5157256453992045,-0.5373485343567695,-0.497569082076994,-0.4087438497844833,0.021833241273298245,-0.05269066086401283,-0.34249024518924587,0.2715410121692726,-0.7528700280033597,-0.2977299429112923,-0.2939061777118927,-0.07079351718989411,0.5237406568140738,-0.6119221568049393,-0.0558332074074736,0.07079063286986459,-0.8397770042779588,0.1117859358026528,-0.681237009739137,-0.8247146177500189,0.684065620708115,0.914722502103612,0.43514686943946074,-0.36927562170370243,-0.750219772306468,0.3753305278257301,-0.11415948292894475,-0.5878830286344898,0.0036157877109967936,-0.8077709755381941,0.7219434333741928,-0.44328275923981963,0.393693849836502,-0.36537903944788924,0.04867944089514966,0.14442511271347405,-0.6316389931659243,0.7505508293835351,0.5285488008095599,0.8781685312445742,0.6582502798976773,0.22186758236136597,0.8270807074854133,-0.9008686202210213,-0.6221850253257211,-0.872096533118933,-0.3365657284629707,-0.2511799617039939,-0.4733598707204743,0.7112260013653797
HELLO,-0.25235078624872886,0.8403671314247396,0.45193831499198117,0.2261432566964215,-0.6706730511726479,-0.6864745797331675,-0.9054724037972897,0.6767780808895912,0.16148098257318716,0.42833942553799503,-0.9999987756723356,0.9445923302819517,0.737728383540491,-0.5435672691564244,-0.6459054809665514,-0.6996532200420982,-0.2868686288137644,-0.023128274281264835,-0.08136865550977856,-0.3698785486143307,0.204617231818086,-0.7223028345345748,-0.5195484959912694,-0.24158164204929725,-0.04810592585820402,0.4919685642339057,-0.5978551420103574,0.030201956276130967,0.21681856320271353,-0.8882364804000199,0.11111483093840341,-0.6778591617359644,-0.838280209465849,0.9308480916785552,0.8743284078186055,0.7380470609133013,-0.4987196175844965,-0.8226375434624607,0.3558155287767027,-0.12952586981590786,-0.8158257692623442,0.017968408573102064,-0.8893805874321937,0.8047636932018454,-0.4522174656472037,0.2924267868867103,-0.4678528516439155,-0.004558367319182706,0.10111621297534469,-0.6073836289602133,0.9224137967679013,0.5725542988180369,0.8253694811397315,0.7750701942383943,0.22680009459180855,0.8212230272318343,-0.8822238161724316,-0.6544053876492772,-0.8400035235928015,-0.25692254352091204,-0.1461261771260061,-0.4336981818154775,0.5703204563879395
HELLO,-0.2515504731482628,0.9999987488374305,0.5031108937337802,0.18452107863185288,-0.6492769446373254,-0.768061836219504,-0.9281746887484734,0.6652084355906625,0.23179364280037032,0.4612051722196012,-0.9693458459642355,0.8860849420650789,0.6642681955716458,-0.6062963872195855,-0.6867488557827565,-0.6125730726126257,-0.4392982201311367,-0.0484289948529192,-0.22032183827815718,-0.5182270308975101,0.2393977305511432,-0.7122737775021013,-0.40980898802375076,-0.23075750302759537,-0.013375031022854401,0.5338312960765815,-0.5757826056204457,-0.07032243539017514,0.2712505405440867,-0.9858171397896991,0.17086840331942973,-0.696956202966894,-0.9661865235652135,0.900643918708389,0.9455116192083334,0.6055189848499782,-0.4874909110335285,-0.6813272157210996,0.40316759768360505,0.04498566550232957,-0.806992708514796,0.050268168234891206,-0.8833391309605856,0.8012243510170685,-0.39461602931763623,0.2999851868978751,-0.3995047779524385,-0.17699278607109456,0.1190954745401576,-0.7137987140792954,0.9055906478701949,0.4865790443803101,0.8569046403719466,0.8181574401283176,0.19667905780833603,0.8889270340877197,-0.7446050305376017,-0.631670964452887,-0.9403296210332418,-0.2897505938892215,-0.15797675572286327,-0.4113972740184549,0.5985199825230486
HELLO,-0.21509718015631546,0.8702142718583108,0.5075737040473927,0.15474514062992023,-0.7589360340161446,-0.6178512574567004,-0.9999988023746128,0.6578630061788362,0.1324864021179995,0.337035007011147,-0.9635092442662356,0.9733394244299474,0.6861626942963239,-0.5662899270792461,-0.5418043824581483,-0.6702721764150398,-0.4468658654883652,0.0991515537971127,-0.09569722508735723,-0.4276080075979032,0.14633974653231063,-0.6033914899298547,-0.5012944774051088,-0.29191202328542254,-0.07049127084201896,0.6543702701890829,-0.5525447576705487,0.05603729200613039,0.14298943538197142,-0.8350506825961937,0.2123835676399192,-0.7264611512884226,-0.7859664613987981,0.9182631324999875,0.9403509090867105,0.5929469079866168,-0.4316563020320806,-0.9092177973653413,0.3624320087714605,-0.049891764659420385,-0.6646368205778416,0.03962546991809405,-0.8966488518505917,0.8494587431321391,-0.4068859655739617,0.2861174678619871,-0.3202838045505089,0.006360440660968307,0.12184360268448428,-0.6816748412379675,0.8266307600724906,0.5905764677651835,0.8983104342825118,0.7945098767882517,0.192863684708931,0.6652031221632833,-0.7930145886941542,-0.5553607627790614,-0.9034562563229409,-0.3773671850629227,-0.12682292012589041,-0.4417513082819481,0.6571607307240288
HELLO,-0.19592024503621105,0.8114362847138243,0.46051169315600404,0.2706546395578366,-0.5555017650486325,-0.6631210842018177,-0.8693461001368857,0.7246931340527268,0.21035361754858792,0.4863918960789651,-0.9877488393732996,0.8921977793366026,0.5756248783974582,-0.6177171662217096,-0.5927952687762753,-0.5635437782473554,-0.41798691831441326,0.09457495548984073,-0.06445947572325549,-0.28693276644719445,0.22061472464522686,-0.7361379056322567,-0.4627383492484665,-0.3251576898785576,-0.009430273808147224,0.4601200358795002,-0.507407801590754,-0.024965590063991717,0.13736488610053182,-0.8866295738069,0.16552156836763787,-0.5810797350892676,-0.7318480316709004,0.8286961806101851,0.8747099158753436,0.5867716449728151,-0.34529564901954796,-0.787649323298477,0.44030052561542266,-0.04646197909510449,-0.8029006676098263,0.02216578365725073,-0.8088853893174628,0.7619844900674089,-0.4844708278430467,0.282502054895612,-0.39493303552388953,-0.06204683452459099,0.01006110682974773,-0.6050173174493675,0.9999987908339942,0.4952072591423269,0.8114234735088979,0.866729968284704,0.12240035972767355,0.7157496359416471,-0.846220039258223,-0.6282423237442787,-0.9854811675027205,-0.34566858597781064,-0.15803076493778606,-0.5201098046145841,0.6412919836850763
HELLO,-0.22558416025374792,0.8938807080751933,0.474353824543348,0.20910337675538673,-0.7368323153207047,-0.5928001127465268,-0.8037471732102254,0.8046186756576411,0.26489239275210735,0.3168806894260206,-0.8986033813317931,0.9782379167063433,0.5673695890623845,-0.5872188281353575,-0.6174366452473189,-0.5277916422172555,-0.3453176961920152,-0.004510704801231683,-0.030069589443045403,-0.41372410987662034,0.20717421519820906,-0.7395242288712537,-0.5158346385726839,-0.2734222479086447,-0.05661921408031685,0.5448413814861491,-0.5728767947498332,-0.02548894318464317,0.1755622658660634,-0.8850022228157475,0.22635187966200948,-0.7573138857695638,-0.8949953849237557,0.9999987532586796,0.8981386696837328,0.6161721430864611,-0.39516183878298466,-0.7047986142841106,0.44794324557605103,-0.06904386111187194,-0.8146219505401622,0.012769384720032157,-0.8933914899848985,0.7729576778881732,-0.5354478250658601,0.4304827752608535,-0.39434732649288334,0.14070432652754938,0.1553329158077911,-0.6032221136355976,0.9649303761480484,0.46153308856004827,0.8895961182075822,0.8759290105135076,0.23776222373980352,0.8511697615111357,-0.7141523001190352,-0.6179840597634806,-0.9457955714564097,-0.3388392001666168,-0.17428566961161854,-0.5631920199888812,0.6735188933612561
HELLO,-0.20554327279749526,0.9078531198707422,0.5472033269289146,0.2436379458801623,-0.5687077881953275,-0.754262733050521,-0.853804732597291,0.6863678330502869,0.10393447205519886,0.29652735926640206,-0.9495314908071275,0.9763690371797625,0.6516527919828013,-0.7042218576176299,-0.6973798608744592,-0.6495904919654067,-0.3509404468668712,0.0497550858275257,-0.12352329520155153,-0.4526559701521362,0.34179585546104496,-0.8053005704476179,-0.4715022826050011,-0.30589167285725655,-0.055360433238596456,0.518723106173596,-0.6077526371355181,0.039796122619830114,0.14515346003864385,-0.9098025497370735,0.1561037942262536,-0.7479460203468449,-0.8863984714928606,0.8149309599803302,0.8181921221216958,0.6672037000805394,-0.33376960264671046,-0.85577274890136,0.33530886596918125,-0.05834501121632095,-0.8492953727575033,-0.0973530753636633,-0.910336462144483,0.8407626170874422,-0.42682902134436906,0.19631132048537683,-0.4763330222193337,0.04211152419494078,0.12267040076378255,-0.5925465031645218,0.9750965788256353,0.5753073180819492,0.8771501802469507,0.9124820505760365,0.1301992656378277,0.888980448006992,-0.9080348153118808,-0.5897311637021375,-0.9999987171069694,-0.3108202033264558,-0.22131327397586698,-0.357426301904312,0.656750187664069
HELLO,-0.21813060969604905,0.8290270352891648,0.4336126602554883,0.1982648129662481,-0.7616644583355826,-0.7550517759647623,-0.8228450377995716,0.7031434405573123,0.16058652943605964,0.35980908706623504,-0.9746550590174333,0.9205671157021156,0.6734689601577252,-0.6864759985355434,-0.5328327731494114,-0.5340837954868864,-0.522267953790762,0.11412443205747135,-0.068211003424313,-0.40592266015203066,0.138672913253976,-0.6393050193014671,-0.4188279159248653,-0.22650352479032757,0.0494286026746328,0.5698203664731417,-0.6396911978324484,0.007277868417683148,0.1317272990176017,-0.8555749260171379,0.16013771173996064,-0.6693903687005041,-0.9237945441493276,0.8648204863320956,0.9161503540770962,0.4365302211915593,-0.36415070587506015,-0.7850935085143087,0.3117519079162641,0.006897340093890528,-0.6766955484061363,-0.07600110588912842,-0.8544345745943991,0.8715350477157022,-0.4610240792212943,0.33798349852933923,-0.34556353397388784,-0.08772251207183421,0.07947187110192105,-0.6273101540766345,0.9999987847030862,0.555267835867464,0.8365104474186112,0.7622555206863211,0.2525499343026817,0.8091076706853007,-0.842591811373358,-0.6079067436257628,-0.8271329395334109,-0.30949143197945483,-0.21377429745326565,-0.4329672496230358,0.6052092234279107
HELLO,-0.266268879281888,0.8705231624379345,0.4510308426265805,0.2849062816804623,-0.7645969108528727,-0.7400251985663007,-0.9740320916679014,0.6482778669796572,0.19289473595040119,0.38217670786643765,-0.8591385369999477,0.9334556302106074,0.7546188512383154,-0.5211377605734635,-0.6573773623643825,-0.5074580902522817,-0.3793297599794211,0.14584362221016917,-0.04942166626519946,-0.39643111547925525,0.2739721129853715,-0.6903754263344379,-0.4932048718370788,-0.2669309705040901,-0.02097378970228582,0.6739065699409914,-0.6536144695670315,0.062275637452539646,0.19664190020203048,-0.9256859673690258,0.2402518108765822,-0.6532444844941239,-0.8463165170128486,0.9999987346636451,0.9922990804568151,0.6440123226571958,-0.27759798813167774,-0.7443064476893861,0.36714103875639703,-0.198166895333292,-0.8276949231505722,0.04927811765208462,-0.9825260750828442,0.7649083146970198,-0.5363207802686053,0.28554394979051045,-0.3273803420586862,0.03071190248441115,0.007740969645525447,-0.6360600712915508,0.9647540727825796,0.5266907842415143,0.9629115528276648,0.7727115768448316,0.2683232421401955,0.8918570381412494,-0.7744892541089734,-0.6849961145031785,-0.9144849382303034,-0.35696767185245015,-0.31534290359815725,-0.39299893647727335,0.6138272808775574
HELLO,-0.2975580651304975,0.8628616539432521,0.522817591512796,0.10495881913425213,-0.6685333431067267,-0.6411301252905497,-0.8753838072957196,0.7998482848625356,0.2570802232844601,0.3673495576581981,-0.8948432711159441,0.9379863997377272,0.6802604377877813,-0.6137263770007901,-0.6235246731659042,-0.6865224174475913,-0.3987787639617833,-0.0285145303780459,-0.06518941024551685,-0.38671978432083953,0.2115101786879122,-0.7725060474461742,-0.38651493183379054,-0.3206862736721623,-0.082389384607076,0.6619378464666978,-0.6706032126683901,0.05302841491503229,0.21060665905033554,-0.9401667664577951,0.18902821685442966,-0.600255057689926,-0.9340534336882924,0.8077007319683669,0.9999987130631964,0.5577205611862621,-0.35779920471301435,-0.7425360957663276,0.41987643436261074,-0.054290001643151106,-0.6482768724092505,0.05227676196061814,-0.9374687240443839,0.9479705864048595,-0.3837816095492986,0.448464329847414,-0.41937339351575875,-0.04580476286544905,0.06058491512901354,-0.6036387248447002,0.9771625589546271,0.5532392910293109,0.9410369877987452,0.7183468977598063,0.21066953557328344,0.9406499825265632,-0.8119879044649155,-0.5814855731661669,-0.8336360910008941,-0.3639182326583775,-0.27124885349823313,-0.394273419534459,0.7522609508297018
HELLO,-0.2088812736760649,0.8619214423593499,0.44872447089541234,0.11363163056680722,-0.5979493439454108,-0.6001289761734664,-0.9338678733666742,0.7605625260886484,0.21996207399512668,0.3406200889871492,-0.9999987913447995,0.9313056075879849,0.6188592853552777,-0.4463079956011424,-0.5577341026649446,-0.5836210732953236,-0.3469547017895964,0.12830316066852254,-0.08045058672134899,-0.3735289113883127,0.15706664419575964,-0.5121222860115111,-0.46862910120359974,-0.27732374515110225,-0.18495378407684482,0.5840481138633525,-0.5716533312325444,0.07377501217114212,0.07361922285403205,-0.8098401465783913,0.15917988139671294,-0.6461611655629664,-0.7848268235600923,0.8838656092131022,0.9205219300782251,0.6446902755905906,-0.3519343325231121,-0.7986551987026097,0.34621854005459307,-0.10293158613733368,-0.7850416513086534,0.050864428009797756,-0.8829778227955057,0.7960825084297861,-0.3944170691166423,0.3070346476936487,-0.3751464236485573,0.009521055259574378,0.11106308148743463,-0.5908031905727493,0.8678400506188817,0.5213266109414866,0.810062704476621,0.720939062462586,0.08478120909186902,0.8018862369854527,-0.898662529662547,-0.615892260271479,-0.9164882721263838,-0.2742157249622188,-0.2766165479727486,-0.4881768850478131,0.6126719232681032
HELLO,-0.2724675395103437,0.9364459867028296,0.3727041951263477,0.16471102857672504,-0.6330297863728227,-0.6005137666034845,-0.8611046863880386,0.5810962336937969,0.18296952909259923,0.4750004766722513,-0.8929800800369141,0.9056950874012331,0.567790247627752,-0.6149723635932053,-0.6026821522224473,-0.685336631435789,-0.325126012093499,-0.0032282272602822243,-0.13059964280014347,-0.5079753004863892,0.18889429903786822,-0.7543968008565106,-0.5321033917382492,-0.2214543129604822,0.01395877082727798,0.6081106155425556,-0.5294599085308384,0.002453816183853669,0.22314891154204677,-0.7880590774670535,0.21218468840369795,-0.6954264570806267,-0.8549475834894052,0.9527483489360187,0.8791263354067318,0.38804589924512256,-0.45785921866032364,-0.7886050645492454,0.41101348858490305,-0.12975914040252828,-0.654674068509409,-0.040352590043276196,-0.9999988140332958,0.747555830724389,-0.43727159196775006,0.3239268482920749,-0.4317128312489423,0.017254657797252517,0.24783165055011833,-0.6711341845688226,0.9302385705825713,0.39774800994912496,0.8851911950546089,0.6962899362627677,0.2096129486407078,0.7239407556304503,-0.7636076188480059,-0.6307681740572771,-0.9053536361001838,-0.30523482472712177,-0.23676118678886005,-0.41131990966115894,0.6124782119063948
HELLO,-0.2344034642341298,0.8829240385203381,0.4200726793766538,0.12833099038748016,-0.6852791659109017,-0.5827413234626804,-0.8328752798519344,0.6456710997070915,0.21599539513324886,0.42321116845259005,-0.880153924056535,0.8349018761686524,0.5912176957191116,-0.5868353737985164,-0.6260451919268307,-0.569623327793921,-0.3544099008878238,0.06932670764986253,-0.04891732605940839,-0.35581809284362553,0.20413336134868154,-0.7553744915106558,-0.4374206798522311,-0.2694939215115446,-0.03424287024749317,0.5402970711812894,-0.609678016150831,-0.016472691228054875,0.17148363612516618,-0.809029347185948,0.2988493248971191,-0.6383227800013822,-0.8291899357994632,0.7809284239091917,0.999998812311881,0.502850064764019,-0.3017141775791173,-0.7862393387293476,0.3145051795497264,-0.1796451781311908,-0.5751218092789816,0.003987825978786405,-0.8835382283149752,0.8304900398365588,-0.4970399546341202,0.3089508788622965,-0.3544601316485928,0.007721810443929264,0.16000338477890205,-0.6118560525953642,0.800120308834153,0.5049309348761494,0.8499776012950695,0.6972312401118134,0.13766519880690714,0.7692487581337404,-0.7094657516811423,-0.6066536573976178,-0.7793377680791055,-0.36844341188669366,-0.19224588524239583,-0.4610055174754873,0.6694809953006556
HELLO,-0.3129227545300591,0.9245484020460797,0.4595197011279383,0.153448857709455,-0.6811782744033416,-0.5775834818391796,-0.8536948649965644,0.6715024419114078,0.12381517050053453,0.4367226427214414,-0.9233129035602821,0.9590790131119294,0.5593932874126277,-0.6326385126471529,-0.550784212355723,-0.5974204704054937,-0.349369942917362,-0.01039305536669934,-0.19256683138176575,-0.3468437243796395,0.28150727089550903,-0.7696290142775136,-0.48348221634576116,-0.26732383289009143,-0.13443017073200075,0.5063258119603806,-0.6621695211054394,-0.0007883631488687828,0.1098902565907261,-0.9515715189039938,0.22799127210265183,-0.646112405632135,-0.8189453427324478,0.7751637162394398,0.9089655379372733,0.7281641862507544,-0.40385777311141974,-0.7345891226743961,0.4091513062072562,-0.0640064239786004,-0.727174275295201,0.02510135999735684,-0.865709085104084,0.8372481913675475,-0.5386974895468636,0.2129639719532737,-0.46202854834734086,0.022679272300720178,0.12733082313372177,-0.6821197700982637,0.9724020358146247,0.5061137390325646,0.827342428539476,0.7192645278658651,0.0760826783829089,0.8369793902977677,-0.6983666379301497,-0.5969022166905977,-0.9999987807389723,-0.2931765937295159,-0.3162229508238449,-0.5197627692362282,0.6267771109094067
HELLO,-0.24657209405647282,0.84986484957094,0.4527704614048214,0.24532786128112097,-0.6433907673506603,-0.6181431836121181,-0.7749602323624231,0.7936894414662917,0.1912671240710644,0.4762846668322748,-0.9423885501538484,0.9847672841522924,0.6852155431572252,-0.6409818553227243,-0.7101975700089336,-0.6480125147924539,-0.38744116958604174,0.007144291865942566,-0.11115224277632574,-0.29142971591423444,0.11625518849394015,-0.6939946514179209,-0.4255817545845973,-0.24238382373574263,-0.11635106418517992,0.5689064707336551,-0.6006709390655984,0.009748415030416685,0.09102462638781432,-0.9343374340673186,0.12829527685860856,-0.626589504527113,-0.999998732887176,0.9752328509343671,0.9712285518441388,0.6526963890905104,-0.5332434773372243,-0.8364903461122885,0.44659519945301407,-0.15419040929927605,-0.8345736380818316,-0.0501148805773514,-0.9482974139300548,0.7759090881256362,-0.4108754840608663,0.32539746025501953,-0.41693174840798924,-0.04176193838248594,0.1253919356454319,-0.6096707731636213,0.9018358227912566,0.41611486650260765,0.9170556938218457,0.7886302297017002,0.2197725141107671,0.9792976527513618,-0.8359822331197921,-0.6489129969891898,-0.9946866536163989,-0.3739155674648124,-0.21552001317686942,-0.46018519264997876,0.7756672733736673
HELLO,-0.21529054517810758,0.8749734796603611,0.4113513648437964,0.20966359812859173,-0.7296159499078003,-0.6631072446482064,-0.836139555043521,0.7043106993634353,0.15954937784146234,0.27391959794795606,-0.8694254621446407,0.945541740189546,0.6776474674265416,-0.6593200676150588,-0.5390032154817177,-0.6488956132193353,-0.40129594420689657,-0.016967917025522698,-0.2427910151628911,-0.338237703964791,0.297977865372234,-0.7165913985393805,-0.448921568220524,-0.2849693728973103,-0.10749586260654016,0.48535917096217024,-0.6064221909617543,0.0372697548370377,0.24344738451226483,-0.8879122145009222,0.11421417571939156,-0.6239966682737138,-0.8680059709162185,0.9635660257002552,0.9999987752379714,0.6940217803629829,-0.41727319719558137,-0.6665545216278114,0.38251763713478143,-0.017681876830949503,-0.7714406199836505,-0.027736917071928713,-0.8956403001723624,0.8114128339862599,-0.39585708941430847,0.3042666375037863,-0.29765578812868426,0.08416633153522152,0.07846662804151394,-0.577474121011199,0.8912252210601267,0.6830777169002161,0.6980919313971822,0.8149210387916062,0.08378617935499025,0.8128940820893908,-0.8116404895478234,-0.5034332169995922,-0.9335674443826547,-0.2621858791006224,-0.29033861857034143,-0.3656013407290677,0.6151523353985764
HELLO,-0.25097170720668555,0.8969944317491172,0.5543887571317575,0.2702997743590499,-0.6726848478881517,-0.7743234777910386,-0.9460177915107659,0.6806546425773624,0.06288410466788912,0.5043044071024955,-0.9977733248729029,0.9359742297533561,0.7726820583447686,-0.6164724306825007,-0.7018600671797842,-0.6594334903296347,-0.47101859469949514,0.07237361442028684,-0.16246862250482066,-0.45771133622622234,0.19010270021455178,-0.741362264525966,-0.41822806166129584,-0.3054234172705861,-0.11236096518012761,0.5759078885875738,-0.623586504964554,0.030984162097772803,0.14522304364011548,-0.8602215053296288,0.22530843727388192,-0.7034521883136905,-0.8643587035465399,0.9099521696535776,0.8384058361588917,0.6501280484036582,-0.46305559223544107,-0.7603157130150915,0.36001500691072275,-0.07227735422259826,-0.8102982710016401,-0.005375008812619361,-0.8717044990857241,0.8169361148884844,-0.5291525298268935,0.37288086124300623,-0.3431962494213073,0.005949250067525587,-0.031248684649184472,-0.6810125278317761,0.9999987264462287,0.5112819259198004,0.8948643590063089,0.7626670566952004,0.07645348072641267,0.8166341567917066,-0.7956595902821562,-0.7704236745872198,-0.910626568024382,-0.431448092698793,-0.18809654745894128,-0.4204327058831052,0.6589145842042403
HELLO,-0.25033453411068646,0.8146189903567402,0.3636351080519034,0.290464549849267,-0.7102814245714465,-0.5647791245987446,-0.8974377305915956,0.7324380713008292,0.1255071402491686,0.42965266888994413,-0.9372853109355821,0.8809123026196434,0.6729328813921519,-0.5787730356335553,-0.6945636433968123,-0.5605536757560183,-0.4433187761185409,0.07829552900202699,-0.07207601481273994,-0.422141162603966,0.2848696965474671,-0.6613401233589714,-0.4395547613140185,-0.17199896682663576,-0.15240241586389727,0.5234125771289933,-0.5872960688480622,0.06345886489676199,0.24365288785358036,-0.8053041063532365,0.21927288366623032,-0.6475253909075864,-0.9419188100432602,0.7807393611303696,0.9971110257431332,0.4805600562163401,-0.42098584261389205,-0.7017509183795094,0.3652472609245746,-0.05905265186687896,-0.6911056223131508,0.07868562758892408,-0.8737057310442368,0.8233060384436003,-0.5051271986763922,0.3462152039348477,-0.38416429921505696,0.011311330183711561,0.14295112874841856,-0.5493832197314052,0.9999988034821238,0.6238353173012174,0.8962685436363067,0.6529415760648486,0.29676516795406827,0.8625663382877374,-0.8336199883605652,-0.5384114618958722,-0.9326852355107711,-0.2973825107875911,-0.29186641235078026,-0.4860883421056057,0.6718166347094632
HELLO,-0.18292139152913178,0.9170411218613269,0.4438145053707974,0.0648037652422392,-0.697431319176027,-0.6513106726607133,-0.8989963200355565,0.7271925341983653,0.1896512901589121,0.39400743114576,-0.9491956252320769,0.9180438293663497,0.7512183907497023,-0.709565188595407,-0.6670267424006131,-0.684055726015418,-0.3758834438668725,0.054055758032972384,-0.034544817306229166,-0.2940793791606762,0.17448859471904682,-0.7172834692627186,-0.4013726238908264,-0.31551322003201476,-0.04833697993923933,0.5525344287756794,-0.6639569536235022,0.010939465489974967,0.12184636586216409,-0.8379889624207866,0.33222455859873656,-0.6403495762185735,-0.858516412889363,0.9026451631093734,0.9999987564106322,0.6858031080554635,-0.39595966022548534,-0.7848231827868425,0.4071575793763751,-0.18982195719375344,-0.6766474365338152,0.09827421544938152,-0.8540060984937797,0.736992032792284,-0.6024594213124133,0.3674453261066581,-0.42191474195349876,0.05778400374513084,0.18839618211476902,-0.6679077610645117,0.9108765727295732,0.5646500934859828,0.7938114777425083,0.7384818567579996,0.1963414227719889,0.8207391771039515,-0.7809636880198823,-0.4329288258571901,-0.8987164439614658,-0.39988495098883153,-0.1333181509851254,-0.5537485489768024,0.5677415821438377
HELLO,-0.2681572086092926,0.8225343886852826,0.39583724712301277,0.18181648927833277,-0.6243282392765579,-0.5781728091691166,-0.8173086118114276,0.6489361924925754,0.24724513802937004,0.33975317847950354,-0.9873864306369479,0.9448735525385852,0.6852538552643619,-0.581560159097241,-0.6154884953206027,-0.642670771951465,-0.3453967412112236,0.1468381099298515,-0.0857949101761777,-0.32837122550303516,0.2558948668853855,-0.671077490136526,-0.3238971841051994,-0.2054240471222119,0.001959497903507768,0.504113500110587,-0.6601550373056507,0.08730010693219217,0.1923731379282075,-0.8614891972302205,0.18622137811058254,-0.4647004040977424,-0.8469994613593435,0.7859485660080748,0.8717200799625414,0.6427419025719292,-0.23116855056142765,-0.7106809022303447,0.26904306185918964,0.003242680949109845,-0.7046961551212331,-0.05770831099724692,-0.9295099570569376,0.8105867033061025,-0.43513037699773915,0.32260332831077415,-0.27565676037756576,-0.009306054076034685,0.16642007978772133,-0.6168331057844022,0.9999988365826439,0.5469800512099766,0.7645820406603661,0.6171380598335716,0.22929350828882,0.7635388999775626,-0.7750573358550853,-0.5213478162715767,-0.7877680951026996,-0.2539576671667473,-0.275565175712625,-0.3426808728749856,0.5782507082636694
HELLO,-0.36027045687698755,0.760899074974534,0.43902741154293234,0.1251420781966448,-0.6374395950012741,-0.6129929429598959,-0.8228475644732117,0.644783748901198,0.11403844164566222,0.38378497676588524,-0.9999988509889886,0.8244795860327406,0.5578667000398245,-0.542593178933903,-0.5971945004085644,-0.5268846874841828,-0.268912868063878,-0.018704349710110486,-0.010624145221968976,-0.4285789880948691,0.21554409098107546,-0.633411478084159,-0.24168231513448163,-0.2768371606336628,-0.18398530306512914,0.6098956328592741,-0.6000027798975062,0.005395379331575981,0.1056812385631487,-0.8544212812752698,0.14943139404092431,-0.5668523010261071,-0.7949752908918821,0.7861120863331573,0.9132395265999543,0.581612821929933,-0.4652579774914339,-0.6868092121816309,0.3493180035202714,-0.03012636280986758,-0.6877324437307779,-0.05435099150865977,-0.8677252254350003,0.7986874468793411,-0.4877424001352319,0.2734885380861737,-0.35888980602154175,-0.029138628120645965,0.04242180334474216,-0.5694560177656192,0.9323756616108313,0.5240292987193209,0.8053478427886817,0.6781005935695928,0.2428986144933971,0.800486156014798,-0.7971246483036238,-0.5072826132676976,-0.80391415411131,-0.36785356378251965,-0.210481868588471,-0.4486660329689884,0.7556550332216443
HELLO,-0.21963979540194958,0.9212978310407541,0.4979595643885478,0.28605964161703423,-0.6993963579809235,-0.731387286734796,-0.8385252537805816,0.727894174997216,0.13657665874626795,0.34012830238075437,-0.8709990694478004,0.9565577797732542,0.6336749909914292,-0.5952636439327696,-0.5911440529393323,-0.657377370929172,-0.4864319279995676,0.07050518608754847,-0.061132103368633374,-0.349307917577509,0.1904419899719425,-0.647449204792092,-0.4060135452655837,-0.19140751616099397,-0.05247141918681177,0.4795182918238934,-0.49589310702064004,0.03198997549844723,0.2228615028529903,-0.9999987387791881,0.24888690361739002,-0.5953151610146548,-0.7556622585156186,0.9941407190724099,0.9745736838082439,0.5249414030584548,-0.3859390292615024,-0.8492431545574106,0.38659159293411316,-0.19747224541054348,-0.7759625347880087,-0.04234687359427315,-0.9741501606854817,0.7920477217423741,-0.4953378716959097,0.3460101191882541,-0.5375158607339738,-0.10936399928075341,0.07290093396180132,-0.6484205128882992,0.9595253988560594,0.5093174126519009,0.8874852240134515,0.8047218392917934,0.15123558724767935,0.9152320830350489,-0.8192419720694321,-0.5790004498847146,-0.9133686091752332,-0.21981542032149573,-0.18703461073752775,-0.4921803419700718,0.7151479671134119
HELLO,-0.314328433515291,0.808713442042538,0.4305902758987814,0.18285247198369523,-0.6306888831260107,-0.6684632269645989,-0.8303021828875774,0.6573001340009021,0.11801445359592973,0.4687125940031764,-0.9999988877898932,0.818235035722267,0.5977325276676826,-0.483685023282973,-0.6171390164679201,-0.5003144195651502,-0.42586965809269495,0.012572268651710437,-0.08658621569804086,-0.31366988470911367,0.12096905038742883,-0.49444188224057345,-0.41979607561245186,-0.31078506434501857,-0.05021882290011202,0.4881121634084654,-0.5620270874932599,0.058454765073932345,0.07952138285870688,-0.9017644499997752,0.15815693871442907,-0.5263715788977278,-0.8048177176095697,0.8877379614796819,0.8953980829742064,0.5645390162862862,-0.32880464955497296,-0.7002747172012403,0.3367313181558798,-0.12686768800183076,-0.6865097041441234,-0.06808388791479279,-0.951474064596421,0.7897983854986703,-0.420514526748289,0.2895597002095385,-0.3129089936033782,-0.010355831519637778,0.02745305608043512,-0.5765887446618566,0.9117234783302397,0.42461453176517283,0.6360118315293707,0.6736141731439147,0.23776267321866798,0.6543928120737195,-0.7979286448472321,-0.526353525473013,-0.6663706599992568,-0.38636183161132415,-0.2757870003936545,-0.3880574810196014,0.6519928426449593
HELLO,-0.275355329250934,0.759881846323363,0.46641648466038066,0.22389690826260122,-0.5478091060524606,-0.6144383673659549,-0.7902614576732612,0.6799863114206646,0.33699190371367316,0.3715979384112063,-0.9469667931724188,0.9999988128203662,0.5439613884431157,-0.6560685192413581,-0.5972726929487323,-0.6014722271233757,-0.38536659421969416,0.106023188553953,-0.18317977469452845,-0.39274872537377437,0.19108764309879658,-0.7376786969977612,-0.39848938845623777,-0.20323477802168988,0.042430252151697274,0.5760818702438433,-0.7195064797619011,0.02477417997903131,0.17849655337909642,-0.8059393192179668,0.21525024399110654,-0.5514531981845348,-0.8029298559739714,0.945181094412941,0.8584186753574353,0.5943649624975712,-0.32206508656675625,-0.7981816130962853,0.30305395965512333,-0.15103728466308608,-0.7624062919898312,0.02185734495186258,-0.9933354801990953,0.6851381557520946,-0.3476236540316558,0.2656680306462538,-0.34577976328014187,-0.050275261299569635,0.09431270840621135,-0.6412944989355158,0.799186689359379,0.6019695709312671,0.9050186053156405,0.743597111793488,0.2452842736444446,0.9143223155254239,-0.736892133620871,-0.5490034256085403,-0.8520255895654153,-0.293229336139615,-0.23305797174397674,-0.4507404598416718,0.6511972140362007
HELLO,-0.2756323024823405,0.8632080475472456,0.45588844207743867,0.26452357120558406,-0.7454905327582924,-0.62936472723784,-0.8197604285474681,0.7678048576006192,0.14915463478938162,0.3049273271323797,-0.9077000502137501,0.9349071318107901,0.7149387241391174,-0.6082828409129601,-0.5785491947678661,-0.5573735060864732,-0.39052421541204746,0.074249912398815,-0.11027505955099434,-0.460687080333198,0.25240850762822664,-0.6087748884622838,-0.40708023817461103,-0.3523157656311369,-0.12852498978473723,0.45111146549605396,-0.5109208770806549,0.07489297179850903,0.15081035986491684,-0.9783217459550281,0.1601592365306312,-0.6866276724107255,-0.8479718341029088,0.886729457849501,0.9973586880746532,0.5634722916317395,-0.47655539079192405,-0.8616367964564297,0.3606110544701226,-0.16234890109464453,-0.7606408411274451,-0.037358599191726426,-0.8541363707873536,0.7682862001988592,-0.49717818673769076,0.3634090655289249,-0.4046890422624506,0.06542282139868763,0.11214315114975291,-0.6105675834398256,0.8530913901445094,0.6161638287592643,0.9999987718510667,0.7763929762721962,0.12812322619886263,0.8307861497969309,-0.7478432076680999,-0.6351824215597702,-0.9015611618240993,-0.3223138880191776,-0.14487729185542353,-0.40169111683658043,0.6961435702083659
HELLO,-0.2829818799457028,0.9446425579459315,0.4270449422712871,0.25504762000409065,-0.6280412102265884,-0.6661860952671353,-0.9245042108982211,0.7336723603078309,0.3212914135640438,0.40192435089731327,-0.9106492671152605,0.9797672297583933,0.6565780772583487,-0.6722386342746139,-0.6352936767122016,-0.6397511918304343,-0.2840478478815658,-0.004332159888993184,0.007455886893471725,-0.4015576354092172,0.2521498818592098,-0.7728833624618565,-0.4037756165851755,-0.24235273861430745,-0.029848810267513164,0.5191507784629474,-0.5227414018915526,0.05205441534681315,0.22719521953162186,-0.938891926752013,0.16014832535000462,-0.6671859744320521,-0.8749499359968025,0.8270228903646833,0.9999987255895003,0.6923387824593311,-0.44489823539001316,-0.8855290869281731,0.3563567474191712,-0.120509856449377,-0.787518622631578,-0.013716270517337203,-0.9352955767809966,0.7474407339405779,-0.5717219740288143,0.1579272021780289,-0.3238723337932273,0.04189010878299475,0.1620145369045779,-0.7150969276836132,0.9590649766765976,0.5747003119928626,0.8603662296755663,0.7060901586774392,0.31087145556067375,0.9493885965693971,-0.8634240866027479,-0.5873962381395147,-0.9581985051830771,-0.41958901688143907,-0.11055926701829992,-0.5717132856420993,0.6521220078337253
HELLO,-0.24451688446376954,0.9999987557634888,0.5176269493630177,0.09237346980894179,-0.6849617642368802,-0.6835284911215495,-0.893962952036421,0.7675350241851432,0.11363446871244484,0.38880441109922825,-0.9246218534624753,0.9777640359570747,0.6711152926715309,-0.5906104953539856,-0.6408777539482062,-0.5842093902090421,-0.3876012881584748,-0.015530667957697504,-0.21222052462400007,-0.5082895853553661,0.31322866873949573,-0.6674541668268767,-0.4204187533256833,-0.29427521708641396,-0.12316016084947326,0.6357344254346365,-0.4794046675767031,-0.00932498619289349,0.25479983695821223,-0.9011739951406625,0.20088237857688332,-0.5623335471771909,-0.8665183295726351,0.9120690124074654,0.9424157766701063,0.5128192805055946,-0.37102810738643394,-0.8359517703677982,0.278354601778339,-0.15131516565740813,-0.7851235255187315,0.054469169609314576,-0.9931095772529057,0.7657283713168699,-0.46557167316113934,0.24106580527244045,-0.4158395395086817,-0.06359915285120098,0.15022540846314394,-0.6461332982728869,0.9338486640724469,0.6047151609883004,0.8300113417036851,0.7666044866180758,0.12918107169506776,0.7740066732559319,-0.87649138807545,-0.6358694824095054,-0.9292905308727973,-0.32977227473371434,-0.2770630823969762,-0.43530848047018056,0.6846163540725206
HELLO,-0.26675293831000735,0.8104062355734288,0.44684886393362283,0.1757997815777835,-0.6419304168029043,-0.5616676137359696,-0.837456455647691,0.6592687289141925,0.13953697057161354,0.3455184692011337,-0.9999988098130312,0.9503558963942191,0.5001692708564578,-0.5187455873266058,-0.6575583619550033,-0.6333854232072867,-0.4262199897704918,0.13318611553190862,-0.12862611232112103,-0.3505272598042387,0.29039487831121147,-0.6767873814068748,-0.46696956067452616,-0.26761733450717684,-0.12782658737510003,0.5130971362466252,-0.5775419615776087,0.019123114120709512,0.2005093325792604,-0.8305292780953288,0.19681467801752936,-0.6034104587469623,-0.8609639287548961,0.9330540377532978,0.8530494764591403,0.6585245955063548,-0.45991362414377945,-0.7887904393098604,0.3311385003140879,-0.09736493537165476,-0.6684661116529226,-0.08353530044641555,-0.9525988923358153,0.6960418580432458,-0.3807917745907265,0.3272013241730139,-0.4230886618163692,0.011847228425386939,0.15927619590630296,-0.6166820866226909,0.8741637610816467,0.47744074368096534,0.7759408360599165,0.8222882167260455,0.2860436393155437,0.7447464701309285,-0.700026175922959,-0.6079438032497428,-0.8342662426307627,-0.24870239796408622,-0.22062515629310217,-0.4549354544178979,0.6736863654189778
THANK_YOU,0.319955518135158,-0.9199738992757975,0.4654589922067063,-0.4100131551882632,-0.7567815001629778,0.19169375964344884,-0.4185126965972896,-0.3020146254304296,-0.7708340797318778,-0.7223119743973028,-0.47323162786617734,-0.7752572445137617,0.8501305958079814,-0.9999987989038357,-0.12103980276179632,-0.7295413724015365,-0.37484436461453186,0.851710834982942,-0.5931120792220697,0.8916468925691697,-0.4539588967956894,0.47769697667191763,0.0688976367472101,0.6420911112867802,0.0879877802154101,0.04621265941970458,-0.52758384383999,-0.6136506474558308,0.7295628485997329,-0.3205079022647083,-0.20549774493025008,0.5910827494951921,-0.25644271471000596,0.9144452530099987,0.46084706204934234,0.21055502628917958,0.8070255233160929,-0.9455862764598848,-0.4878512215086833,-0.11358802781246148,-0.501910078597559,0.5426064927025303,0.769763476740279,-0.2900443368575445,-0.32813812334707365,0.9418453921994008,-0.07369278953083604,0.004668364251325137,-0.3019073749354706,0.710239414492863,0.16346136802537997,0.45373239157275924,0.7303812759191559,-0.2696655136344545,-0.16229389736841765,0.6329603548013504,-0.268371302651813,0.5504877361608156,0.9145499376181458,0.24797519771595594,0.4204101692796149,0.6998519907680242,0.6660424805160615
THANK_YOU,0.3683919459017817,-0.8747618366105488,0.35687021455514656,-0.30864041459006875,-0.8918655383581093,0.3061837298666617,-0.3878257666406196,-0.22257200849854916,-0.8042480869778026,-0.6059798161710029,-0.3531830581321041,-0.7072502050624084,0.7385919123263301,-0.8472505960164037,0.051544803215917964,-0.6361460769031386,-0.3989168800242015,0.8304285281240608,-0.5086276506275798,0.9999988925012401,-0.5835451926613784,0.44150424132272104,-0.03258406580620315,0.7119261426819364,0.06531938410150204,0.16774955940179795,-0.5825420750311705,-0.6849793141906328,0.7119217489861897,-0.41446288288879213,-0.185077904677994,0.3460531615679205,-0.28402863255779187,0.6859950578011681,0.4038710635193748,0.26364638800909485,0.6949163233656803,-0.845913341598222,-0.432212318686327,-0.0609578632156835,-0.4576216102498372,0.3565098108435356,0.7756491753108745,-0.284834715148849,-0.3146205374036929,0.7908288478194913,-0.06265094588473077,-0.018153030610677086,-0.34070909882052003,0.6711751483108515,0.13319087276837677,0.46019449914367466,0.5204519245891288,-0.3068693252108137,-0.07894325366368578,0.5888240987103915,-0.24718929268714085,0.641012577290568,0.7026011828717285,0.1157828601718151,0.47155430304678303,0.5030520141430994,0.5937871898739813
THANK_YOU,0.3093400323272336,-0.9365425908938391,0.4655866766725566,-0.3081240541221769,-0.8095632141826034,0.12717371469087121,-0.5726100325060143,-0.3916999194250368,-0.8627129193160895,-0.6264820906378672,-0.36057215286958644,-0.8092685909397326,0.7956242381752905,-0.9999987875407808,-0.018897032560818292,-0.6844455393804024,-0.4710498592591883,0.8446932760824041,-0.5997635297054265,0.8785196964520785,-0.528261166102831,0.6392551749390982,0.08422527918044316,0.769707082545367,0.06000018688831332,0.07803061235649551,-0.5628885794087688,-0.6356813397632284,0.7461448280181752,-0.32147239920321247,-0.1595094315286944,0.5312385725025912,-0.2543534156508334,0.8626032823590443,0.5070255202003198,0.20593641666612725,0.6812647343061529,-0.8544254635062911,-0.5314021138011589,-0.1061943064582558,-0.5181661764101395,0.49117997672819147,0.7411414339482201,-0.08398525513368235,-0.27157574078106017,0.8526555800877598,-0.20019562507116012,-0.030029933186155894,-0.31482399628573543,0.8013562244427562,0.11175593110235645,0.38690361354661396,0.5813419471799699,-0.3253300748959941,-0.090214263278091,0.6336855732242742,-0.16350946607705671,0.45432566938678387,0.934983187430674,0.22542120415846922,0.5208517518283475,0.5967066802557918,0.7384376360718681
THANK_YOU,0.337466588769979,-0.9999987720633424,0.4605993298230912,-0.3682728575775559,-0.8592323575638865,0.29155884151015365,-0.5726011767283267,-0.1858284038457562,-0.860249982545675,-0.7013326648267443,-0.3924761535573849,-0.8981078271956168,0.7593316807207987,-0.8875171118775292,0.022699526061180825,-0.7440510828445651,-0.3629256233230433,0.8190130849468502,-0.5813783317570332,0.9029191169216648,-0.5637910207854359,0.5449672289321953,0.04397861228825487,0.8510895569251172,0.012114992909085059,0.16795331686947848,-0.6212143567310559,-0.6706596569490855,0.7022350351943808,-0.36616901391993756,-0.315160649065798,0.4731676303830795,-0.32509374525366547,0.9469718512646055,0.48020255532103384,0.21030947362895008,0.6810827876834776,-0.9389641764276878,-0.3668625818560471,-0.11383208209208512,-0.4347189542326912,0.4642770049269037,0.8237579255955848,-0.08405171176043835,-0.23207170130247676,0.900004561064156,-0.13218524476376803,-0.024949931308074807,-0.27071377396854057,0.8593625564048355,0.13573644500481444,0.5530917166621471,0.7131963379377557,-0.28730777163506976,-0.11113615956556533,0.5913857113873441,-0.4301805248037037,0.6013390002404624,0.8605951142695742,0.21046522803161605,0.48967678921557845,0.5957156800611325,0.7471410686813404
THANK_YOU,0.3746256466636428,-0.9999987449632196,0.4437600883533487,-0.38290476285924546,-0.8590573648234008,0.1905520877371563,-0.5612590227725833,-0.222016007966497,-0.8414133901954658,-0.6784069268773316,-0.4225316149506175,-0.9390220184962574,0.7978059589749605,-0.9420730370765908,-0.05107052617723914,-0.7720022870494504,-0.3242947664376957,0.8108750397899985,-0.7761509850250735,0.9253388134305773,-0.6211650104469344,0.4244452281237383,0.08272537417449147,0.8028987943108113,0.10783876015874991,0.0886605726835176,-0.4977435891634469,-0.6917473620660368,0.8538016139651157,-0.37766510315027507,-0.30997698871242757,0.48503716547997905,-0.35369491312028223,0.9303257634822641,0.6251817874824654,0.15071061021999588,0.738715893419816,-0.9083789262631099,-0.4629953049715745,-0.05367080032273777,-0.4676637871305669,0.337515404978643,0.6920101572056653,-0.18419135242534537,-0.24814942452952715,0.828573738516427,-0.29947402065076345,0.013851101765904738,-0.2826058476603375,0.7539848527305723,0.07662224599340986,0.46560879788931747,0.6330625342924016,-0.3568788661825638,-0.10214226519705,0.5206187572803628,-0.3283603313731124,0.519577088766612,0.8694526865366417,0.2136501935556966,0.5352679770750004,0.4959765553568787,0.6957145938918272
THANK_YOU,0.4021292044673531,-0.8322129333412676,0.3495426417632729,-0.34708105625072844,-0.9999987515742241,0.07003994224558359,-0.46500760994887713,-0.2264474913538334,-0.764217678765511,-0.7905143655579301,-0.37108372082787605,-0.7027936839492349,0.846816322152586,-0.9693971913152222,-0.031704828465996884,-0.8506125801055233,-0.29954080138858774,0.8129154572904167,-0.6442682886448531,0.8329247044101429,-0.6612936054009306,0.5721037751978403,0.07155790455274827,0.8587043742581214,0.10296725646552558,-0.0459422408311034,-0.5526329222028623,-0.703522426938824,0.8755423227842827,-0.3423162734309929,-0.35183672469465516,0.5292483747663841,-0.18485599139833275,0.9337591071786573,0.47166592310078015,0.26173740544392105,0.7739811352157319,-0.8865743525885481,-0.5534033653008217,-0.055242171371320856,-0.4807215333679457,0.43500795925997027,0.9262790432952923,-0.15799216368563843,-0.37075288695819086,0.9842124093588791,-0.12805829674615224,0.025534283468426726,-0.3145385469910472,0.8143309672834607,0.16854594839496392,0.5418469890951583,0.49826440527171006,-0.3858930513790414,-0.0744293603158104,0.6878176963412841,-0.3058368527826685,0.5023259742923147,0.8134753591928121,0.11990713215847744,0.47632390109274025,0.5720709125474752,0.6288745643074107
THANK_YOU,0.35818092221139863,-0.9130402650942232,0.503466588816468,-0.45554730889941386,-0.8041542909934086,0.27635391919442814,-0.5588143752524521,-0.21056656848622346,-0.8547883076831096,-0.6839445587943505,-0.305207315767588,-0.7712154665966132,0.8409926039279875,-0.9999987682320091,-0.12320942007482852,-0.7553539779134053,-0.30471852135083577,0.7456346206483476,-0.7317233782128016,0.9258523726414242,-0.6404722229453198,0.4272751894265544,0.06590413858445568,0.6736355533955525,0.04641685669306647,0.11143330350138342,-0.6807189517236195,-0.7562151684144743,0.7820265776481627,-0.2942214655101874,-0.2642320730672954,0.4834551400898648,-0.3149193330209376,0.7834223557579899,0.4993830254404904,0.21563150571242987,0.7254704927679624,-0.8256963598396898,-0.5482285194968926,0.0005587107649432899,-0.5285635358276609,0.4599676286617204,0.8249632692602363,-0.15684230719844316,-0.23597434539021703,0.8433265245198548,-0.15564875238562875,0.042240508923765484,-0.3290507454303796,0.8626123105814226,0.24056499367898337,0.491955310554521,0.6564816711976019,-0.38274252179440155,-0.08419430455700005,0.699060408013409,-0.2403666184409219,0.539536071330129,0.7668168943819202,0.2738210391320491,0.34912431566685637,0.5817494559960171,0.7379799569680374
THANK_YOU,0.39298568771796455,-0.8564102985724495,0.45966335906771266,-0.42292752102379355,-0.9177588573388302,0.22422595421431468,-0.638819998124267,-0.29511188529595617,-0.9043825208182804,-0.8620048550955948,-0.4150738492425601,-0.8652241215769065,0.74212166794111,-0.9962366000888172,0.012897396018426297,-0.7651158195972115,-0.4190260145489324,0.9201112289534383,-0.6562256372253502,0.9840607732947267,-0.6622822628166227,0.5178832519284501,0.17393739524372348,0.7572016571756682,0.24745202359342441,0.03753212170181483,-0.6282434943083167,-0.7343340268128874,0.876488714030267,-0.4690285199147182,-0.3000821410974434,0.467142195097558,-0.3248485732863143,0.9999987063779041,0.534246184589059,0.0482570459075401,0.9204583546182707,-0.9131245652875087,-0.5530553331365611,-0.062204425571291674,-0.5537023979912147,0.46170131159190086,0.8804763034579475,-0.19707223024630785,-0.35290779115519216,0.9109262680124735,-0.2068109401054582,-0.013234705849231525,-0.26919659070609747,0.8809847662411746,0.19575741007123185,0.5636264254244154,0.6109188230071968,-0.2730297317606185,-0.2250448991844333,0.6630088393606918,-0.3453989635554729,0.6782447925440921,0.9737444628025507,0.28653969876229607,0.5694526447491951,0.5746160169882044,0.7367089794817702
THANK_YOU,0.3243210639432439,-0.8077213844084723,0.3360132094328961,-0.35310171010260333,-0.770180523442376,0.247249305178018,-0.5047637164299,-0.20743568883245378,-0.815487293846788,-0.7765700440587433,-0.3527957818060021,-0.7050426225377582,0.7551503510921379,-0.9999988736250272,-0.04884651372367262,-0.8039179844578198,-0.2694608841811912,0.706679285148144,-0.5389913010477709,0.892793181039041,-0.5809374826823676,0.3715533992351831,0.10385417691493973,0.6453562729264792,0.10307844951991324,0.035090377536639066,-0.6491581915196795,-0.7271385969089948,0.7633633032322269,-0.34189622010504217,-0.2616826809150214,0.5074443665575868,-0.2243855123437193,0.7993575440096343,0.40961132197658984,0.20375440649324386,0.6100283284912772,-0.7991325115789416,-0.40674007824209435,-0.024701802820439097,-0.601114752917207,0.39668734187811033,0.7060340079509784,-0.1317559782661859,-0.2574336880619278,0.9160995666024652,-0.12726277963348384,-0.04775963269650705,-0.2026085041610973,0.7547910822982099,0.19566411579281748,0.4887518294395016,0.49677069424946046,-0.36009977049433073,-0.20687530157700212,0.665301747542982,-0.1795009135463613,0.6338836463047909,0.8422389818462647,0.28753934254033464,0.4027948928874389,0.4847184707798892,0.6697058444770108
THANK_YOU,0.37065530429395077,-0.8870870520619465,0.38049865413876055,-0.32713136060695064,-0.7606874451821356,0.28286473328376865,-0.45585791496158,-0.16330564368939177,-0.7592096312042546,-0.6912487344956313,-0.33575384853935264,-0.8541943985180049,0.8352626699349394,-0.9999988236012106,-0.01356797835202729,-0.7588498792655006,-0.32944343158842243,0.7999500408111268,-0.7305748376304099,0.901552849926035,-0.5877582870546879,0.5065139208378038,0.08793570159225723,0.7469391338765321,0.04530401267939327,0.030384191542187706,-0.6001976402659904,-0.5778446109926794,0.8825949517738828,-0.3714096487961437,-0.17743150594545418,0.36142968516266366,-0.3736147245094959,0.7944938531120244,0.3682822237881177,0.09023845558478259,0.7412279401576843,-0.860340351625541,-0.4349492451367102,-0.025196380947400083,-0.4982678095321939,0.4977772174791405,0.7849594274493239,-0.21330166104101392,-0.23492346287698584,0.8340968159939963,-0.15883256766465534,-0.031078636208439852,-0.33292173992831053,0.7463144947008828,0.15002786611695135,0.5139644271304707,0.534084163386536,-0.3263645534989802,-0.061610851067862064,0.6851050625046503,-0.1353307819709684,0.6226709639433102,0.8973597840134099,0.15027690980756817,0.49973029711687383,0.5711420347471401,0.6170380440276622
THANK_YOU,0.36892173144875584,-0.8682927845635471,0.40125938002760775,-0.41228704409577194,-0.8213657666122125,0.17534679721426807,-0.4924106924866822,-0.23929984742303914,-0.83151235507972,-0.6415762027372649,-0.4575005352947854,-0.6816859690022952,0.6903943270444782,-0.9999987807987236,-0.008916086380489704,-0.699319659009562,-0.38128964567504964,0.8276252337217159,-0.6349127325314184,0.89462336396405,-0.4889849753580761,0.5223951080119212,0.1442617976467089,0.6911141531742635,0.1004863102232818,0.04909900716075481,-0.655378315504602,-0.6291381088553727,0.7796796477231536,-0.2958863610375772,-0.3147709108092024,0.6116365630558623,-0.36905108159871713,0.895216863593638,0.5124027375414465,0.15527109400247197,0.794987128360421,-0.9535247928397489,-0.38538197361021354,-0.06734185341704173,-0.5689462585466479,0.45755308514315285,0.8670701167424947,-0.18433173921804114,-0.35363630928184236,0.8868523016600205,-0.17932526036628024,0.08961694617331353,-0.3239173144174812,0.849610646024517,0.1472822908378421,0.45141248757722807,0.6078852389481384,-0.2607157004699009,-0.14082035241961235,0.7525038127516062,-0.2044791561059751,0.6294028519944472,0.832232737926283,0.1745219260429743,0.43394333605425806,0.6071229118901444,0.7063476414340355
THANK_YOU,0.22706976533959022,-0.9295571837719693,0.38165897665317383,-0.37693151551147797,-0.7905887629260239,0.24074163093643422,-0.42719782144158114,-0.23476805071184928,-0.76360893881554,-0.5906138764908011,-0.3151973413884102,-0.8697893543995762,0.7886158444331843,-0.9879537133198003,-0.0016648803283683372,-0.6954557769792914,-0.42775296583177463,0.8380989850964723,-0.7857371412275149,0.9999987766536013,-0.6072051821220872,0.4762474936239549,0.07242349913756271,0.8226605021820604,-0.06787873684003633,0.06662862395114548,-0.6025692233950699,-0.6810550947315158,0.9208054563755532,-0.3912571959841612,-0.20317163665479554,0.5303579672381608,-0.23831578800753525,0.8440361775227645,0.42087518381112854,0.25774719954873543,0.771562521232861,-0.9760804609843722,-0.5085022113516331,-0.044802287980404476,-0.483155920636316,0.4358621333405236,0.6422813876477976,-0.11720471880928048,-0.3836461702632943,0.7800230738780238,-0.28118911032807625,0.02835286790392067,-0.2825065663277781,0.7878286432450502,0.21993320503514247,0.5521519820806935,0.7091809433960895,-0.3947473442429587,-0.1318970506567623,0.5831926801776174,-0.28168841938865535,0.5601280136640865,0.9015064683021866,0.24395336637425388,0.5110823389650649,0.6402110643768661,0.8071760308602391
THANK_YOU,0.3452316321907596,-0.9999987600657371,0.3922894129102708,-0.4145743802569765,-0.7894867229521323,0.20029838136136766,-0.5492818426733443,-0.2537825517970577,-0.7875440352756572,-0.7097707931667637,-0.44057314994194796,-0.7106276569467838,0.7619563826938351,-0.9777457329964436,0.008421209162904878,-0.8485748313740331,-0.3517698857517088,0.7798441461287944,-0.6201525955219788,0.8644811277478914,-0.5407236087609977,0.5477997668373893,0.14600901724651413,0.7783461624898479,0.09277704173496103,0.03282573676500221,-0.5129799799934341,-0.7055322444320512,0.7619759818899725,-0.3003002186184336,-0.30313321686423095,0.45656199612267184,-0.4092559777747095,0.8669055237177383,0.46689560900285515,0.20836025783200426,0.8146337965681568,-0.860868566258704,-0.4937955169585581,-0.08165171594639103,-0.5100177752167323,0.562777405174782,0.8394957067858558,-0.18031663524647581,-0.37474674565386096,0.8260701307528283,-0.06810044315075509,0.014105947107933656,-0.258516409060735,0.8045246316364232,0.2240257559966934,0.4901130501855759,0.6778152864655191,-0.3161567987727715,-0.169259220525198,0.7280662798903477,-0.24589090662145419,0.6052675266277697,0.8799213797314832,0.24208717446602798,0.6274343374387268,0.6787009966849599,0.7293352640374561
THANK_YOU,0.3557688696826679,-0.8415115423331281,0.3916001818190629,-0.34763424433479573,-0.8615778128837202,0.20371240987724135,-0.6802914287986688,-0.20243524366929894,-0.8253836570098748,-0.5754652350819909,-0.3824555699680184,-0.8495204936348644,0.7771223769683964,-0.9999988132420143,-0.0025554210859405247,-0.6981183348787519,-0.30834521063184933,0.7620780718632744,-0.6403607357970126,0.8035308348241719,-0.5170161693326204,0.48947753910235425,0.11805141538582647,0.7301491903806397,0.12713483544210857,0.16081959932236828,-0.5951851343563659,-0.6255410379903139,0.7263864686880183,-0.37842380923214713,-0.23708781335261536,0.558861580010054,-0.3212511966719664,0.8443831584429777,0.42763657212974737,0.15326855318058408,0.7407515840853824,-0.9440581792791989,-0.38528420050373724,-0.10587421662026261,-0.47558040134713914,0.38777123717471307,0.8356851339053132,-0.1048744888055081,-0.27696289213289377,0.817391127965043,-0.08990723982926561,-0.0909951058912642,-0.29668755844601646,0.838739084277517,0.17820817140930192,0.49872137987113346,0.534219606349722,-0.26199124126570134,-0.12475200894858851,0.5240000044091765,-0.2132128756204326,0.5566898615640252,0.9087127877261191,0.16896237891126606,0.27030604977749384,0.5958829242223196,0.6724664699919504
THANK_YOU,0.245638221705969,-0.9470914456589383,0.5176595537752096,-0.3626350198821033,-0.7899778734248046,0.16773644917204855,-0.6083341518784686,-0.22216231998221606,-0.8017926774849551,-0.6848446131284299,-0.3854228808890333,-0.7535462960763171,0.7613314017532022,-0.9999988283895815,-0.001774298813708671,-0.8204467380115176,-0.4806312998189148,0.8419828890412797,-0.6044779859044167,0.8698761480105888,-0.633257097224658,0.41136439938017977,0.07210827041859527,0.6272465526222234,0.0579218133101355,0.10299775696441195,-0.4872750356107807,-0.6502493571297432,0.825056327602717,-0.43485713180164143,-0.20116062322350972,0.4399636513207036,-0.2841332731760004,0.832912249860539,0.5233643852881814,0.1314136892555394,0.7507826852863082,-0.8606719490427499,-0.46467822671424136,-0.07631232898025472,-0.5613396311394603,0.45639304889422494,0.782167629150527,-0.12876677527019112,-0.29098418923357056,0.9119591706145846,-0.049278726994566424,-0.08207567449230188,-0.22720054256548639,0.6982338066107456,0.16369924433933603,0.5277709852808121,0.47253966042752704,-0.2910193235683308,-0.15173980592457376,0.6087881941804358,-0.17720469419686896,0.5127110789126589,0.7794359387165991,0.2354015397973564,0.4931110802215713,0.5636304550921004,0.7151298699879551
THANK_YOU,0.36936670659050097,-0.9999988483956643,0.31968729053404404,-0.37119663298836525,-0.7909755070452437,0.051199828573412,-0.33081378710326104,-0.1779886356471658,-0.764235569400846,-0.5820904024530101,-0.23729235798165577,-0.7057577999476151,0.8116077559630306,-0.9026162267462398,-0.037887710651019244,-0.7215881819037536,-0.4019318586006257,0.7454848373408097,-0.701115735964665,0.8539585359432526,-0.6390970779564241,0.45609473941990564,0.08391406072468517,0.7168883578021702,0.06942173842278085,0.24084396171284045,-0.48282325108159185,-0.6866557689912118,0.7808177344404096,-0.3522287681371117,-0.2941109702526027,0.4015808421231507,-0.27209139156521284,0.7937212960112139,0.49412547283411007,0.23674209641490193,0.7809351174427144,-0.8789618766902473,-0.4202565962328795,-0.028006043663118128,-0.5303635983904319,0.40497283728388966,0.8650954066162262,-0.12735939478857342,-0.25426209051872134,0.803102803833975,-0.17181974783278345,-0.05296809670208091,-0.2804862187012506,0.6933424567935339,0.12648822740702245,0.38584973130729977,0.5100321765899728,-0.2527725113079401,-0.0874062437989507,0.6195182209122942,-0.31056425737078497,0.4824370393149066,0.7910650065481954,0.2641348741858689,0.49866303908267134,0.5335718147806106,0.5693403050821033
THANK_YOU,0.38418274434170757,-0.9999987509679712,0.3474337336901061,-0.2847469488787494,-0.8361755615976364,0.22932119892592734,-0.597424315238256,-0.2130081539801567,-0.7718241486843254,-0.7285859644562174,-0.31935340679549634,-0.7391116236753211,0.9249190402725145,-0.9680779799232969,0.004428986603144467,-0.6646033258320161,-0.35640349541706823,0.8201563854527767,-0.7040991599843848,0.9458413186510597,-0.6685532214318268,0.4738113417666373,0.16176336177715586,0.6315146800574446,0.2037337533676791,0.1391589819522495,-0.6373253751585124,-0.6330887198715833,0.832529843568672,-0.2672420977569121,-0.19426724098100634,0.4318082551328718,-0.2854279341898333,0.8905829709848658,0.4806600730880359,0.14923208987857756,0.870374367674641,-0.8351371073932692,-0.5316982593754991,-0.15322175113616468,-0.5697059514063545,0.5145680115410264,0.8527680516115757,-0.07408154708492995,-0.2661585503487721,0.9829377740834293,-0.08979708112199551,-0.10865016834330593,-0.30869218412803584,0.8846669581028527,0.13458648208444893,0.5553619296044927,0.6032241820497747,-0.3803703783528231,-0.14021168051548874,0.7157043594871614,-0.3142262609468802,0.5726944889651628,0.8226306725619461,0.31612856107682336,0.46449112005649607,0.7004490136819518,0.7850176677080747
THANK_YOU,0.3582568226261529,-0.9999987652273243,0.24668304265390015,-0.45419847869922125,-0.9625131729471296,0.3020549073390693,-0.5049265330878921,-0.1995740683159176,-0.9657055237031885,-0.771037893061021,-0.3443564096888593,-0.7927809727249697,0.8025550209089239,-0.9409987870692942,0.06910558451398496,-0.7579728503771805,-0.3756733715797714,0.8536293948750681,-0.5206829338739846,0.7907038441109822,-0.5390620473918427,0.4701590341526936,0.12720901006916993,0.7190048401424856,0.10364800039282017,0.1121979644417324,-0.4094774006634819,-0.6095223314825274,0.7704726662058521,-0.3662914443730938,-0.2807121056672022,0.40245649001565076,-0.3388054932302846,0.9383548371625741,0.39138938253863254,0.25721663287708185,0.7826248494745816,-0.9351454703860596,-0.4886936057672644,0.029602718116546592,-0.4941028630915922,0.4824102280102683,0.8135283521728925,-0.1458727774155128,-0.34348414569176644,0.781912012996645,0.017129739619832298,-0.012046824164710106,-0.2685048262993607,0.8055436767465447,0.09084584759894909,0.5064829029509595,0.5172722179377436,-0.1718645612712834,-0.20721296884816054,0.6247412919471547,-0.2973386902496869,0.6602329493658903,0.8721361979107487,0.16710154801334126,0.5548087722610101,0.6478922988936994,0.7149150873808641
THANK_YOU,0.40618499927746377,-0.7874634990619342,0.5087850911890449,-0.40445522594044947,-0.7750263615003224,0.2398599729821913,-0.4797709655020066,-0.3270883923742037,-0.8365360605398631,-0.7449416309851727,-0.34692075383402304,-0.7420498968132446,0.6814468309098963,-0.9742003207090143,0.037259916011403514,-0.753506573438608,-0.33390574505994974,0.8607407934320089,-0.6452669715361996,0.9007616737853142,-0.6543172702543368,0.40673935938733224,0.13558983197724434,0.7584314034798874,0.09781510197163379,0.041975438205537806,-0.6185812978357399,-0.5929294319917607,0.7996452727375811,-0.4216126521381581,-0.20616535914624667,0.4991151212803507,-0.3155060630890609,0.9892822637270008,0.46733512361001833,0.20968606151396976,0.677616601763185,-0.9005746402430762,-0.440952322258962,-0.16458997372805595,-0.5253564253269403,0.4865765375205447,0.8281745573881323,-0.08630119591293625,-0.29033732969224485,0.9999987690577046,-0.16976612462984453,-0.01320349440461226,-0.2869780276732176,0.740799330894887,0.19466555164845856,0.659431795805777,0.6130590493753885,-0.28039693450752134,-0.12538765487707176,0.6423987558363745,-0.3813821758663416,0.535469179044237,0.7828667406845726,0.34754634129608974,0.4688021270284527,0.5796011603403618,0.734283088394096
THANK_YOU,0.28721879815543244,-0.9623456700161247,0.37090265117019894,-0.29288200936769715,-0.8271768760147095,0.2269197459169979,-0.4955459072868226,-0.194326228378659,-0.7973309172802934,-0.7431082468128266,-0.3871316167403241,-0.8565361321843332,0.7977990658117166,-0.9823356274758456,0.12200883043844005,-0.7295514150996661,-0.4558806041231635,0.8142165804209575,-0.6216166616635683,0.9999987937287048,-0.6033788521457091,0.3707889479513025,0.13935506363501626,0.6587882148559454,0.07790273332592766,0.05116246064557991,-0.5919762775076074,-0.6026227384387938,0.7626058318104785,-0.3487877291316392,-0.2477463022206094,0.5104912996354536,-0.30517586492992,0.8987929873453226,0.5101036698056665,0.21172292095798606,0.7624979976422845,-0.964705462242315,-0.46584786990338223,-0.03856025669566471,-0.48297567932597935,0.42898717862939806,0.7693367753009004,-0.18175232411078163,-0.2723364261900421,0.9531656910434807,-0.1310120552102494,0.03362548352165367,-0.2788732935329172,0.7829463888721663,0.1203370957670156,0.5510366790195648,0.6214343491023394,-0.1679735933486561,-0.17937290592635036,0.7038109583691621,-0.2958398298349715,0.5148750256040772,0.8504747723853266,0.24608443573415092,0.642354347247055,0.5777417170049167,0.5977731706514936
THANK_YOU,0.35663990720209815,-0.9999988414866884,0.3469483022248872,-0.33995025053213695,-0.7774604597756551,0.2599489904666669,-0.5096211723454634,-0.2185409240065433,-0.8218223983533283,-0.7193694869488404,-0.3565228377039843,-0.8342038178234842,0.7374987750070658,-0.9732478351826804,0.0019237223566839533,-0.5940074983637742,-0.4318854860933168,0.6824157455430263,-0.6343243373916142,0.8643860146192266,-0.5326798230602087,0.42191867073433514,0.07489980744211963,0.7339662434145995,0.16035070031687076,-0.049187796569620267,-0.5858765993557498,-0.6062993466059486,0.7188387842414614,-0.2188436282460541,-0.2739175968779193,0.4792227607279443,-0.26655227575745827,0.8037020143865602,0.334064007280608,0.15576682035262002,0.7656664114394239,-0.8543749554319402,-0.49934403822735096,-0.011189216718888392,-0.5252387501801091,0.42255644530589953,0.785710278314343,-0.09665511038933539,-0.15466403322592043,0.9034584695346035,-0.03503820305339249,-0.04960854701514963,-0.3344090490884242,0.7627583572394925,0.13402524112797026,0.42349883033785385,0.5678175218210217,-0.270021246417681,-0.10202957239716755,0.6751459125007134,-0.23661846693135663,0.5154756096901915,0.787664725741723,0.15893531398682123,0.5512697683593156,0.566313997024745,0.6265480790935977
THANK_YOU,0.28801207416699687,-0.7122156930626162,0.29109969872552954,-0.36697794046356214,-0.8021506093515234,0.23913885071878913,-0.426424629934634,-0.10547116865930806,-0.7506984454428124,-0.7176573497614517,-0.3906968454166212,-0.7451537484553988,0.8843515132301234,-0.9999988375012853,0.0398797223623674,-0.6903014419385547,-0.30901765205742127,0.7865414687484434,-0.67821377769572,0.9100915887713363,-0.5091830923906252,0.5058132136491639,0.08604628564387837,0.6802650261158654,0.009822950289698826,0.11190609511670355,-0.5418089441176759,-0.676948753677,0.7433644044424698,-0.34735092204854007,-0.3241251175216274,0.4357437336109715,-0.3656918078699846,0.8168599050530887,0.39960841643581696,0.08664863436147975,0.8260271425002201,-0.764928234765655,-0.49714334675666255,-0.049197870274899434,-0.4835542236141367,0.5228949355722072,0.7321447111179101,-0.07830878353043483,-0.3254799997445664,0.7808364962319873,-0.06048397055886289,0.05465529781027281,-0.12550888959354942,0.6920253636582072,0.16888171888204132,0.46382452205276786,0.625492529630304,-0.37963256747319307,-0.19672681945319484,0.6030591095501872,-0.24975498459662424,0.5094559363427059,0.8585523045033661,0.28885922422673704,0.48427666382369017,0.6615723005100456,0.6659429335108727
THANK_YOU,0.2918891381590716,-0.8646988566620419,0.34251198667719523,-0.31111465147287115,-0.7907150582173602,0.2483428830703155,-0.6123322066084876,-0.2839731512972281,-0.7566981171854008,-0.7167468872024738,-0.39935256491658655,-0.7735976087891899,0.8657805649964032,-0.9711627699995306,-0.045353177530479113,-0.7735899921653363,-0.3312557161207995,0.8873402089039987,-0.6931788181010933,0.9999987491217697,-0.5968949527918227,0.43020537435979267,0.045951122983108716,0.7082834323483536,0.09102479265634737,0.1463289419419912,-0.6598657338714001,-0.6562222685826516,0.7924916193638473,-0.36084626429439726,-0.3504591200177615,0.5062190894018301,-0.3346946074642675,0.9385518385803229,0.49015472830002743,0.12004325862898295,0.8301355420361187,-0.8882678881781608,-0.4738076769042736,-0.07055076169967292,-0.578809138195723,0.5017753127703514,0.8687502811076976,-0.26182456551861066,-0.3496528402230279,0.907804640093623,-0.09435071427648227,0.05271575002272758,-0.3451764014738114,0.7885279489753818,0.10595197257480304,0.4745869031757927,0.6023371762684409,-0.26831515907492454,-0.19861550197616046,0.7241903960698679,-0.3801250684144139,0.5531750213306645,0.8619967640564121,0.35134615266525776,0.4664068909377894,0.4729489602006011,0.5655458057354661
THANK_YOU,0.3758661275546186,-0.9257170626761743,0.41010527194694113,-0.3631198361134848,-0.8291101180964486,0.18891627874271477,-0.4699612969643991,-0.3337126828095955,-0.9099204419865715,-0.8318910198184262,-0.42805535749117096,-0.8367269437702253,0.8422262635947884,-0.9999987297257291,-0.09171547448958788,-0.7778093991454382,-0.48598888576142074,0.9525237293070324,-0.7068695468728705,0.9157247234990362,-0.4970354323367707,0.41206864918575603,0.023378468284295628,0.7118044728669087,0.10542722572785063,0.0976540267434105,-0.5719834506371563,-0.5150114321674327,0.703618915862682,-0.31124527244393924,-0.29537042407788255,0.4908302894262127,-0.36694544276082003,0.8610699350948499,0.5905640650411165,0.2515164072536704,0.7756193784583058,-0.8295904146817397,-0.5898215498863357,-0.15557953660509027,-0.6932302373579692,0.4512999595766513,0.862284755465149,-0.14839963825882868,-0.311370574691528,0.8484521721915769,-0.06107271683322565,-0.007038822663869602,-0.2549535607390755,0.7121658659332052,0.15993174317003866,0.45741443089883194,0.6084926076253685,-0.28749264963789606,-0.12897652268154497,0.6541631002797321,-0.2775267020600534,0.500131684417875,0.9693476754828046,0.23737919648424544,0.5621359429524231,0.5866496421939513,0.6680177261131496
THANK_YOU,0.3236280005122987,-0.9047443648155573,0.33958368022935237,-0.3312454866147345,-0.9228279329939717,0.09722417539438279,-0.5603559088671821,-0.3035022540769028,-0.8462624215459159,-0.7889708937578718,-0.3501202527143207,-0.8355959246373538,0.8197973094560281,-0.9577123986455706,0.02828356366018931,-0.7633694710789478,-0.43777849456188606,0.7497000897859224,-0.7276949309573856,0.9032747457833166,-0.5883547993915681,0.4668247346100444,0.13790544567112986,0.7389791763989271,0.1056123871631121,0.14474994130368543,-0.5944229962271668,-0.6789498711988903,0.8044279906413108,-0.3882790335624047,-0.31252301673648525,0.4913754340120344,-0.27826176804589886,0.9004104485381373,0.3959598031271391,0.3088518662044703,0.7907046084181467,-0.9999987357434796,-0.5193466400594905,-0.06371542627280727,-0.4445185752437264,0.4233270373969937,0.909676670803707,-0.06573310465422838,-0.35907483866528994,0.9160872160137049,-0.17706111036066666,-0.03501436353671182,-0.3023971415794133,0.8701372644059937,0.2083974490447472,0.4830402237240598,0.5063657058158223,-0.32125235046411643,-0.11556846153106246,0.7206587376163565,-0.29725844038518634,0.6024609872114775,0.9878394197882949,0.2733617236481301,0.465164524556995,0.5855351081542439,0.6872129538978944
THANK_YOU,0.4552969194972281,-0.9306312478735178,0.36697630427147043,-0.3854631637896468,-0.7941232438390674,0.3313871720804627,-0.47485626874324777,-0.21427535531718545,-0.8103069356396304,-0.8278909039059923,-0.3462638109302231,-0.786629604449201,0.8218187175683395,-0.9999987891979613,-0.05454238648972467,-0.7547598848217402,-0.3107309212858812,0.8024678947238978,-0.5293090111778677,0.9285336106463666,-0.6471895873131905,0.46019977289675146,0.050974605675427026,0.6119960651483735,0.2014323639053199,0.10951931800062457,-0.5577036930763769,-0.6365947157815995,0.7231899767642068,-0.3628044066467898,-0.19685141245642376,0.43971105677803335,-0.4655181422123885,0.8620239903808059,0.45235146766987916,0.19695506391327583,0.7820064120327953,-0.8339402141801214,-0.4549724297440819,0.00464306761220289,-0.6208784910118146,0.5030608713538526,0.8500553982306438,-0.2227220978766772,-0.3968178112625757,0.8489950955477694,-0.14688624518727394,0.024395740620119594,-0.3246004598330207,0.7415679751446778,0.09655793481602462,0.5756285550023443,0.6048475836476751,-0.31723507930677836,-0.1351126062122211,0.7533100001774629,-0.3102680510601736,0.6490766201755985,0.8670705125780509,0.22898158770922386,0.6195052706962874,0.5271513935706927,0.647027364588268
THANK_YOU,0.2841430310354537,-0.8696645814720785,0.47469174284865495,-0.257473616150636,-0.7936694026604256,0.2025897419843589,-0.528988087090616,-0.32335662077660265,-0.6955138466435669,-0.661076239164789,-0.42496629939806807,-0.7208100831993506,0.7436590481661169,-0.9407392337072027,-0.04209550480279453,-0.6974603211428354,-0.37983226954419463,0.7442272880677682,-0.6567023785931555,0.9746810066730566,-0.5768976130058933,0.5195630071957643,0.027375920916590874,0.7499744256312814,0.06739619884644443,0.11318749559197769,-0.5933946555565588,-0.6102996541694168,0.8805980513601274,-0.29429248815751563,-0.23336936588495788,0.4469247668046532,-0.3152378913239529,0.8511260739825799,0.4440829679926723,0.1675752424536174,0.6847123049080835,-0.9999987782506269,-0.5157087731258755,-0.05653387758393646,-0.6160588001594012,0.477743603593993,0.9355500263756962,-0.08651815784135036,-0.2081992445208127,0.9261319200995304,-0.03648218927539503,-0.06563334859298531,-0.3293557965915254,0.6332578027314346,0.20725273400858896,0.6065931128532323,0.5757272626099622,-0.3246666011148259,-0.17566578285822965,0.7045676118707688,-0.19858901977255947,0.46812257568975035,0.8870629131931325,0.2239503354933707,0.47925975548745664,0.6244427012086828,0.6629863489584895
THANK_YOU,0.35423660497782933,-0.943938486605086,0.43216270836372245,-0.33497758856264914,-0.8577114078865731,0.13746322216604137,-0.5315063959161302,-0.16690660099322707,-0.8202061790417448,-0.6515239483498668,-0.28792496234452625,-0.7408663769717065,0.8113740299633374,-0.9999987743223314,-0.18814290667409686,-0.7491627653851138,-0.39713682414865764,0.859461857065928,-0.6728773999166531,0.8939019938822369,-0.6860104959722009,0.4161266165388395,0.1207490767629715,0.8591526679634564,0.09990858978826508,0.08786307667985699,-0.538860964601616,-0.7042470772264157,0.8392501118212737,-0.3830039094342965,-0.1978576775333484,0.5188146561808018,-0.2977904470885042,0.8385718718100577,0.5099260938143148,0.3188262586651298,0.6851987649002373,-0.9040825197193598,-0.462226727422695,-0.02037266834730286,-0.5697092608528517,0.30469952806681994,0.9053986859478331,-0.10288645030554325,-0.4164058678984018,0.8679057054529231,-0.012044717288939098,0.06724957732941862,-0.23340359602728825,0.79236621423018,0.14031330487401014,0.5061228170575869,0.6806221659010585,-0.363822380074856,-0.17941353595576745,0.7452960652321206,-0.270886421062315,0.6609093992452524,0.8236702310454769,0.23826889383798625,0.4173224227161295,0.5987727530812944,0.5860407297435717
THANK_YOU,0.32373938504871114,-0.9974034737986307,0.4064836720005971,-0.31005827703743166,-0.9566950679708226,0.29084377591298566,-0.34777604735954554,-0.21454767702598349,-0.8436650477543914,-0.507934555229596,-0.4669738573896954,-0.7863746066343762,0.7994816541237856,-0.8675917142122759,-0.009403075533940174,-0.7532055564683791,-0.4262834291627435,0.7974431445687254,-0.7098891904956345,0.8971754290157742,-0.5986650813229438,0.3741262361789381,0.16491215867044215,0.7082660634076104,0.02757601008480882,0.0562523753339713,-0.5805587192920233,-0.7455510568833346,0.8194738664455997,-0.3933397145370312,-0.1429256627988458,0.5302445963556586,-0.3334186695285365,0.8231652884781412,0.4504769879715786,0.22380860406606495,0.7297141155450848,-0.877696040989171,-0.4628898726351714,-0.10335115953207555,-0.5447376127745674,0.34311517378414924,0.8632143374036242,-0.12842031355825506,-0.3494768655505697,0.9999988001232328,-0.10065200272536466,-0.08318714175498004,-0.23340402815136257,0.8101327568249189,0.15605329964076023,0.4777808008305811,0.6256343871400148,-0.31932254104293006,-0.09394074862047669,0.5547121681361221,-0.2885524968966238,0.6676161948515198,0.8005989868318536,0.20031304537269862,0.43700182950889127,0.5128457993504426,0.5299248535954548
THANK_YOU,0.36547712401528154,-0.9731595734400832,0.38976817289193866,-0.3898096278547886,-0.9162857380438567,0.2933025433745872,-0.5485284365131363,-0.27128317766837545,-0.8858546842815643,-0.6924825681046332,-0.3266518130143947,-0.889300487742017,0.8562994354227806,-0.999998707021155,-0.0975585511501668,-0.7780929580339507,-0.49262125457217304,0.7670503651668825,-0.6761650898821111,0.9388810395606192,-0.5955654202237872,0.4985868973330685,0.03344111532864777,0.7924709350646632,0.03198072436496968,0.1614198344744534,-0.717688229220275,-0.7031507089976334,0.7942369028012288,-0.31928538139271917,-0.2860585887557235,0.5039831352433983,-0.27827794664823424,0.9371141448220323,0.5256174320764921,0.13811663545301733,0.6971630861181883,-0.9248291705238727,-0.5231935590817651,-0.031833309350858624,-0.5699835532543429,0.5178406995527657,0.7622934218652938,-0.035616345006158324,-0.3372088039992773,0.9999387918402541,-0.16813986243584084,-0.002743784079913702,-0.39112925862311193,0.8764857261425331,0.11963942178474847,0.544265047081004,0.690178467658757,-0.40685977639021853,-0.18142258941373543,0.7504721428591336,-0.1472449009850495,0.5991561780915711,0.9505263149866721,0.2479778570019566,0.6254344769729026,0.5182189595730724,0.7199234971902697
THANK_YOU,0.24064396645521774,-0.9999988697650775,0.3604863083245711,-0.32467468777520736,-0.8194841557512602,0.19258153539807937,-0.2936338151176528,-0.21928498066047664,-0.729639522574051,-0.6747582046930642,-0.34864898539244343,-0.755332023484157,0.7197291899872067,-0.7904634788807818,0.037337986930744714,-0.6735824160919095,-0.47800353496536846,0.750074568117251,-0.45903060107547206,0.8293648356672508,-0.46968959986828723,0.5183290059400149,0.09678407301824601,0.6477092454577236,-0.03998365150894823,0.10115931576539719,-0.5967696897288389,-0.5936282001469981,0.6825394037383976,-0.3263222845077174,-0.22941784155991957,0.48503752816319196,-0.35446827457909813,0.8851383505897676,0.3965312711371091,0.08156149884091062,0.6826405157617381,-0.8125392012710075,-0.4302467775338679,0.013749030853813226,-0.5070875594668994,0.4343123428906536,0.695742814679401,-0.09148136490717824,-0.2750679705179578,0.810920709231407,-0.20736402281594932,0.06182164683369645,-0.3376511305216838,0.7072034258703196,0.1449481065153877,0.40649062086067145,0.47946290200125175,-0.4060243639264883,-0.07916077492023386,0.5993585236311726,-0.08186057889378615,0.47535246340088955,0.7454070713182886,0.19085932232539685,0.4506929215022404,0.5251586072022337,0.6585653399289546
THANK_YOU,0.29602417060906117,-0.9999987930326396,0.25848930113605983,-0.4893246155388572,-0.8891946826924344,0.19390099965100163,-0.5386523284191453,-0.14355443219621503,-0.7358508128029492,-0.7015847170644295,-0.4983960240399501,-0.8264347567995378,0.7571679854068931,-0.9935531768610351,-0.07327449964250438,-0.7670002528883698,-0.3947272544467496,0.7844301035350428,-0.6407458878518886,0.9213387124001868,-0.6231104796079151,0.5432065713478939,0.030995535852032154,0.6448536131374754,0.12724829050293862,0.017409712317918158,-0.5687261895623409,-0.7896179027179188,0.8883345417784604,-0.29189806950685737,-0.33757937991501763,0.4125160942024624,-0.2103371553577133,0.828499714941381,0.4091319878543708,0.051397719445097155,0.7143959501729303,-0.8835200558229741,-0.42596900112152625,-0.15195210530518816,-0.6189916133078219,0.4982318192155991,0.8703071739530678,-0.24202764370935395,-0.2395976681986969,0.8935882590390116,-0.04060943132346705,-0.025386841342346592,-0.4387013752038782,0.781727639567596,0.19714117754991806,0.4523617574506571,0.5787317981614513,-0.3160422405674916,-0.3030269753502679,0.7738135909372424,-0.3184706748329593,0.5981524874407373,0.8463890711817645,0.3138326956509818,0.491122823250669,0.5750106994117219,0.6124003731837913
THANK_YOU,0.39160560777628667,-0.999998827825498,0.3942838009228715,-0.40931177739696706,-0.7598040410207351,0.21540511107943186,-0.44836577965348795,-0.20748540362929924,-0.8893165514009487,-0.7121842236035951,-0.3394816115448789,-0.7596300400072875,0.8397124282351519,-0.9027630898430475,-0.08692698922813101,-0.7532478612183533,-0.35466201096767813,0.6634426712157537,-0.5364065342069262,0.8995490408267103,-0.47986159402375117,0.36041503076077586,0.16048461692596544,0.8518671638993235,0.023848231387816877,0.11002597254325074,-0.5710971343545043,-0.7164971889424074,0.8100040424703732,-0.2740294565614499,-0.2751383314070097,0.5556267486948572,-0.3999700850667522,0.7602279651237837,0.4542343818185584,0.18421431700422533,0.6723634935895543,-0.7972554543769537,-0.42450882955224595,-0.0152791911300447,-0.5192629407264869,0.4927555676036714,0.7600969479380945,-0.02259585971896335,-0.3436992970181536,0.9890175976210375,-0.10138337723654554,-0.10115643679572947,-0.1980461926427312,0.7754785636818248,0.17920787314576236,0.5634316209463078,0.604594159840851,-0.33131931370974044,-0.06716958553322301,0.6535958451156203,-0.21626449172769455,0.42504182673068863,0.8532689583175774,0.193651791224657,0.5500653225602317,0.6087220187578192,0.6611724424602563
THANK_YOU,0.3790670451838106,-0.9632524581775408,0.45848491568346705,-0.2316827725171942,-0.822584117441416,0.30374687231826064,-0.5274335190381776,-0.2629770181490583,-0.7962291859498591,-0.6459952576975914,-0.40813972281004507,-0.7491854567789875,0.8005339442236514,-0.9999988098653635,0.00013805687399911698,-0.6660322555781611,-0.356016864390099,0.8798995045106655,-0.7166501688293204,0.9148912858516515,-0.6298704636569399,0.39369856768024875,0.05133893558159617,0.6760713984131711,0.07020534938991647,0.05306481285428695,-0.5300972437217616,-0.6546823197639621,0.6987296594259467,-0.2599914445992695,-0.2933954404738678,0.4912659557241303,-0.2803428816791035,0.8727024445857803,0.5181767750831979,0.21403017750334416,0.6740527193095426,-0.7280082586076764,-0.4510408179394437,-0.07534608681109756,-0.46253162303210976,0.47929202881980437,0.8220191612438547,0.003143611892892359,-0.3169851139724295,0.8599831081844994,-0.09807564144378003,0.04290820670317475,-0.3721395169188858,0.6629047095546405,0.09636878348702653,0.40200747586672275,0.5684668355625891,-0.27125137814958816,-0.1792658303695263,0.5786595392222444,-0.2562652398286789,0.6110429569400246,0.7388820501680088,0.28342844145619855,0.5087456273444587,0.6377454919978902,0.7295375947510196
THANK_YOU,0.517359111691175,-0.9946148852150677,0.3961246346501362,-0.4031707502930833,-0.9094774961023084,0.3229156722040011,-0.6167528277053467,-0.2868506553567039,-0.7706286435612142,-0.6571548367355086,-0.43686837883354923,-0.7852846949526855,0.8629834899570045,-0.9153578194423571,-0.028278235350919525,-0.7057635031787383,-0.2247254770204419,0.9106093096686294,-0.6895115707781219,0.9999987203358834,-0.62574684617184,0.6473873984494172,0.10709147578328158,0.7697426612347407,0.0570791089480589,0.1409623735959717,-0.5680529195227603,-0.7152052207691403,0.889629159634599,-0.44901709368509723,-0.2500717867295596,0.5609480225704527,-0.2207624549345747,0.8762614881217404,0.40535510593465496,0.14219037746840044,0.6943506531177482,-0.8366414289708225,-0.3983181418305419,-0.051098314351811266,-0.48085885984490256,0.5079578322786922,0.8522272113898567,-0.1773866419387697,-0.3430874055787863,0.845974550243609,-0.09600471358873447,-0.02500368322087075,-0.25605076745111727,0.8445191089516643,0.1307734677238257,0.48105093541836597,0.6430291854293035,-0.2765733849972754,-0.20891286988695926,0.7190797717162799,-0.26506871620669104,0.5558771017383602,0.8653023504287942,0.2670238505215268,0.42220292062123926,0.6470645727265704,0.6491681287796567
THANK_YOU,0.4169227225708207,-0.7712846017387328,0.31333545003335306,-0.3211261008978849,-0.8968420597353057,0.2733770014890308,-0.5737384979608883,-0.18854954812791733,-0.8579128776256404,-0.6900656754478369,-0.4498756381963935,-0.7385348235306879,0.7387817713786621,-0.915537225373376,-0.05164923400276829,-0.7304449703967976,-0.3604952972519007,0.7725488276850794,-0.6371091216020364,0.9865041040593527,-0.6117378191783136,0.5342704157801123,0.17955825851252383,0.6894297154907538,0.016368519308475885,0.0844958491777198,-0.6177441676789587,-0.5288767470750866,0.8019801074991699,-0.37879243031474213,-0.31452281772567403,0.5644193404862826,-0.343829624497523,0.8708420727437615,0.5143185763000845,0.15805446281931995,0.7287742418996579,-0.866001804648831,-0.4255635263401441,-0.03169476611806509,-0.5375638617499306,0.4722538043257745,0.782799603648847,-0.23508626298623786,-0.2877327668034204,0.9999987996520328,-0.15895255595379137,-0.06742840044123678,-0.33717365421621626,0.8300491967443581,0.15934984886484987,0.49400615261841363,0.5437453811476132,-0.2981936749811217,-0.22124834888928321,0.677867907081153,-0.2103192307741818,0.48942538689220344,0.754973020839833,0.33142626650387363,0.4273426953326319,0.6541333357025256,0.6534256866571777
THANK_YOU,0.3551330453552076,-0.9154958543893467,0.3225865624999053,-0.35701808653793055,-0.9060215340416886,0.13614203477639117,-0.49384408516854933,-0.24115478346950453,-0.8427552829005698,-0.7758793738032961,-0.3024665094674852,-0.7603657352870804,0.8757840107089193,-0.9999987586860417,-0.13937819983076938,-0.6270599221523618,-0.3857610685984317,0.7997231039260777,-0.6460401564861422,0.9976288233600682,-0.5857531231713192,0.5591306717976465,0.15992297174830414,0.6968077483519827,0.0654168775796319,0.12806835812012501,-0.7732117679895554,-0.6721787147076331,0.7383845376828102,-0.37150859924257057,-0.27260420926046686,0.49380168690291676,-0.35438953767084796,0.8297472937238823,0.6147979694898751,0.3094097786202245,0.684372340929942,-0.7963335759633434,-0.5072914583387208,-0.0614233074891552,-0.546175702267442,0.4434729017283198,0.8936535309493281,-0.14358710729131807,-0.3431183079382544,0.8357167316965612,-0.1649903100144091,-0.12362439983844871,-0.2938798716183042,0.739133292678539,0.12047044768940603,0.6057418870821226,0.6937154158458596,-0.316107274814986,-0.1370948175789577,0.8087763301262552,-0.23926777304467015,0.5634397176637336,0.7873490711386086,0.2691544256078567,0.5313690781307615,0.5667505906096392,0.7033577539743112
THANK_YOU,0.3363676170191368,-0.9367181979481447,0.2189742306825808,-0.3720908318700237,-0.8071770917594019,0.1756463225743288,-0.5021960819592474,-0.26677268587002256,-0.7958465038763496,-0.7011762658833708,-0.45114739500365414,-0.7187155968901848,0.8576571252321313,-0.9999987813365134,-0.0011385172855718538,-0.701869086704637,-0.33586170103012875,0.7275207759429698,-0.5983130604973056,0.8735949759811739,-0.5954638323085035,0.6317549822067525,0.10940830874039126,0.7261404439160869,-0.02909621205499346,0.15206843385785276,-0.6757826394705992,-0.7119492605699842,0.7919058461828633,-0.24938521471256347,-0.2023059293422817,0.4970026282302341,-0.29548668490945146,0.8448757896589151,0.4724357578199472,0.19444217736189445,0.8017230638847458,-0.8192729013156065,-0.44359451252078924,-0.09025329543349944,-0.48715246878433316,0.46997742291269196,0.7514731562801672,-0.1732113196016108,-0.30266908008776816,0.9554223761035971,-0.11871307648025117,-0.09503441905216568,-0.285804763193456,0.8054760686914438,0.14577732411039132,0.5672548458206348,0.6700661674163135,-0.3445796314277663,-0.1668304525281956,0.6160891146887145,-0.22405207876249997,0.6614140314912259,0.8406750441232871,0.22553204181946052,0.5605154813358088,0.6257027712278721,0.6993607806605667
THANK_YOU,0.297570557552548,-0.920061836302656,0.3267026514811682,-0.4450487997428995,-0.9234191579375306,0.1856731782221355,-0.5399773263789659,-0.3210457306774936,-0.790232142574409,-0.6444242459352874,-0.5333951236222554,-0.7703625476500539,0.7821992074540428,-0.9479236013205617,-0.03708875084840294,-0.7626310213185783,-0.40196847546637926,0.9413618590945774,-0.7650441213485764,0.9837464688272289,-0.527129041360013,0.5355753935160591,0.24211644137371133,0.7465929534073629,0.170256930654093,0.06339589662681852,-0.5397275187140083,-0.6777300734545545,0.8204892745103882,-0.26651177319406544,-0.2907226062235656,0.43762071352420256,-0.3598101135776087,0.9565161969785585,0.5710378684990648,0.20473685159003988,0.8564459121147827,-0.9999987318339858,-0.5210423228008855,-0.0892416300782605,-0.5612424784224828,0.5002319129920042,0.8944100942863787,-0.18287987481601195,-0.3115077412565178,0.9336555578780913,-0.17060713816835377,-0.02942892576272511,-0.3101213508138166,0.8205332492798325,0.1419290137917215,0.536767772594262,0.6052651903974798,-0.24019799366466926,-0.20869333231026346,0.6613566084633915,-0.1011910955530524,0.5305964065997016,0.8089630780787541,0.29657385465206965,0.3585709821636549,0.6041441485851273,0.8361712021315899
THANK_YOU,0.2526906556003066,-0.9999988352338827,0.2668665087342883,-0.2903993988173461,-0.762427711055254,0.17479759110438028,-0.4432555595005096,-0.1299828277028654,-0.6775483869327872,-0.6719018135834661,-0.5105286474860822,-0.812341371707099,0.7407700679119964,-0.9356236251033261,-0.041019125589504074,-0.6369632268036527,-0.2841936558561053,0.7840176000361788,-0.5665008564587166,0.8889667158703584,-0.5445324673713319,0.5029844250942465,0.09119679145001539,0.8363679083479572,0.01685259382582302,0.0344027716293591,-0.5749205701910909,-0.5964305878793742,0.8500237930211297,-0.32226610351329543,-0.3212190537066022,0.5332806521192737,-0.25640519499954145,0.7293846746815129,0.44318677963226283,0.08896448263432105,0.6711378897159852,-0.8919441062873914,-0.40561402662318335,-0.058355197762827535,-0.583680476378172,0.5058015475614913,0.6977444749826959,-0.12283870239465944,-0.34161235981737936,0.8388614329940463,-0.0734065542508896,0.00995864625696514,-0.19860630968094783,0.7584547795266743,0.1463543959428473,0.4631022414975148,0.5916898235674121,-0.26913928095485096,-0.12929435299248013,0.5443736126914418,-0.23553654950959527,0.5690165374580745,0.7822325135992236,0.15481750351078497,0.5362555453149863,0.5972081724797276,0.629683496339269
THANK_YOU,0.27684681177360465,-0.9337847932747463,0.4306600692388884,-0.3351861262600698,-0.8612442081873474,0.234672883663103,-0.5312425267799761,-0.12372140178296176,-0.7038740497636504,-0.6857203276655414,-0.4137061220019924,-0.918339176089005,0.6803260420046267,-0.9999988335461212,-0.02223743161161071,-0.7221699705503073,-0.4373971451386516,0.7787678773997049,-0.6019156970512627,0.9001800787326085,-0.6598775525405262,0.44336048699117003,0.006434841955586653,0.770153971770404,0.14650255913383933,0.012123409301680436,-0.6130525346132815,-0.6498272253967663,0.6459156375670693,-0.30171551220174253,-0.25464926874026933,0.5414989270623992,-0.364870143178312,0.8075870726789167,0.35618621887878926,0.12326181748475966,0.6419382456578115,-0.7824944282226479,-0.49412477606831234,-0.05801134524467788,-0.5317542540431771,0.3811680086619799,0.7725632000400677,-0.10732850259041381,-0.365071846880515,0.9085938644286675,-0.15248136304457488,-0.048608180935508796,-0.24591886154714387,0.7256576638549502,0.13088489251524482,0.4709496857053019,0.5894781403170415,-0.43401239576415035,-0.23045997957124625,0.686286859785255,-0.1947189070155889,0.4954768050740296,0.8088031373582432,0.24713956888885835,0.49138565666280626,0.4511515079164393,0.5922802846956062
THANK_YOU,0.3435536122404317,-0.8964833129727353,0.5309900466139142,-0.37830336227775363,-0.9668843523414041,0.24236836335125939,-0.43155864806968075,-0.21748203872976665,-0.8867272568587663,-0.6394695323361518,-0.3590204141405501,-0.8759411576975985,0.8372051380565663,-0.9165054245440892,0.04118096427330008,-0.750232490503572,-0.40303264824938206,0.9197205200222681,-0.7448733147714685,0.9496761367996189,-0.6674318010433254,0.5443305567568909,0.07646980195292157,0.8399304404999441,0.13734043951902689,-0.00726095852154145,-0.5149479124711942,-0.5649962248187735,0.8794169117416872,-0.38808168736506343,-0.2722665215400736,0.52355447830523,-0.3627445605297499,0.999998762250997,0.480123771467407,0.025645399067695716,0.7753260342198046,-0.9135063141003593,-0.4857496703214133,-0.09205490055164363,-0.4907452199896944,0.5523240653887314,0.8477163543771147,-0.17196463705202172,-0.31519860108422504,0.9152673038777145,-0.15887450313479626,0.014139887597441725,-0.26532150975921776,0.9064031230022299,0.2142497260242864,0.4767754619127295,0.6682677023332962,-0.37205398516511434,-0.0882421772702567,0.6581410106250095,-0.3341354162310097,0.5994399615390675,0.7078183522804511,0.13564221269260385,0.467533774478092,0.609316340747527,0.6604597732354128
THANK_YOU,0.2689119245888854,-0.9999987505276292,0.4043736002379929,-0.3312961159859392,-0.8891567631291389,0.29180441077588987,-0.4933467226412084,-0.2729862172104689,-0.8560082772153359,-0.793017755824259,-0.4106308140682287,-0.75065772123044,0.8641182584213162,-0.8999003194101759,-0.051188274142212366,-0.6690913016284913,-0.3965558769446036,0.9436946823913036,-0.6776907638231897,0.9754546837292222,-0.4960072685059675,0.47084416131882006,0.10695867483517281,0.849152837645079,0.09963174060922189,-0.013431657402161734,-0.4749454976042572,-0.6966073904303247,0.8425447642586327,-0.2719583424536799,-0.29374231708006626,0.45646281642929337,-0.3063650817672748,0.7917232882269954,0.4576681433548656,0.21008468676767492,0.7446038950094778,-0.9968329230427072,-0.38607546079329585,-0.06342941186246173,-0.4564031830278372,0.47135906270612776,0.7830846310163307,-0.13557870023096263,-0.32908252967265966,0.8491327999883734,-0.01842583727854606,-0.060769426221421265,-0.4115431172775008,0.9017265418645374,0.10634743201105244,0.4861548868085538,0.5130600566878,-0.20740548972992112,-0.21311387998839001,0.7003009171608049,-0.21635916199524954,0.6139683076935254,0.877885535735641,0.14000750739800516,0.43246415101219104,0.6216696255621805,0.640610400430525
THANK_YOU,0.39256710290957564,-0.9355709483568451,0.4542716526087089,-0.45858826786046,-0.7751536298871896,0.2761155003136498,-0.5350130948633967,-0.1633308110914505,-0.7130079301529493,-0.8209322108853078,-0.4314412103575055,-0.9999987101889868,0.8602453885144418,-0.9958050660123486,-0.03583321432343721,-0.8197145547854215,-0.5290665252470919,0.9033474929454672,-0.6042983742762648,0.9232219443419734,-0.5787717371551957,0.39738891308171903,0.12581368276984659,0.7680783944770428,0.06225699946811427,0.02228350843577617,-0.6538668278132225,-0.664138336384397,0.7748855429440004,-0.380900085872306,-0.26665808392025264,0.46531982100165203,-0.2167516676871297,0.8778778021925487,0.4478386156689268,0.1379728777210411,0.9020374078427617,-0.8938200528107213,-0.5617504784118323,-0.0008129515055571435,-0.550490569271397,0.5199369695777881,0.8429030915201918,-0.2056456718199263,-0.3040078558656405,0.9173481722775123,0.0033556677814447215,-0.10445807226059187,-0.20708220935013782,0.8380051955933744,0.16159147048631495,0.5947798750149947,0.6028296587952156,-0.2706399017249274,-0.3114458448766729,0.6727078503728149,-0.3417929247221603,0.5257539426513002,0.8962122511144196,0.27914618165044486,0.5439605885179069,0.6451628717537319,0.6691265644685527
THANK_YOU,0.3959193827404829,-0.9538595895797238,0.4443385079782252,-0.32341765632037967,-0.8982192518539143,0.16568803654512984,-0.5665216808047764,-0.26416052309797705,-0.8697808080034076,-0.697938285413525,-0.3640509689457516,-0.8344578014693194,0.8334289188793936,-0.9917636757169398,-0.06536825622389998,-0.8219625349459019,-0.5008277985991523,0.8192577720941577,-0.6555090207939698,0.8993530591855768,-0.6111710204319538,0.518989951390833,0.1275456180929625,0.7106690836936768,0.17253197647740476,0.14140488687329336,-0.6885968556764593,-0.7284431678633216,0.9192995800851346,-0.35812927350080737,-0.39973653815016014,0.43782427419131514,-0.34236223974626717,0.8423181744247055,0.45590725071107474,0.1994604422222589,0.8643493415134773,-0.9309704606427557,-0.4243233615824113,0.019623733419249764,-0.462372805409656,0.5122259187947987,0.7250791115950013,-0.12527688694128677,-0.25348504298846003,0.930051808011864,-0.001275118043925056,0.0322531356524689,-0.2646020463132558,0.8986064786638135,0.1608245685768291,0.37337280327331684,0.6001719699866953,-0.24463986363743376,-0.1854823817446609,0.6919166520849408,-0.3432263340989285,0.7085200941437343,0.9999987336375508,0.19368146474596745,0.49890699047314574,0.5750944414596463,0.7380495477118476
THANK_YOU,0.3844522983307452,-0.8645187707906068,0.38564842201835187,-0.17734891464162023,-0.9166574227964006,0.1084414275277216,-0.5223843722591147,-0.31209183594183454,-0.8967935765330617,-0.739141702988717,-0.44418633522490053,-0.8467905042828101,0.82167630777288,-0.9809059474524862,-0.0418507684807195,-0.6711785661722136,-0.41614547637550287,0.8039195150667137,-0.6289762278267551,0.7796087400922511,-0.7095206207500083,0.48563589793470546,0.11940229997092709,0.863941528106476,0.11340071410870586,0.11579128221199783,-0.5977560987772325,-0.6243712913249091,0.901666235511944,-0.4589938997408541,-0.22126893921930976,0.6283706731115904,-0.2931779467340415,0.9691134155564289,0.4199869642942043,0.18554702793063327,0.734937262465442,-0.9999987973702343,-0.5377060914309367,-0.13323408326675976,-0.4759179193810128,0.521768085417033,0.8261280833393182,-0.09712758279307308,-0.31364020307861584,0.9603933781670841,-0.10558690711411231,-0.017593700070989555,-0.3014269271120656,0.8292133204192291,0.10735735500699876,0.5631926116292162,0.5319030521682914,-0.3703947493224238,-0.08624987938051669,0.6652077499818306,-0.2904182613431898,0.6191127211288462,0.8120452570271754,0.22504393995076372,0.549078727983691,0.6796214940998596,0.7584785678584547
THANK_YOU,0.3249210400534893,-0.8096255040266659,0.2977073532097821,-0.3939422581225937,-0.9609346549862815,0.3008586408643264,-0.5312139081793121,-0.21743895818936257,-0.8312955323776681,-0.6145858678972448,-0.39676711476703397,-0.8371408394388667,0.7881618454716087,-0.9999988399236546,-0.07853013398004709,-0.8215063502708647,-0.4395661085942942,0.8011739606940523,-0.7418868234323888,0.7787295821162294,-0.5462189805025155,0.4168449302020512,0.20218443443632675,0.8200124836931453,0.049875261700651596,0.09646224087011601,-0.5218059034344744,-0.6541751295275832,0.6863076217456872,-0.32026668997261126,-0.2474566692272961,0.4569884439529665,-0.27350723797537946,0.7955379386726147,0.3748027475372848,0.18716780414272566,0.7293756840720241,-0.9042363492861429,-0.3970885205370021,-0.1675914989926212,-0.5402939684762927,0.43775234132592544,0.7411979090628968,-0.17426763355095135,-0.1844917157493418,0.8073400133029336,0.039239557614451935,0.005027515322625914,-0.2700164089410393,0.7877957518051454,0.2747352669508376,0.4289958721042407,0.5137628410585181,-0.3373326177019762,-0.12120699526390248,0.5467048670946193,-0.25251900986466347,0.6438117111307476,0.8273178257282885,0.2117166290154288,0.41263409523002686,0.6184149883420855,0.5925342826064782
THANK_YOU,0.45064382800799563,-0.7727447696555556,0.36949613809789744,-0.3437304815151527,-0.7686726592773636,0.268676055770307,-0.5305113915803268,-0.2418549241144161,-0.8595056771831583,-0.6343627060132427,-0.3380073928717914,-0.8439907294896049,0.7398515106891898,-0.9999988340754419,-0.08250506608159792,-0.6707018493103714,-0.40152991391085296,0.7772682679265697,-0.7259679409377016,0.879901370320118,-0.5514154651498827,0.40814099865794395,0.0760566505439741,0.7277476163691659,0.05321956077996655,-0.021591029996075314,-0.4628586155283076,-0.6595596236194305,0.7713111381314464,-0.262236131519341,-0.03289729906536908,0.4121467889174545,-0.27444822628610666,0.8020655040625634,0.41243988390441744,0.13976659043485493,0.6449305962483588,-0.8426079822941022,-0.5391524619064916,-0.010028684837448234,-0.5061094174619916,0.47962644181950426,0.7548468638147616,-0.1636118670123262,-0.2777344745755761,0.7931535725042248,-0.12374613657139127,-0.07054220750288516,-0.328660893605904,0.6410085849580281,0.20671271430069796,0.4490586439143179,0.649489412149232,-0.23272077671718033,-0.19866078390724037,0.5866166098947241,-0.10582664580328273,0.650402282692045,0.8208246356918791,0.2448502809078877,0.413974735681948,0.5943572503209218,0.6018553207411794
THANK_YOU,0.23327632657443756,-0.9999987886438106,0.36962070078166553,-0.42493316794799746,-0.8651245553264606,0.14774592430789826,-0.5497517059370045,-0.16771244295694135,-0.7979162916556485,-0.684442920181999,-0.3383175194088017,-0.7660063792426206,0.8838662713253911,-0.985217422513536,-0.05730368755483858,-0.8090157756156414,-0.39873302281966677,0.8842098148039259,-0.5769560473508578,0.9610257623094528,-0.6788907548895159,0.5337998938461057,-0.02088657569933287,0.7995820970850352,0.08237219964460565,0.10953254233623168,-0.6709576155016782,-0.5759691469034227,0.7184964262702863,-0.37416567108851306,-0.30837872871591915,0.39732920410637385,-0.30666214771421874,0.9855646898574875,0.6226730482954559,0.1947189388155786,0.805874475016607,-0.8588828090584556,-0.44063751599666007,-0.08848871901698709,-0.5173465955832207,0.5052836009541136,0.7774603501870436,-0.1524401192395756,-0.30951282742146796,0.9446171763403655,-0.17145258836429125,-0.0243478593077868,-0.17172176956857366,0.8642790976845274,0.21536426190127264,0.5096186772128828,0.6237765162954303,-0.245820177882195,-0.034010391795606706,0.5571931917749167,-0.3447077602073729,0.6490063898899492,0.8379474652663191,0.1981179800242618,0.39235295255241853,0.5577142818150306,0.583807027229932
THANK_YOU,0.4828985963288956,-0.9210737258861366,0.3647380941518571,-0.3207247385686798,-0.8025532530429558,0.2700557295061421,-0.4372252801053275,-0.25752856350460457,-0.830730122604807,-0.6371128385063002,-0.4233868180948118,-0.7952176849083431,0.8201894347603583,-0.9095705878138604,-0.13891564911753407,-0.6867407495626079,-0.3868058714239223,0.8683984915827309,-0.6084776864069954,0.99998926666811,-0.4881174546995801,0.5496117120672569,0.17786203041031143,0.762634381481792,0.1065696884409734,0.11981500814874863,-0.5457712550922005,-0.6654501131287215,0.8315291326687175,-0.33571697882785556,-0.2995690382535197,0.5815910897416176,-0.3089635970929641,0.9999987889596633,0.36259736542283216,0.1550711107283389,0.7400233928798666,-0.8038419403964956,-0.44654233026204854,-0.048948103881437756,-0.5972820984660937,0.4025512972468951,0.8318128436638804,-0.2303073044824329,-0.3381003330423907,0.9246620409438211,-0.16633920116412876,0.07598701516058125,-0.21334096753723064,0.6984149027855082,0.07715563548497874,0.3695979783124761,0.5567893356731614,-0.2600371352825779,-0.15354031641535934,0.7031236024015863,-0.3571456691545001,0.6178666957673822,0.820882201911664,0.23947726948127637,0.4625688880691411,0.5141814149110739,0.5987495101979028
THANK_YOU,0.4203779072019795,-0.9074219655763598,0.4375516683225451,-0.3411363759516808,-0.8634584694804243,0.10970146138234477,-0.5254783046863922,-0.2239159700539871,-0.7036306482297092,-0.6505905706433288,-0.3023952369544202,-0.7687798676356984,0.7629499127627347,-0.9626113122479549,-0.01719452009376226,-0.7973144704958846,-0.401175099149774,0.823874897217052,-0.5656966952177148,0.7869245262481421,-0.5036433261525446,0.4167998293964924,0.007460278705507356,0.8272569025877603,0.15091223505044488,0.14482167772192453,-0.5487928063242213,-0.5289246301394764,0.8519897821743038,-0.3476126490104924,-0.23010594348575758,0.586414329130504,-0.36426231320923574,0.8475558887778263,0.44817696291963965,0.0621613537571648,0.7562982595339569,-0.9999987729127586,-0.4737130130807881,-0.015556248110050441,-0.565292292351544,0.5817670838255425,0.7334396212171826,-0.076576102009818,-0.26852471215904294,0.8008946981857732,0.05804565320342787,-0.025412760256463815,-0.34509915064494856,0.7177517923029194,0.12188396427898553,0.506920778117644,0.6184802242882341,-0.3287751297824795,-0.09132940915790823,0.6603856482462901,-0.3871946702851138,0.5679305039831478,0.7205626029673673,0.2636091742450966,0.41431207764697364,0.6090325007210651,0.7580542336697418
THANK_YOU,0.3126756391916985,-0.8950896516940027,0.3578505714935063,-0.26176580072000044,-0.9238449209549587,0.16938743437901105,-0.48196352295358935,-0.25710235139342624,-0.9036603541323144,-0.7456308840088547,-0.4124156386473387,-0.7467016291463389,0.7103874070441905,-0.9999987328486277,0.006869899072189208,-0.7515875693122097,-0.3069296567405055,0.8591007900758286,-0.6975874683485389,0.9819766609789534,-0.590192612424475,0.46502597290606584,0.1273370878289548,0.7381657895249323,0.07074550614080242,0.03661440170317256,-0.5317141282282927,-0.8807764397976728,0.8694718592903582,-0.34687672129932845,-0.3658416993010263,0.5464009841684775,-0.2966335832083484,0.9538885874113409,0.3143714199175462,0.2841032683892498,0.7255017166970812,-0.8696487229317685,-0.44558871583077964,-0.12643220706681316,-0.5116900926285141,0.4700797539973553,0.7186826291243347,-0.0805663862485705,-0.3691719922617441,0.8816288015439342,-0.13734577805845707,-0.004955478034622878,-0.3043998225172119,0.8650600431073925,0.054936466977594765,0.4845080252604157,0.624820805182389,-0.20039640132640132,-0.14164179619884537,0.7752634234300406,-0.2747991082809943,0.5652930570183242,0.8784545830863952,0.23913124583109852,0.5281308845076964,0.7056591918913457,0.7223364473078205
THANK_YOU,0.3965398341028108,-0.9059016347893881,0.3178001059966954,-0.3706384966561628,-0.7796206477423917,0.17693633938284664,-0.4242201618001831,-0.25534341147067147,-0.7502645386110464,-0.5946715433612679,-0.47836722389889563,-0.6172240706845786,0.7213778564370498,-0.9999988783927972,-0.02009802886934815,-0.6742338616833476,-0.3497262958852375,0.8201807083638473,-0.5651963380892234,0.8526744202197817,-0.5027281433265227,0.42765520010640606,0.18333585667620755,0.6070207308870366,0.10472647502420228,0.06566559534129353,-0.5009133424807772,-0.6462989119219364,0.6496337833389008,-0.3001619747262589,-0.21378603543357425,0.5498094101486365,-0.36048514992542224,0.8760140363150793,0.5597438492642417,0.1536585534335962,0.6111471043374925,-0.8310876807050439,-0.4351829712176786,-0.03112737192567611,-0.5231221680712086,0.5249213976902322,0.6897954217498723,-0.23433522337797305,-0.22123962131843797,0.7007242343857734,-0.11041392464585612,0.15518725182663595,-0.26690032153587634,0.6721109740783694,0.12052667631422852,0.4676421220778752,0.5685687644062287,-0.24667325939792048,-0.1772639934718287,0.7199958261266237,-0.2316519546648332,0.5682464924074417,0.7561654200472934,0.29325060054913626,0.4192018579379285,0.5630841932995825,0.5668694038697141
THANK_YOU,0.3050630142062892,-0.9051950218566795,0.351942634652052,-0.42065249208512484,-0.9275952181142504,0.2629919709045519,-0.5570334378779871,-0.2334565564435677,-0.8368868297223773,-0.8245104625201563,-0.4953916958521261,-0.7984977555106653,0.7746511642168642,-0.9207468569734981,0.028111877180879413,-0.7077009959676556,-0.2705787880311746,0.8459028194596656,-0.635287319670924,0.8940581118166898,-0.43461241254023064,0.6063758385755187,0.09398337320357134,0.7921608844492346,0.19270950655337474,0.059849823984777686,-0.649337554893251,-0.6121764183519416,0.8368684660126345,-0.3324842710571398,-0.3076053647875513,0.4117946943238995,-0.3072225134115095,0.95952436529134,0.46118475992947,0.28429144676832085,0.7169283430885669,-0.9655392804215583,-0.4894844218597099,-0.0749986479878018,-0.4973183113923846,0.4388443651380614,0.9228057117820984,-0.029491776270606913,-0.3177968894068052,0.9999987515101927,-0.1761131720299006,0.04524342007857782,-0.23096609959870829,0.8720069828416294,0.13677283096797738,0.33929819516723003,0.5828005256529158,-0.35499226311391735,-0.19351818838072965,0.7037324908421513,-0.29931245899274544,0.5356840445503637,0.8148240120987132,0.20145749842311939,0.5526797456372823,0.568193262769584,0.6571007893173009
THANK_YOU,0.333552909243535,-0.9126731995287304,0.4018107033446963,-0.5488026299457793,-0.8109448458203548,0.3042505831036789,-0.5743116316008917,-0.2823763280556641,-0.8525539371520714,-0.7403961912835,-0.38356023218706714,-0.9264630073886102,0.7392734922770414,-0.8768693942956638,-0.08879096067776583,-0.6645466385934072,-0.356402821988225,0.7267433370253541,-0.6263056807955723,0.9089312497828639,-0.6066139840317119,0.49014868365773345,0.12097226309754398,0.799651777469381,0.1786052992435261,0.09305247812137571,-0.683496322021843,-0.6855446513276158,0.9999987707981847,-0.29406727127469934,-0.10596214649983894,0.5967646455176573,-0.30212837152459415,0.9076060739447416,0.4656897803402858,0.08481069351525812,0.7502244222390715,-0.8113922082220341,-0.514644296142766,-0.043445173599956935,-0.48461869687060927,0.4237848760300156,0.7967289214265747,-0.2124839837374305,-0.36101180404902505,0.8286060588886233,-0.16380162765327747,0.06570111330298797,-0.34802889525599595,0.8132405574659771,0.10470996911854864,0.5880779730848297,0.6938215685225457,-0.25793329210249544,-0.11158981987135799,0.6711464801969723,-0.34219155943135626,0.6975384208435954,0.8206201289009901,0.28310842751267196,0.5403349168549716,0.5659142819583353,0.7423937245980139
THANK_YOU,0.42018191767480084,-0.8507776857890644,0.35470898387750416,-0.453209957754588,-0.9304713529095199,0.23529870611719195,-0.5205499212914791,-0.2538012297612727,-0.9689516095644064,-0.6838827212790294,-0.2839353604912905,-0.8003767621825141,0.8694035149718657,-0.9628485226388902,-0.007548187592224139,-0.7031043872623751,-0.3639835914819356,0.8419511551888503,-0.7345386182938352,0.926418612783606,-0.5751822829217608,0.4685944034111382,0.11427302344396012,0.8053714151432904,0.16186241592069955,0.15097408265919818,-0.6110115927426781,-0.7577137632996479,0.8205453203767444,-0.3454155794602545,-0.3747434642223115,0.6132670186087358,-0.31698374063667506,0.9384077604723936,0.5675197570937323,0.15722511662230948,0.8066492458433264,-0.9178743856156277,-0.5029802716571712,-0.11952010319982675,-0.44691875314130214,0.46956985440491583,0.8920649071422724,-0.272683807494185,-0.24471014103220506,0.9999987359256847,-0.1053787993266985,-0.03649342424949657,-0.27475945100285054,0.9729796033195068,0.0280206573604845,0.5796800955593051,0.5730173815424221,-0.3211222191341642,-0.14977141296501675,0.677719445974608,-0.2772300713573052,0.5228055333891488,0.9569633368693481,0.13579877223126716,0.5228108795454345,0.5964268020836413,0.6238424085026363
THANK_YOU,0.36344764915934663,-0.9999988056717989,0.3655369402190406,-0.43638572448731516,-0.8214004504779113,0.1546446631522918,-0.5222362429582895,-0.19874928256898525,-0.84761210384469,-0.677706009302864,-0.4764508988016164,-0.746265250069078,0.8904525463491346,-0.7771664243947219,-0.025397678800388124,-0.6728771752302315,-0.47384343217139047,0.9039058154127049,-0.6001227972636696,0.8612719141980945,-0.48832491996828004,0.4464183474714832,0.061845138459935,0.763095354630606,0.03967735499893689,0.12704784342134753,-0.6450168783189947,-0.7005161993369992,0.7415561733440778,-0.2836336951341959,-0.28127284289711485,0.4160060870867348,-0.34416529169779775,0.8619440304986701,0.38413871382749315,0.11740572586226616,0.8539411686354699,-0.9120592609167395,-0.4835259350439464,-0.08874302260891978,-0.5468854835894952,0.5031891464294244,0.8576948509640608,-0.16394009313636126,-0.3755108247213284,0.9580938841991912,-0.11107629920545656,0.08240092031424448,-0.4175843140108259,0.7942852445074154,0.24634104784243038,0.4799003389398623,0.5823736334697253,-0.2845677414660009,-0.16007444824484623,0.6472676524450091,-0.2814818884229134,0.5242207168018277,0.9160862093173308,0.2629797219884117,0.47669827195128384,0.6313030759365672,0.6435585517129246
THANK_YOU,0.3068573630135611,-0.9483502470190125,0.3653291149345539,-0.417017278786669,-0.8837966478287914,0.18003716856242727,-0.3705201250205795,-0.3841081696988227,-0.8168045494619761,-0.5744271200480211,-0.3809193191804185,-0.7431322636303792,0.7954991649614777,-0.9893290411426794,-0.16565392549736918,-0.7116845043195648,-0.416170869494654,0.7707148578735079,-0.6801039495547616,0.9999987989081333,-0.42096722884803933,0.4772732753838114,0.06179048653554981,0.6681729824350044,0.13189936492540696,0.17348574603876885,-0.600106596462983,-0.7842923574838317,0.8406263316893454,-0.2716736436370499,-0.34106285608895304,0.5099140185289468,-0.28264229207483377,0.8643592153215458,0.40974754715213996,0.2482460501419119,0.7077593204095171,-0.954735739466787,-0.5899443960180484,0.008528485824297593,-0.48764466473549267,0.4740072743270619,0.7791712561926594,-0.1782633269555997,-0.36798412698367466,0.8610728354034733,-0.23330064657083818,-0.06525020681224852,-0.3037646368950039,0.8236746421208846,0.13011722468987352,0.5515720072317916,0.680235381502333,-0.2403781524717775,-0.09916644144029862,0.6703869907774587,-0.3216894408511888,0.60930599608137,0.948352212992303,0.25732420225751956,0.5794867300302677,0.4947022515265464,0.5937660928343
THANK_YOU,0.39568093032228235,-0.8762905053138891,0.43421168462343085,-0.3464301233385558,-0.8856680421304751,0.19378283276113004,-0.5769869645282811,-0.278939311330633,-0.7309373458222465,-0.6116889103637454,-0.3582608098005915,-0.8718410507257406,0.7508455510144981,-0.9999988257063109,0.038755229735045096,-0.742142072467755,-0.4250953046253248,0.802259956028715,-0.6732183886234836,0.9623558806043094,-0.595918280187983,0.37171604493519217,-0.03870712958506351,0.7205778896411466,0.06845275338130687,-0.018965406357808218,-0.5023697407269916,-0.5879345176810759,0.780872126872251,-0.2433636416174148,-0.2014402070012279,0.4398611271599442,-0.36384719186286624,0.8973940532901011,0.47030788490616543,0.19302355812296101,0.6659506017537582,-0.8105364534857569,-0.5008064743559615,-0.07168029355458012,-0.4280149359368782,0.4194654418441639,0.6952797845392666,-0.20502600357073195,-0.23823236436890285,0.8821502374206213,-0.11118209877662023,-0.05046791291477343,-0.2502328360646422,0.719633376146573,0.14750543955810883,0.4496565597824119,0.533138470941178,-0.3345749487637615,-0.1466216550054178,0.651866100378322,-0.24310069134582837,0.33570467128787373,0.7811462544534556,0.20850535396649725,0.5423554806823281,0.5098261445558034,0.6578431635270646
THANK_YOU,0.44715482336415885,-0.9999987880134428,0.39240947227105427,-0.4052295151707722,-0.8920782469967338,0.1642785685564945,-0.5469777259431405,-0.054554914952593604,-0.7621552095019941,-0.6174488606022385,-0.36194372511586703,-0.8928676346261614,0.8205996437788664,-0.8928441362143765,-0.08301335096034237,-0.6720922786302914,-0.33026227225456767,0.9384379164065751,-0.6813520156156941,0.8368175272883738,-0.5924316365990853,0.5554344391089714,-0.020284619302770177,0.6202307008954611,0.11011985357768896,0.04019588081213567,-0.5900929903273044,-0.5899555842647248,0.774161472836163,-0.44735535629076556,-0.12416113167319366,0.44341308607769037,-0.376726974002532,0.9435144643385655,0.4380846298802183,0.18509130921996553,0.7678804598802189,-0.8077301275203653,-0.4913062959768599,0.02430728127474858,-0.6588653792675555,0.5190182890707509,0.7620443915681981,-0.06466462441413474,-0.2975252664366018,0.8542516416869548,-0.06677325140645612,0.03288950719717946,-0.24877902437028301,0.7317886900899643,0.10438587768997196,0.5081565093018624,0.6021485745287695,-0.26124886445387074,-0.25068018696756417,0.6960089646329213,-0.2827449560360484,0.5191801149371279,0.8101686271969757,0.22592606711880336,0.25033510189812086,0.5491404687143182,0.6160196761684412
YES,-0.5365867014566338,0.36556301213971937,0.5197570317076675,-0.029430987589967712,0.3950442591065783,0.459382832827305,-0.689942365242485,0.8016289769218029,0.5923425060880896,-0.5634545164705768,-0.5930128645605255,-0.8179225546709744,-0.6454313059015525,0.4815096476821549,-0.12090137216512226,0.6475054830656789,0.449465418415535,0.1829202322781639,0.3940915588679907,-0.8071396779493569,-0.31871710796849606,0.31241348760356585,-0.9965038600996202,-0.8864397150749017,0.6400594662568693,0.3933448792531084,-0.4004015007277414,0.45629479102835035,0.4295801545818703,-0.4064845056927177,-0.8082099659891073,0.7426326826782474,-0.2475120158681438,-0.683638094935803,-0.01723744465643228,0.42774456088601365,-0.5386735364367223,-0.35305605404151663,-0.3993813043812523,0.9510914750728668,-0.6360122874642078,0.2478968333000964,0.8608814538677123,-0.7285177850963465,0.9193774384788168,0.8720160242498092,0.6962222551847617,-0.5241923920748912,0.3219312560953373,0.48041227370532263,0.9999988067667869,-0.7148536239993543,0.6402349947320278,-0.3043348047142066,-0.5552670250945523,-0.1370623077663473,0.5118509044024295,-0.06927810044254439,-0.04228411682633434,0.9864153538830005,-0.18105749891509682,0.20889140314770266,-0.21236484447466628
YES,-0.6374885366298951,0.4598743255842854,0.5813934491247272,-0.10621165324566222,0.36410609132467375,0.35272647308339544,-0.6932186160404337,0.9303220773069815,0.5417008699547684,-0.48642207937544923,-0.6576535675953259,-0.8523936576654019,-0.6099570511144308,0.3612483920601671,-0.0004167441243547775,0.5916741887256393,0.496322323478854,0.17098494957716723,0.3914141194926067,-0.8694501044429078,-0.42424500767364604,0.32605189581616134,-0.8940222571390232,-0.8868555781229353,0.6490212635584701,0.4130668983543457,-0.4236959943972157,0.30257670509701945,0.5442340610556733,-0.3246503164304205,-0.8917303974519788,0.9039991664516961,-0.3205563522328614,-0.8227425238757745,0.11700439824561251,0.4182616055476315,-0.5694062338683616,-0.42955006917738453,-0.4386576712304944,0.9914682984488304,-0.44621081251306605,0.13915967616184094,0.7708693460271726,-0.6972367596542226,0.8926464773245243,0.8626008815075454,0.6854220341241897,-0.5054274088970028,0.28210212895709175,0.428828313016495,0.9999987894150406,-0.6681169501683992,0.4436801915884343,-0.3069458658799438,-0.7346916972582451,-0.11660565160053066,0.397308466916614,-0.13039022784269197,0.16802171867228716,0.9175290896466948,-0.2263846909422445,0.30061785661918367,-0.3090047861039359
YES,-0.54769709999516,0.4560373556762469,0.5094591036868992,-0.14803276192766485,0.3489043095227021,0.5732532312479967,-0.6739094980032618,0.9999988829340691,0.6692334372441594,-0.4991865870630099,-0.5443174403674449,-0.6950198060388901,-0.651294041506522,0.4050734310790673,-0.05779085752611056,0.4296067248229241,0.3610572462039777,0.2596408907020085,0.24304124515502668,-0.8113517206230959,-0.4422183356132774,0.281497673285292,-0.8885447279503416,-0.7609130064670364,0.6103883377106092,0.2166692088525715,-0.4298584103748773,0.3448645848330885,0.5153380237445798,-0.3131959706848092,-0.8607658778445458,0.702943273702692,-0.33254461043206757,-0.7321446110420056,-0.04384085721195905,0.6142238304495271,-0.42739950751225436,-0.3736367258976181,-0.434935647375753,0.8955132138135933,-0.5237966818349311,0.14409776267659843,0.7623186114273052,-0.7479412063117634,0.820943317443575,0.7863569252229143,0.6455150069808258,-0.5412345433823418,0.25639516151114017,0.5091651979115882,0.8853937268390578,-0.5297122988037971,0.5179240897414601,-0.30485109924034515,-0.5504144451816265,-0.23806408452270442,0.5037087078599232,-0.09085420443322319,0.1525948929547925,0.9038285684270573,-0.25485616222824525,0.23946586792139607,-0.19003537920129385
YES,-0.6243490334424308,0.4499080728007777,0.36006447731567015,-0.22872151229122353,0.3322401575414695,0.4509618599050327,-0.5882627628756958,0.8078138445519836,0.5517314728233821,-0.5487194627030374,-0.6170823875698244,-0.7338207471719101,-0.7025026378472096,0.542161672791073,0.008497402702852097,0.5317001159183034,0.5584846199391279,0.2258996813797014,0.4169098878076319,-0.9531890489686967,-0.39108839519985583,0.21941505363877753,-0.9247524211707531,-0.8718680829968858,0.6785593358552272,0.46050526409060105,-0.397537310983762,0.3221597380405343,0.5479823744769068,-0.2739895023290586,-0.8238429911803524,0.898571493556363,-0.31846424215968344,-0.7792867582747214,-0.056092197095465535,0.4796638920828137,-0.5840190317230607,-0.41477191373325906,-0.46395135008455046,0.9999988285141297,-0.6702857329193972,0.08625178274899835,0.8442927373113716,-0.6511022801976564,0.8851827358716771,0.9127705575831917,0.6616756844214697,-0.5777136125904963,0.20168593309505956,0.37110441222910706,0.9187794539151708,-0.629632083966472,0.45570378480094637,-0.3556506742371344,-0.6090379196312095,-0.19414317182623336,0.5637375522278496,-0.03898857938077376,0.053077773538962474,0.9068843182354607,-0.17824224372469008,0.2146147137280062,-0.17467007749615848
YES,-0.5980012466955955,0.47171454446115196,0.5397942420075589,-0.14723192930222773,0.3670737961017853,0.43761913516958256,-0.6245770136867961,0.9826818784781554,0.5710334899345814,-0.5484227468733093,-0.5391786667029904,-0.7021585257562822,-0.5791370330143893,0.3846250742251028,-0.01709469742498409,0.5671385593724512,0.5268926123887241,0.19890222068710406,0.3999007815112044,-0.913627670590675,-0.3981072120168368,0.2020201385427719,-0.9999988333011104,-0.8975470905705193,0.6750463666517342,0.3313811886077601,-0.42644025349220466,0.4229102578897971,0.5157466447681806,-0.22413956629917994,-0.822030423978652,0.7963890276643647,-0.3018160931763904,-0.7933968687711773,-0.016701124284733714,0.37505713613704006,-0.44635098021777886,-0.5946039587324007,-0.4778430820349584,0.8510805127919984,-0.6057651823063758,0.1075985140033721,0.9061805495813412,-0.7235026782698183,0.9322853915063916,0.9030058842846911,0.5814754572133357,-0.568739112866548,0.33683885475760356,0.4103136306512273,0.9771785567116232,-0.5976009211163466,0.4930312851983044,-0.2968590043164246,-0.585530079136728,-0.2025141970628372,0.5333172928862362,-0.04399667407713861,0.0803636805697627,0.9446951483063131,-0.23025907790641306,0.2523058311068395,-0.24417315304434034
YES,-0.7411338440459638,0.39400772298870024,0.47257256193276037,-0.1289416207271124,0.38881986738374863,0.4979513920718993,-0.7442961615251461,0.9236778347041907,0.6303646668294033,-0.6243500665214188,-0.6336188562529472,-0.6779314754108536,-0.6967240809510397,0.5178733987469765,0.01838679756916795,0.5787997409295017,0.36351564730407115,0.22070326128289366,0.32607215738254786,-0.8297140382890481,-0.34304338335025036,0.23257755336172511,-0.9231712388891475,-0.9060611360764763,0.5820709141267,0.4118497717486549,-0.4827204325737881,0.4535463505197432,0.5632667236344361,-0.2893311968186964,-0.8797074888678666,0.9041768137536185,-0.3321990829121311,-0.7465898103903345,-0.12119174635332895,0.5162830055583543,-0.633880140439885,-0.5196600368129,-0.5565412091858535,0.9999987800398881,-0.5996372741059667,0.1493276286394821,0.8194399367481706,-0.6233135671210391,0.919323895248766,0.8886255686471314,0.7158756675469996,-0.4870557785673765,0.3363522183823354,0.5069933523170249,0.9130546655928349,-0.7223636370936111,0.4662829279037627,-0.44683800014185415,-0.6887038149252789,-0.13169272895502454,0.5704746511629424,0.07310371266698652,0.0506089772712796,0.9391234267263837,-0.13210538234602226,0.1077156377152847,-0.35341956354039206
YES,-0.6220511858331045,0.42673126362026637,0.5319211255870493,-0.13455343365496109,0.4452725829063549,0.42337833986869233,-0.7223300779214789,0.8640509102299652,0.6336709697515114,-0.4666933158992433,-0.6573476529265454,-0.7605214119465553,-0.7394091971939936,0.5096501965840889,-0.03158184914760051,0.5847203121412338,0.5123984553180718,0.19886700160319237,0.3808083275527351,-0.9813172996935696,-0.4920520043331103,0.44215590912193325,-0.9402610105374369,-0.9999987440402359,0.7215787664218147,0.2852695857626937,-0.5025327424360024,0.28465212398524803,0.5844877893058729,-0.4875596973676158,-0.9079572410354784,0.9125271790716478,-0.3630493479415978,-0.7806850823994897,-0.0716238980073194,0.5716312739048148,-0.6026034649490991,-0.413672218967987,-0.6307877208887073,0.9249240485731722,-0.6777094105275909,0.16453077312403094,0.8894429627441264,-0.6919504611776988,0.9142355815393486,0.7236955981393862,0.7752415336130914,-0.5241209414663456,0.4377189749036883,0.49761954242911277,0.9349099595784718,-0.6220883576158721,0.5185022866655049,-0.24384390713851728,-0.7025927942224643,-0.17362297349200495,0.6454981508959394,-0.05127091312462948,0.1483255121883552,0.9676250038086084,-0.12341173123411085,0.1274160993111591,-0.372768283964372
YES,-0.5417395070145636,0.40807036748421255,0.5576745146647802,-0.0644938494844323,0.39907102196953365,0.3628108707955271,-0.676534828364693,0.9492755237425604,0.6023429708897607,-0.5116540360918604,-0.5474512916484757,-0.75756074683549,-0.6247966914367631,0.4447702729904312,-0.07176527630837395,0.6502692129477067,0.49433595274820447,0.15797277822703829,0.35151924497750464,-0.8966020584378572,-0.25289956886889714,0.2594741175625214,-0.7867989526904334,-0.9470693824168055,0.6547285477296172,0.29890279671397857,-0.4666691704014428,0.32314588374441133,0.5042400222868072,-0.2596281084563808,-0.7827918098700475,0.8310350812179278,-0.31655126757567137,-0.7741367658488898,0.028061307484095417,0.518457236878162,-0.5278449395029459,-0.39856846586226546,-0.42812814561093243,0.9084685545043583,-0.6105482477529827,0.06388240086332582,0.8081490819801664,-0.5325070808738964,0.8138386141483926,0.899094519842288,0.6782098198906764,-0.5602727711191572,0.3034945676131791,0.4719330834618383,0.9213937054498146,-0.5829630636939075,0.4570992696784134,-0.248598657172521,-0.6088647193582469,-0.22767539917791432,0.49624888205831535,-0.24732711720202152,0.07304901366993911,0.9999988337639963,-0.24932097917554918,0.24947901389746602,-0.2263441427724311
YES,-0.6449778427535667,0.4858001178925923,0.47685172665973247,0.0458485340193822,0.2971058736732436,0.41478881765761305,-0.6680009597789531,0.8475511673634032,0.6260661936538949,-0.34514866631921215,-0.5462109620498049,-0.6810567155576815,-0.7217039868949789,0.3447310272335184,0.011348305761547642,0.4846521394080359,0.5972940348568005,0.2401762269800807,0.3592139918464143,-0.8556069970359982,-0.32012372177987575,0.2116867921195185,-0.9942712311657103,-0.8827781030232487,0.6404629130453707,0.29857983735259397,-0.5010107315786267,0.3000395459316832,0.592168473222568,-0.3095983895904801,-0.8360608578188039,0.8224242192914799,-0.3467311128644338,-0.7627181706216128,0.0028732921715491733,0.4322025513418865,-0.5012748225255275,-0.49215703643213743,-0.5630217801227518,0.9382781503432635,-0.49313645064657236,0.10173894903367198,0.6886567092412985,-0.7695360064569582,0.9633289962784413,0.8221184279395344,0.6664556503406797,-0.5411092864286878,0.13538578281410227,0.5109334402967289,0.9999988605950194,-0.627196563773995,0.6207641167054426,-0.3005048158572349,-0.4963931722987411,-0.1258311482258212,0.5531173328931732,0.04096841477580353,0.11299724990696211,0.924054545397121,-0.29452702962869937,0.124515064145323,-0.21954229347483578
YES,-0.525902024030204,0.4113528721576951,0.4652259669395613,-0.1759232909085103,0.3505686245669628,0.443810569666366,-0.7183120866691926,0.8062322178042192,0.5906314918617883,-0.4627167253214223,-0.5407141979099541,-0.6756311279554248,-0.6577437640140922,0.49069638695168605,-0.06247250603555729,0.49938997383604555,0.49797657460427,0.1804043823357916,0.27591182964254857,-0.8071605432085047,-0.4560675827720731,0.34256208399386,-0.8779531654313951,-0.9195197653068142,0.6520390714512407,0.315480125408185,-0.3871580216389038,0.39306897487008596,0.5674076995979568,-0.3141088495122277,-0.8644977191147023,0.9019958718326452,-0.21555986384712117,-0.7551734230886951,0.03179579944522243,0.5382037468534201,-0.5296808148275128,-0.44575555588745486,-0.40554216667312765,0.9082499011282437,-0.5444647116403061,0.22059332032693188,0.9326891439818238,-0.6833138686042861,0.8578412216301782,0.831657284284925,0.7166595657615374,-0.506036201018539,0.21954357177400824,0.4092241835264456,0.9999988443807893,-0.5555266779004412,0.46769602731066284,-0.27279833415370747,-0.49385401848248345,-0.1909059534568844,0.5554997640629412,-0.14530010708852079,0.06254197199888323,0.9511726364395802,-0.2509557510160652,0.20255825157444965,-0.20294165524230723
YES,-0.5701182405863863,0.3332140206128368,0.5150723579397369,-0.03694652945787853,0.39751798975946395,0.4935162190430137,-0.6949014362143513,0.8757327262820535,0.5202820289025897,-0.6316371871143186,-0.5290688349514241,-0.6831137696892441,-0.6875136718710914,0.39279099190263034,-0.008223758316507812,0.43105643786234815,0.5068698276446274,0.21699430414642792,0.2574006839247399,-0.8732463229682097,-0.19247557578558752,0.31988304663156725,-0.9442142963253233,-0.8127727356068651,0.562364704082413,0.25805998208270275,-0.4327470478968225,0.37510754647146527,0.5809554629798883,-0.3060400749565592,-0.8198574431358681,0.6989179017395852,-0.28649070657178893,-0.6640124431755388,0.010437308869048832,0.5011597182438569,-0.4900195112531493,-0.40351770330565934,-0.582559181645341,0.9647472248594097,-0.5594576896053799,0.1784710426654048,0.6456709062063305,-0.5505864713768891,0.7946579395268494,0.9631582257266476,0.8240555502552194,-0.5974738607939194,0.29172457123165363,0.41879953059901687,0.8519292103016352,-0.6194190725606166,0.5118811172484921,-0.2761253619397615,-0.6615927668643807,-0.1185902023825546,0.5254699865908617,-0.1682528971109001,0.04379794015068823,0.9999988575050593,-0.20729335005864838,0.10609706944350522,-0.1998063025262765
YES,-0.651521077485599,0.4083094352631248,0.48003592703641124,0.031518326997731654,0.37852115361352784,0.36298486621435083,-0.68252405796051,0.775738445595327,0.5703038154726985,-0.43560034694785,-0.49836204294819464,-0.5631575757628376,-0.6286093955475145,0.4581285287924354,-0.11160162661652132,0.5283575783965354,0.43917371902263685,0.23382986758791338,0.2743619821278308,-0.8704332443453303,-0.4304929853766426,0.2690603578276466,-0.8514647025091614,-0.9387939139321266,0.5621947878800245,0.260270600626772,-0.43554679410111374,0.26165960026834867,0.6084617114316515,-0.325644859772605,-0.8074075998135128,0.6947562692855501,-0.2074692787229656,-0.6767972750319182,-0.05343472861457793,0.39947171761748984,-0.5090816973542877,-0.44444136267635315,-0.49064351351508245,0.8516288211095072,-0.5078480942534184,-0.010423033630388639,0.8522119815069746,-0.5837590771947756,0.8657912059727854,0.8032946485823765,0.7587622951163207,-0.5200209432641196,0.2273184840346327,0.537633392505246,0.9999988666185367,-0.6345488025649694,0.5064871005973126,-0.35388444625912885,-0.5597948659032748,-0.18667469099398556,0.6015023985256096,-0.06941540317399526,0.07067868104875745,0.9903609758076256,-0.2244948355681678,0.24807829437807985,-0.2802647777744718
YES,-0.5612962973129392,0.5256264606858868,0.5018204052398457,-0.20357872301130955,0.3690410292766596,0.597791353674129,-0.7286205810975594,0.9993791603529915,0.5788781891798006,-0.6040767117699355,-0.5547328525827211,-0.6778516353236397,-0.6419340677022706,0.4758397204060688,0.0037904064176372287,0.5997570155756432,0.5406993536625545,0.16312556716236631,0.41902657815937144,-0.9541811770672551,-0.37009311494720054,0.2534679353656674,-0.9999988023296174,-0.9988723941209433,0.747594205489514,0.3105886285229276,-0.4657685183770098,0.31643015035384564,0.5450573284742722,-0.40053007221067716,-0.8124828232258069,0.7939613173004479,-0.19400409958365472,-0.685864638797049,-0.04401600981935831,0.533608930245668,-0.5022993416722332,-0.3913215026862182,-0.4367097502831619,0.9533558255657483,-0.6370111515600984,0.1830959716836738,0.8007601516940223,-0.843669844843197,0.9256562523713122,0.8135272755667899,0.7094948750573463,-0.546626953710758,0.16384817991779407,0.508265477352679,0.9123964512792961,-0.6649260970717594,0.5125472686036677,-0.4101158007262,-0.6170593225309926,-0.12248209520074956,0.5813490748858082,-0.02011619594052748,0.14168989094075704,0.9439890282821054,-0.12773471592232205,0.21604410653393522,-0.30011502438577037
YES,-0.638600445836402,0.42279649731502744,0.5667048526763476,-0.07014032231162905,0.3598477250558339,0.5239554398308784,-0.7578957209049394,0.830160397491926,0.6504625173517723,-0.44798407581166994,-0.5570351716033499,-0.6832686898243945,-0.6910629214239556,0.49454000530315917,-0.04903288976187915,0.48347819051844193,0.44105704012527486,0.14448142493903737,0.3482095205906512,-0.8884319157733291,-0.2556649790327908,0.22212069445930502,-0.9251884551440995,-0.7972501916470413,0.7611291665147026,0.370705190171979,-0.45215860263598723,0.32283639398908576,0.4378171230187288,-0.4142125237248848,-0.8589819950406113,0.7962243027667067,-0.25229231949828956,-0.7449507180830357,-0.057476425380342075,0.5203506949585827,-0.37294882576899985,-0.4481935351221166,-0.47152841324097616,0.9658925846206047,-0.5973860605954039,0.21492574544162021,0.7007726816466953,-0.6819918032655256,0.8596153382631124,0.8429728455570155,0.602053636598922,-0.45330737167150426,0.2740296651701494,0.5517526783765805,0.9999988349027783,-0.6388811472517751,0.3506054124776959,-0.2337182980246546,-0.6213659086807196,-0.21257818507718546,0.5813281040365098,0.07798873318139368,0.06360456292798827,0.9784613133493643,-0.24560279770306306,0.11686311859924607,-0.19796429500812252
YES,-0.5754340133751298,0.37459698218713877,0.5941327460334731,-0.1705042974305757,0.3226835784195407,0.4022706793287918,-0.6849836382465587,0.9405394850625273,0.5925914175703638,-0.5539700579150574,-0.6494556359980597,-0.6253141177468126,-0.7295876063130355,0.3827228897482734,-0.07872662860765539,0.5291465255458391,0.4110513781633445,0.23277313654054052,0.32612816405629264,-0.824388785509865,-0.31678477536034805,0.35604035694069763,-0.9267692283991452,-0.8095151213023299,0.5438729671912991,0.5040797151850629,-0.385458771700445,0.3282952805497495,0.5223952293935451,-0.36911916738131484,-0.7467093791476717,0.8466425589280796,-0.30987032986420876,-0.7940508829258032,0.053707805915616996,0.5413420306601383,-0.4708087862084115,-0.4282769698156437,-0.4898584908070726,0.9999988518140409,-0.45380966610730133,0.17548712410430975,0.8369305078653092,-0.635131212877899,0.7863551645997664,0.7658129802472722,0.7722977476344374,-0.4512649810816868,0.306788904382061,0.49914970192069347,0.9555314155149196,-0.5904302297946854,0.5243891070896516,-0.30788864434487284,-0.6565751416407543,-0.09480375747879005,0.6130092266233628,0.07745389779534283,0.08409131447827742,0.8495021055920531,-0.2042016091839822,0.2042010129126033,-0.239034390143197
YES,-0.6048718669221239,0.4404632883049289,0.5642243659112292,-0.060379936835215975,0.27705228696719747,0.46582190689012953,-0.688122297947709,0.9264825557199156,0.5936701951910855,-0.5530279799257414,-0.5682102274564342,-0.7270812079676378,-0.6526371805950043,0.47985191716141107,-0.04878030435728699,0.36723875374703885,0.4034814256558537,0.13215890321104173,0.3701664466874914,-0.8469986906787343,-0.3678584274621847,0.3149741367858797,-0.9016100927802342,-0.8867637886801361,0.708843007211727,0.36745166101426896,-0.45823792534215013,0.38369281262005395,0.6472003076233644,-0.34200116338957065,-0.8762212466319599,0.7769510914585872,-0.21193727736053494,-0.8385340965972972,-0.1177957651478597,0.5368214830177499,-0.5862732928564717,-0.3765847412164717,-0.5939868068116171,0.9999988020626681,-0.5308119367326404,0.15181836600020254,0.6893468616792846,-0.7800137085355627,0.9168574857025925,0.8437359833927958,0.780673829179197,-0.5511953809008172,0.2476484561643368,0.35472179602895754,0.98083071768073,-0.6514133966706975,0.4860404829516288,-0.37304616686336595,-0.7139924621772091,-0.06252035252378645,0.6108424341072981,-0.018736381133100204,0.05895220845629033,0.8449757994256357,-0.06747128408331515,0.24648254100669945,-0.2500931580428452
YES,-0.6153939699097188,0.2785217229261193,0.5509657776820409,-0.1274416548800284,0.4165493660513793,0.4685472756944516,-0.6329887839680574,0.8664888038933583,0.6542807511304723,-0.5771241260489859,-0.5562481916127499,-0.6872115610466986,-0.7552067286806358,0.46329599754132383,0.015777485243426103,0.587332280683513,0.5483319115303975,0.08862654628728142,0.4275302251300562,-0.8574851188966076,-0.24903655965751045,0.226116715195181,-0.9140201021883502,-0.9099797278465934,0.6777763983377497,0.36057200782160964,-0.48568887262165544,0.21683373356651187,0.5503717524404973,-0.3183470006893438,-0.8916081191289382,0.7129542195292484,-0.24204414705589256,-0.6045611923030556,-0.04254661060863294,0.4342295760572414,-0.48474563453497077,-0.37959336977899033,-0.4841252635658776,0.9999988737881887,-0.4944855608206712,0.11461323790873859,0.6766272430741167,-0.5619733874487187,0.9155688461888799,0.7892784416760394,0.7127163335721954,-0.5228247561526551,0.27087425032441353,0.4123949798650617,0.8100489381368131,-0.5301965301754666,0.5321600617445073,-0.31810723100685284,-0.626684739326144,-0.0770538032717445,0.4891975048297591,-0.060218265425907753,0.06359291421831571,0.8096446618178055,-0.17098080972867338,0.21326122005532844,-0.22253913124116736
YES,-0.5967889889993213,0.5231425852602577,0.562013318711489,-0.0668761651245384,0.40016497141709045,0.5338697118485628,-0.6140367713499372,0.7846608128244058,0.6432637445031014,-0.4708258249518594,-0.48293641283737565,-0.7096633023516786,-0.6905178996964296,0.4012161811891607,-0.03800071422998526,0.5609949323508492,0.4222799361960228,0.18376179665454567,0.2241290860885765,-0.7969548428252847,-0.43496320460654403,0.27429002544176295,-0.8863504459039867,-0.8540337339451493,0.6494110386534551,0.2795593283344114,-0.4491871590430974,0.40032190286278396,0.6089737407026018,-0.3785236964835626,-0.9404918650922829,0.7492109491406115,-0.17778637238275372,-0.7630524441326696,-0.020508816796955754,0.5736126516542792,-0.5407844534364572,-0.43231276481749625,-0.42639533882465086,0.9999988535636539,-0.5920559785892455,0.21832402380260335,0.7639244097617749,-0.6984800151790542,0.8779920139258022,0.7544527601601609,0.7324762388735854,-0.3430448980506916,0.30927198968087455,0.47253970930183714,0.9518342568661999,-0.6395945114718202,0.44419559836587874,-0.3001099415317058,-0.5899659974242197,-0.21835259949258665,0.5214148243407906,-0.07276402818786919,0.15721721063466876,0.8341330765298641,-0.26451444676711805,0.22175134720784462,-0.18121197381943285
YES,-0.607357166952487,0.44218121225486906,0.5064972554456751,-0.03209520943075605,0.46547864678873435,0.4421338667402767,-0.7592879128358571,0.847305009971314,0.6761038045184674,-0.6669518302974752,-0.5071895440270948,-0.7539018458137403,-0.6828090601976947,0.5239971982852973,-0.10032342608229673,0.5210329990885574,0.4857556968259304,0.15119822680129913,0.2968379745786711,-0.9937099218870438,-0.2918592009972094,0.2915115363016856,-0.9999987874487766,-0.8531497279507836,0.6379632244752237,0.23877457882660041,-0.41295611770737906,0.4644702825145215,0.601222491450691,-0.48925956188412983,-0.9015536193085908,0.8229799768878024,-0.2774337213447987,-0.8148255008861763,-0.03601624926613575,0.4347533586022068,-0.5265816010375258,-0.5310498016843656,-0.47263403226659445,0.9083821731463833,-0.7775178588412572,0.194639030732957,0.855000699901519,-0.6030240190699969,0.7867769462224101,0.8284587665512898,0.7540793336949675,-0.5191226088355231,0.17138671005069528,0.5323092045218264,0.9082685748039823,-0.7324728719536391,0.47060009040773854,-0.28155351047047944,-0.7392470814247621,-0.11391227841546045,0.5872462687825946,-0.08358511836245716,-0.026340147370467335,0.866377082877347,-0.2198951979176156,0.15568455209702017,-0.28167226337697776
YES,-0.5832076931785858,0.4054346996649366,0.5034904543804244,-0.09084000826534847,0.47462852237691183,0.5337212541061851,-0.6731338553367557,0.908573884211364,0.6338641972942891,-0.48455001968830425,-0.5773664672056172,-0.6310770587377023,-0.7236929926788453,0.39866935538336995,-0.09898662304088333,0.5124645188360202,0.5724306922172421,0.24648355084251602,0.3214575250190679,-0.8814099724763843,-0.37133467638847156,0.3648264941946962,-0.9677425793516451,-0.994838995547875,0.6683306472437491,0.3353005095918844,-0.534209677668622,0.3983744753834338,0.6508081855109171,-0.4408838997272868,-0.837345398500014,0.7992147322968667,-0.30049619900884217,-0.7678343861386262,-0.017218212438793158,0.547044196488362,-0.5993955203949057,-0.3671293811986513,-0.4665044442797107,0.9999987929367826,-0.6314839622740922,0.07857215553668948,0.8926945845137685,-0.7518228882554309,0.9183722959764211,0.9257129157025112,0.7350714203341526,-0.48065946874519194,0.24251128153399382,0.4267637871790474,0.9612487910981589,-0.605230046765701,0.6760039877001773,-0.3683637929570678,-0.6416627481889016,-0.19595485401406304,0.5588862394916142,-0.07891831905732703,0.019822355003393455,0.9845615569882549,-0.20777458511611197,0.3040777600158754,-0.29939650046970023
YES,-0.47753931949433986,0.3984914401680961,0.5436816385492993,-0.05977616505768068,0.3328785224550716,0.3995779010316198,-0.710817556374794,0.8119518786818236,0.5727973407972465,-0.5160771147564744,-0.47778622315060193,-0.6650834339126008,-0.7384523661261841,0.6298366550074636,-0.09112407751585555,0.5496292437218997,0.3496471029192355,0.19702579974420498,0.28347181579443265,-0.9999989032244628,-0.345809230266089,0.23911046849898226,-0.8730249598585709,-0.806219102888273,0.6027279157702999,0.32672643779481436,-0.4024100450919877,0.32791574854429517,0.5038497748787388,-0.3880521517242235,-0.7815818974044114,0.7439392627529134,-0.2916365034093468,-0.6624682873597337,-0.0026663758571497,0.4328287088928647,-0.4198800754091405,-0.46972386728702736,-0.508059056047439,0.8994596767208339,-0.43497815770034204,0.1008619324716726,0.7689103884147162,-0.6850280876632353,0.7753297668229725,0.847339698601435,0.6949206335291348,-0.4371177824652325,0.29481713309262436,0.3432346672866722,0.7873169940610901,-0.5457534174930034,0.3737667793829064,-0.34069509248519136,-0.4909707848807545,-0.16766976631724703,0.5545871698778609,-0.06322771416034496,0.028560196883276563,0.7776627640244351,-0.16425312131586448,0.28227874815351295,-0.27220395113780854
YES,-0.6298120065916591,0.32813219894434525,0.47805974924459416,-0.05185678640621893,0.45549788058906227,0.4861691333449979,-0.8160956279547296,0.8673179206836297,0.5581335292025787,-0.5857120853286563,-0.6090044485890705,-0.6545021225848958,-0.676343318562356,0.5613284224162223,-0.10019657693360742,0.45803590676610073,0.5599123407075512,0.22677801506328138,0.3131092411747489,-0.8981481877502759,-0.31115374575322147,0.2716673582091911,-0.98542743968322,-0.922811266454106,0.6928003772300881,0.36512301611836895,-0.3776117932454137,0.34420395084425487,0.5035008742640322,-0.21624998650727062,-0.880006351079513,0.8806588461151733,-0.265843334549899,-0.7440793286800292,-0.02928836144147313,0.34709804223282353,-0.5980044188575825,-0.42267220497979513,-0.6568773574933722,0.9479510936135891,-0.5411064932279706,0.19492186426641286,0.8520753909845429,-0.6202206626614425,0.9999988004533601,0.9245739300113177,0.7499046779369042,-0.5559185648579182,0.26416414105257274,0.48419873950907094,0.9998505796437482,-0.5790414045177782,0.48772080919298627,-0.2299695713563929,-0.6400680081919807,-0.20762410157863148,0.5633075004557019,-0.11689220732863996,0.12816825635952817,0.899640123958082,-0.200556523628138,0.2778468882996179,-0.3013493575633462
YES,-0.6027066800449438,0.35701614800016945,0.5272929593240141,-0.03786782019386158,0.40396659182508415,0.4499381124310578,-0.6604308154915031,0.8684465733423669,0.6622925581087589,-0.47971834281165254,-0.6507779469606947,-0.605880616746656,-0.7045839337044699,0.5894896179400585,-0.0748159068642825,0.5791510765241262,0.5091929963878438,0.17563880898493955,0.35814632147608894,-0.8290224451014337,-0.37647613807188807,0.23689672344513013,-0.9999988133696706,-0.7936887066668379,0.6395723215902275,0.4205878176518043,-0.481150318622482,0.42620174835000035,0.6031200851699029,-0.3803752338389458,-0.9244490981722455,0.7829328420971348,-0.33344579512118133,-0.6839381463637387,-0.005953902892572356,0.44355334110363803,-0.5434422396074392,-0.44542177771102814,-0.6153929747012715,0.9218352413835033,-0.5316037154100806,0.13521765693002072,0.8225054207974142,-0.6416582864436653,0.8736406845545901,0.8929408750749278,0.8166264074936807,-0.6323582664229904,0.23405761366570063,0.6335505132710548,0.9328966716764422,-0.6088178754967432,0.489768992531695,-0.2304393035679698,-0.6715702486916562,-0.09432307064721637,0.5414593100036792,-0.11122578013081733,0.05753000728081942,0.9373620538668652,-0.22108382826420528,0.285123337879839,-0.2998774825747766
YES,-0.6210896460698662,0.44831727871161264,0.5224246718366804,-0.025801411995910267,0.3821586640806612,0.48669269785824404,-0.6504843852842263,0.9460330014965088,0.49948476323156654,-0.5328409841344187,-0.5443920565811303,-0.7378679144256188,-0.7217534535976906,0.43114494804386816,-0.11928689623045484,0.5788253210714563,0.6051715037041451,0.16624472446706215,0.3273685288849284,-0.9169360717448188,-0.45408977927667143,0.22122166629046208,-0.9384169071656899,-0.9432250777450205,0.7418909440087273,0.2736403838711156,-0.3934701311833729,0.4456466584549638,0.5800571300061761,-0.37637096709162987,-0.8694910600879981,0.7984958631913928,-0.41628750947984067,-0.808230685476244,-0.016183820005130065,0.4555900301682,-0.5550494759161902,-0.4107387983931081,-0.48166273308029456,0.9999988089589485,-0.5591290395286148,0.16493641843449125,0.7679939444994323,-0.7521671913560034,0.8727003249475066,0.8094366568295209,0.7229342833830121,-0.6074446141622917,0.3056360533471364,0.45364682477552276,0.9045435515100704,-0.6102078363122946,0.5738439198831232,-0.20245731021081373,-0.5093195942594272,-0.2261628251336779,0.5377317327482873,-0.10053534232198032,0.09355915299174541,0.9620267091234872,-0.2269829022179066,0.18049558614532746,-0.3161987269166929
YES,-0.7514333387497389,0.3234808951357618,0.5403862132135273,0.014730022453713729,0.4658894430567687,0.48069377971309524,-0.7152658282023467,0.7805778247993719,0.48085474730598016,-0.5705094041289032,-0.5657296232083274,-0.7379676384040345,-0.6330780075806425,0.48830090337674525,-0.0821438996614271,0.43834249170462614,0.5262628519963842,0.19222537267342876,0.4491996053436692,-0.8705754834941719,-0.33304691723944785,0.1958089887488854,-0.9162781206992856,-0.937816900853516,0.5635235804555943,0.37674880101301506,-0.44271099236608413,0.3177751729697505,0.48973017596946566,-0.37323393677256195,-0.7792859682928535,0.7951636815840907,-0.34858051995066486,-0.6570241988139048,0.0832181374605163,0.5162951984244625,-0.455510514922762,-0.34978950003949205,-0.5619855648125398,0.9999988634961124,-0.48780260958393784,0.16510569566711958,0.7661745500098054,-0.7180745356655946,0.8373722699803858,0.839175633953142,0.6365527137546095,-0.5230155990969214,0.17651157922527297,0.45255033361057934,0.806932894719922,-0.6639577192340007,0.5030687972772652,-0.32606979120707147,-0.6174479976797185,-0.1789642168032457,0.6890547592619319,-0.029403582876503482,0.10884767934416326,0.8563378128256562,-0.15477772123563407,0.196905159892389,-0.2895604657727868
YES,-0.5162015066892975,0.45186861619713414,0.5475575204355311,-0.13007416374606484,0.3334013657959826,0.44761872502344346,-0.7258018872912632,0.9278318748831924,0.6543243048828498,-0.5610498228414023,-0.5505338096390622,-0.7041056594704137,-0.7434188674902521,0.4625856946528381,-0.04990532048155367,0.5964053998114814,0.4842249525627525,0.1658564212262187,0.4140144753411528,-0.8980512843007845,-0.26749663033855675,0.2687001943995242,-0.9999988051362557,-0.8225297698683353,0.6382738368762271,0.36946499535721194,-0.4374666117618772,0.3620700142709992,0.5489678067422874,-0.46807156622842266,-0.946864268447119,0.8944190979482145,-0.2703644753917922,-0.6382535868436978,-0.07756368007102361,0.511420403403066,-0.46265676282270723,-0.47448887074858215,-0.5208702289078849,0.9224466292861774,-0.6051045890093472,0.17614946226813957,0.7066578537686129,-0.576915099066462,0.8428372299701061,0.7289923334706669,0.7346060647402607,-0.5682528383443165,0.24565096439519854,0.5174419404027865,0.9677043140054508,-0.510194054033051,0.4673523105119527,-0.26191840461823984,-0.5777773582830587,-0.3080790984535118,0.511972515904768,-0.14408783303781003,0.0984945341040347,0.9668196399060215,-0.1714972825511676,0.2023640285226673,-0.2698565179412135
YES,-0.6189765362415286,0.38486605387958145,0.5501765542186049,-0.13288014556222694,0.35445800341010536,0.4480391567427679,-0.6975370038401749,0.8065091474844729,0.6310625392780633,-0.5857326380671212,-0.6358804928681816,-0.7098085119290345,-0.7280257460893997,0.4618078029542059,-0.07772313785709865,0.49885507301115395,0.43066784424555415,0.2536657090634577,0.3698756256879541,-0.9999988319007903,-0.3002090367830317,0.2877534596630887,-0.8902928955391963,-0.8209884205623045,0.6585419474698814,0.3801508357315916,-0.46564175219263204,0.4007976869831343,0.5593283601084618,-0.4415149033474429,-0.8065969731729024,0.8013176547125819,-0.3050121898752285,-0.7613233216371212,-0.036791838912088516,0.5151670734115981,-0.5779092534904083,-0.5224283456933649,-0.5430251406862026,0.9412108630978323,-0.5749979262271392,0.20616016965888231,0.7910108413361985,-0.6107287973391441,0.8395432564487508,0.8109020226189835,0.7193054327116597,-0.5420662677824617,0.2365048577962454,0.43665958143296246,0.8157614534684974,-0.5604201914289075,0.5275188092552288,-0.337126969334594,-0.5841120580891448,-0.15666452513657225,0.6137731122684918,-0.14233673611580935,0.06272767893646862,0.9133691512983915,-0.17915058471315437,0.3054557217018921,-0.25907872298440143
YES,-0.5808123950043562,0.40447030456656846,0.5741604920391954,-0.02675460477073168,0.38523423258693423,0.4223044738526226,-0.6554020274579738,0.8430146760009715,0.6184851226963892,-0.5799864000613894,-0.5718466681152142,-0.717562213074308,-0.7249274327859303,0.5347190932162804,-0.04323790635537752,0.5319897056687471,0.4906045231654915,0.09908970902965097,0.4760504257142993,-0.9095488410804708,-0.4720530723427795,0.3314421342811294,-0.9724645735651595,-0.8216609675878301,0.6727656036477747,0.25525060530155086,-0.42834975948154075,0.366618221279677,0.6212472356619094,-0.3345757305286822,-0.9508231207188726,0.8778239650008879,-0.3173097409114518,-0.6426403736820927,-0.036372664270168865,0.4953055398098379,-0.5750733741102416,-0.46547011542186895,-0.5317386714795274,0.9995145274157,-0.6510496935567512,0.19040007858192357,0.8533489846811116,-0.5864549637589297,0.8931858001882143,0.7856969340550085,0.7172480319757175,-0.5047518571207052,0.258567210027881,0.5151407933649601,0.9999988178411302,-0.570062679907834,0.5149052734021229,-0.41391662774611093,-0.6598694774420816,-0.1726314281239462,0.438914073620575,-0.13205157104812953,0.055105546347609446,0.9303225669545379,-0.16093273365732202,0.20614081817229865,-0.24022324740728412
YES,-0.6722358625952146,0.4302870564287225,0.5563911662809373,0.016344672928956912,0.3876668648992354,0.4707522808149033,-0.6550331502733454,0.8246365177758607,0.7507725368260203,-0.5064457094101995,-0.7191626653178751,-0.7101842520967488,-0.7425428155148205,0.4615573299768516,-0.037968125866495846,0.618215258555589,0.45363127054740643,0.17713572117436627,0.38765195174921396,-0.9080024410553142,-0.4301345713122297,0.37529806772944163,-0.9999987763314966,-0.8553481728547248,0.7165876230509832,0.3973936576671133,-0.49755095283018946,0.2625356707563437,0.5712826064757843,-0.3793288586113648,-0.9669933783642234,0.9034880026752329,-0.30627043643865304,-0.819959231528377,0.019853484825885396,0.5630459437464094,-0.588806882838514,-0.3758452815972532,-0.3664811581235501,0.8959399267090715,-0.6036830585005547,0.1684781513307351,0.9721268473467422,-0.7362254828521473,0.8643841253587237,0.8181969112802864,0.8276726836003944,-0.6021686530098181,0.210448197245112,0.5249228575064115,0.9704373435734626,-0.5601597844640583,0.5264683727402805,-0.30037577095773405,-0.6415219007107961,-0.23373566214071934,0.563079903852939,-0.06497512774685457,0.046310696731502676,0.8737389056645425,-0.2669734402236344,0.2235301473994037,-0.20676525257070424
YES,-0.5360203909828577,0.41055178599682196,0.4780480704762009,-0.09517551140520183,0.35008534970418054,0.5028795897095303,-0.5692186756042852,0.8579779062648695,0.5477112254262685,-0.5096569546898833,-0.5865346031614501,-0.7022922683165407,-0.6021586561173592,0.39654661697983257,-0.14267182929956926,0.5363238288669009,0.47910871817389844,0.18049952234722877,0.508115231326213,-0.9483101581343049,-0.3964953099559744,0.27350355564769907,-0.8884312617217143,-0.9451320069427664,0.6702965086657853,0.4154483919243795,-0.38922875844042026,0.37590397803893405,0.7103194916532414,-0.2534357606060579,-0.9802803262909564,0.7332368090976301,-0.2508180580647222,-0.6771595988629884,-0.029272793357926555,0.48786714281142346,-0.5867100700526718,-0.5153436343449581,-0.4280357895125488,0.9259567769283443,-0.5658234908252362,0.03563605811895024,0.8812336775592179,-0.6460564375674538,0.8276690566022854,0.8792771334428646,0.7425297756681858,-0.5780712633996956,0.08364567959165552,0.4637067722395658,0.9562997245318955,-0.6498846386930078,0.5000723097832597,-0.22084647453238376,-0.630732405514786,-0.27821312466789866,0.5559693159586964,-0.061846818406498784,0.022640983061179527,0.9999987937179039,-0.28291726444739446,0.2144216517509636,-0.3489740599061226
YES,-0.6504686097668934,0.46091196854082134,0.5077471968384392,-0.0853437467645361,0.41180253456038923,0.4566520565263641,-0.6514451178418446,0.9349829173704739,0.7001346545417371,-0.556104838757125,-0.7006570089404225,-0.6657812246109974,-0.6119702423033073,0.6227949648508946,0.02877488686981592,0.5126818459040401,0.482972284137222,0.1842113981896533,0.3326964685491254,-0.9295104021079873,-0.28361508116442147,0.16889477482104762,-0.999998802648096,-0.8216973984180063,0.7611616110271371,0.3130656075211572,-0.3506696611723059,0.4185159766878742,0.5442474640625042,-0.5159298661970235,-0.9887025024253305,0.7896987987614104,-0.25110314499681874,-0.7082027325587916,-0.04352549626596711,0.5004748479418435,-0.5352023687878402,-0.45469776255890115,-0.4831007607197942,0.9401305736369233,-0.6799346980765378,0.13225262908346552,0.8133534074390816,-0.6172055982791408,0.8522767734710022,0.8694676727224954,0.7704446784857714,-0.5557232570761774,0.15176219301724964,0.5602766462229944,0.9758438931131982,-0.5985361200092962,0.512057071757056,-0.4154683865080167,-0.5750460005513333,-0.061636193983509176,0.4962427161864071,0.013183585311550056,0.13962302608139576,0.8801677452135366,-0.21687910507222954,0.13753900544281497,-0.262059854327315
YES,-0.5994879856466612,0.33585739953255717,0.5347798519277245,-0.03354644347827269,0.4444881650354279,0.47411404621968656,-0.7583797608279124,0.8764012636978794,0.6293559989972074,-0.47358502111977696,-0.594698429018838,-0.6843184687883453,-0.7406244928625474,0.4019612000909468,-0.13351565902164386,0.5113818706968938,0.588891069520578,0.1744679541023847,0.37483760726033444,-0.879913454933196,-0.4214104807107489,0.23545690580488712,-0.8930052265907862,-0.8598275790286032,0.5488632492751879,0.38400948364742027,-0.47735541552176397,0.325180113750204,0.5783047170570829,-0.2759975025371618,-0.8912692838581321,0.8901287034550085,-0.37879486887226604,-0.738132474071519,-0.04748200906153836,0.5255589814670755,-0.5451418886700298,-0.5163427721598137,-0.5402219167898502,0.8345906248111331,-0.6509522084827511,0.1715917205504731,0.7911796097283472,-0.6555997209574224,0.9999988153716297,0.8306199339352548,0.7664893551726133,-0.5393646024224278,0.41772639983664017,0.31575559866878905,0.8787118013811285,-0.5669876432000318,0.45963126991060826,-0.2720079104618533,-0.618377922160307,-0.09779042297845332,0.489880931212583,-0.05638617636899857,0.09872440728522233,0.9463338750187212,-0.18237886424469393,0.2899529009885022,-0.3549200672640719
YES,-0.6101841795132806,0.33777001648068916,0.5491915428827232,-0.11938031795747649,0.25579033409252416,0.4867351626388745,-0.6919214551462843,0.8923532406087311,0.68353657532734,-0.5307693009257095,-0.576815158920948,-0.7025868939783626,-0.7430777845347325,0.4513625169938953,0.05858738777117597,0.5070235456091787,0.45125813182904834,0.2690142577581383,0.25836694940826455,-0.8642036646329144,-0.4447062620767099,0.28097943012162396,-0.9185872182785033,-0.8373205859157533,0.5987028937608844,0.31277630046810356,-0.39984537181943447,0.3216106002594501,0.5908853362519618,-0.3489773899351627,-0.8934182267283917,0.7906556199429849,-0.289231031834428,-0.7485444972282643,0.02743893331153401,0.48020887655364985,-0.5538569258707425,-0.3777590861437808,-0.5056550324433509,0.8876117095671107,-0.710919626698949,0.0804551702163034,0.7460367639422705,-0.6916811068097104,0.8380717423388746,0.8939887720982318,0.6736705826192498,-0.5745674930834761,0.2597090868265083,0.4233735533347741,0.9999988315645265,-0.5505832059189766,0.4290928450394626,-0.24214046107746015,-0.5350409144470336,-0.21370992214407514,0.4812541847079414,-0.10137459666201346,-0.012529479044718211,0.8801130717035331,-0.21199082527927088,0.24519481190715886,-0.2471801901857649
YES,-0.6436830001935403,0.3908391785333571,0.44052870745934664,-0.036862630679433885,0.44564970344780275,0.41639631382152836,-0.7613322670860575,0.9894053146052254,0.6318092066635134,-0.5441110783093772,-0.5767238928535422,-0.7916615505499,-0.6049540811072878,0.452707920078124,-0.008950146522476837,0.6313631744910518,0.47816424433436217,0.13009620208769665,0.20842151281225066,-0.9279785268701742,-0.34672070908166897,0.2299992475858575,-0.9348399082403516,-0.8717245846537676,0.735987532427218,0.339949580914673,-0.45365869382029494,0.350518842508914,0.5640896369560442,-0.4021432382097573,-0.9227976101734157,0.8044290877534933,-0.28816335639082036,-0.8071911229500522,-0.042736654123807664,0.6245904768993964,-0.48112840848493615,-0.5004983131143644,-0.4425439524281435,0.9826263309163975,-0.5878005755500176,0.10262179982923059,0.7679757988424132,-0.6651851841839019,0.8541096486267241,0.9259040900080587,0.8220385421163586,-0.5511641365268861,0.3260345822748156,0.47668951985540886,0.8911927507615836,-0.5481111229443856,0.6061604521810198,-0.19190181692292527,-0.6034338965555635,-0.09932775568849332,0.5833781906451342,0.016730867676961282,0.09813833212696783,0.999998798813582,-0.26209412386369757,0.20790503137866628,-0.21012050106964195
YES,-0.5681713460946196,0.4553023690393648,0.505732780855186,-0.1071949962337976,0.3919499956175129,0.43841314547908034,-0.6540412972515319,0.8050304186573625,0.5775026627598406,-0.5508434915591115,-0.7089512801337803,-0.6432437325527172,-0.6583364453494214,0.47358846785298064,-0.08578785355259362,0.5563227882609081,0.40674614898940664,0.15424411086530684,0.38042108567631844,-0.8688348259955315,-0.42131678546927764,0.3455428885303643,-0.9498584559620631,-0.8700972832103695,0.7506322951295971,0.22096845948614424,-0.5317552398932098,0.3726120874160245,0.3970421489278744,-0.47471840971937945,-0.7889766326467178,0.7756119578540579,-0.15917032336199569,-0.78642054413779,-0.03341706741807514,0.5269752535401352,-0.48681888483410646,-0.44038974152839755,-0.5125468707186595,0.9213179574708034,-0.47934194813590486,0.1834831139844321,0.7488316188934413,-0.7093057244299804,0.8295402253413281,0.7528440370256605,0.7186909705770637,-0.48016202171896105,0.24344078241771197,0.5810308857546866,0.9999988458205731,-0.5723981139877627,0.5317746973371211,-0.34964830093793553,-0.6198381877175296,-0.07177077231444247,0.5091937566161227,0.020923745195787328,0.13349835434408572,0.9577799324737707,-0.2539885690849865,0.1951046640215622,-0.21167516281644264
YES,-0.6557887226230324,0.38595577077329407,0.533191319843975,-0.10066017025457821,0.3407624901685814,0.32628075875994317,-0.6788665004904411,0.8905011143696807,0.5334829544104972,-0.5356701219894064,-0.5826768113220928,-0.7176655215333092,-0.6091946811433852,0.5438875124611999,0.0018884017456136247,0.47433738175778944,0.5602931794128436,0.24681843464137682,0.31250210416464813,-0.918710933715631,-0.2782064897427884,0.26015926724270805,-0.9393566414248997,-0.8565611570395044,0.6159504322980695,0.28743792215979,-0.36852890892378865,0.38572232458589795,0.5787169854354148,-0.30407648319174024,-0.8945850086257159,0.7517045859705819,-0.19838435032905072,-0.7085342562060485,-0.09824196226267161,0.4998736775929579,-0.46835209326380406,-0.388885832125063,-0.5204792668466923,0.9999988649442091,-0.6347047597337657,0.14344513711937043,0.8708727692781066,-0.6076891608885175,0.9025710475578282,0.7528885986064484,0.7181129120614661,-0.5204681407192727,0.1793227892917866,0.5228974236774352,0.8361619446946468,-0.6201582943496492,0.5076768636778384,-0.30088104352921297,-0.5794837263003376,-0.15439241917498872,0.6138273905244035,-0.11633396381751017,0.041766104603416905,0.9265615176957197,-0.23929361095875895,0.15099651546778062,-0.23691120867652904
YES,-0.5516308769844467,0.45420784362608185,0.4966223154508602,-0.10675583849031829,0.4051882829210787,0.4614552505457539,-0.6432413102368354,0.9183463045690712,0.5264308457154819,-0.5772976110691911,-0.5087203876018671,-0.7648322697656674,-0.6886102932602869,0.4099181778846767,-0.1441477119828084,0.5041362973482459,0.49047389314039724,0.19922313600168434,0.38454279105248157,-0.8085437814918627,-0.3643819818881172,0.40124853995802334,-0.9123484768325804,-0.8617964792658256,0.6000000129519151,0.3658283091978618,-0.4434089091900328,0.3374983885335256,0.5204346728235929,-0.36448093716427965,-0.8351447181824188,0.7618100522410473,-0.30461356949138124,-0.6549771376996536,-0.03150459739232849,0.5102641797860333,-0.5570151590178949,-0.44467889298760405,-0.5381900023836508,0.9999988628604677,-0.472346203974929,0.17125923676915117,0.896041574175553,-0.5986484567970373,0.8469050548821684,0.8353308268233179,0.7770694131584416,-0.5693946182856756,0.17722001240016333,0.49776044573138056,0.8509240119149059,-0.709935487961075,0.4133442748783725,-0.3109955465141012,-0.5874328838494812,-0.13861553400774482,0.6486212921406432,-0.07575802880381755,0.08408377543571213,0.808461239194401,-0.1853331588298439,0.22896435786676622,-0.3233709290162366
YES,-0.6893679505059629,0.44824908599610436,0.4852018960458937,-0.07838655993168027,0.44295559130473333,0.574510314604117,-0.7069592195298202,0.9999988014561019,0.4982495990887237,-0.5578123010495848,-0.6218529993011898,-0.7497672529826731,-0.6540345238040159,0.4630308815061507,-0.17954290143736015,0.4473879285645536,0.5155047318651637,0.1024982112152296,0.40226444747586604,-0.916157567038278,-0.3711530789834609,0.25941497250375,-0.9100665751163911,-0.9661596465196126,0.6773394973652994,0.2846117940940495,-0.44013670710176533,0.3991922845212481,0.5707801200776337,-0.3340330323953679,-0.9316772376978899,0.8262013703631341,-0.3111552391200021,-0.772822481550639,-0.06359601447666116,0.48895478724735664,-0.6004699252770475,-0.5435680068049364,-0.5353797961257314,0.9803787856132654,-0.5662529353778797,0.06951816722605811,0.79118622463542,-0.6356384948867115,0.8760662514748416,0.7731510231382377,0.8727755994809555,-0.5573918377697071,0.18734337150011904,0.5105671554702856,0.9269113246607126,-0.7052181836763926,0.5157452836920315,-0.25017368893909037,-0.6359991280422723,-0.27423501965710345,0.5839707862818913,-0.031276376740461354,0.036814901635424134,0.9148509260530008,-0.05816809885219511,0.1818556560540572,-0.3256483631522043
YES,-0.6312919354058849,0.4529531418065395,0.5493273104348448,-0.21993704243727974,0.3706006002539882,0.5210408406594558,-0.6734511562470213,0.8191403478120427,0.6894328234344815,-0.5083968792445002,-0.6190186471793002,-0.6645234409364607,-0.5730867020672312,0.41231491067821996,-0.024883167371254646,0.6609588894715419,0.5108847703238607,0.15525720486597708,0.3713544535237313,-0.8407432539788089,-0.42142025537472205,0.2622448499373939,-0.9545993260546436,-0.9325493863325514,0.6886268903600669,0.3465342257156912,-0.41099901965823227,0.42841901501121593,0.48409858911428155,-0.36611024420275173,-0.8920639011078326,0.841318793767255,-0.2975385952881336,-0.8126349025955756,0.07149533099436775,0.6269460876785572,-0.5005397773839523,-0.40581414363310936,-0.48507377319116085,0.9999988025931698,-0.7260012814322362,0.14445424183339217,0.7804602843027785,-0.6677633569917404,0.9675024375730329,0.8584392575623638,0.715199798994337,-0.6308814693840255,0.2502870814028921,0.5400786659753557,0.8808008240337247,-0.7322009585452209,0.6458255010897823,-0.28876585754473083,-0.6347170234921475,-0.06735072613759395,0.5714162215635942,0.012406663260512206,0.1465087379990655,0.8723456157303927,-0.16575150732686364,0.32438408452850587,-0.3179615793168364
YES,-0.64569500959079,0.3449533269814863,0.5326831209259262,-0.05146773442640017,0.2746323984391573,0.4409126080478843,-0.6608537358976455,0.8272712115422493,0.5272482977622006,-0.5089359120274539,-0.5024536849181899,-0.7052033569715913,-0.7406027592043964,0.42678623377700114,-0.012000933332478978,0.48237191088089393,0.35663609946940034,0.22969881188286043,0.41231519968946495,-0.8600806397073688,-0.42627457031336574,0.22867233820463098,-0.8688432259799054,-0.8802994471793428,0.6617862892391648,0.2783382258282099,-0.4180962284011748,0.3233272207263561,0.5573357517013725,-0.3462567788561343,-0.8405627543713953,0.7289651202657162,-0.2748818168236035,-0.7181656028864105,-0.0632021914280009,0.48894280572556936,-0.47736827264553844,-0.43106983856926084,-0.40798320631343815,0.8938807751593775,-0.6127910283330844,0.2097616819088334,0.8032464152944715,-0.5753843559801628,0.8642845453440434,0.6694836147151345,0.7486813538222673,-0.5069876536911345,0.25943230623857927,0.49667890970427186,0.9772290569243484,-0.6019357824481072,0.44658667950742426,-0.3357824969099683,-0.6397770854593843,-0.19933675046670918,0.4219205978182187,-0.03901002131357909,0.17816393984488565,0.9999988824752559,-0.22802369018406216,0.19113415562960098,-0.1720341823307285
YES,-0.6153345048783921,0.432511585910079,0.5090482491170538,-0.0016502648238592604,0.3507160897541238,0.48748065506808275,-0.6816910003564496,0.9081566826087307,0.6714022893801396,-0.5719759475421645,-0.6420528642180217,-0.7215160926249405,-0.7990716028188941,0.5192325885103425,-0.0062421917691435624,0.5097259535986073,0.4240379250690865,0.16558442100505658,0.3581808148019166,-0.9224616847441519,-0.267548573823356,0.3581014368504224,-0.9025934106275736,-0.899804689605803,0.6272566073190812,0.45941389250214676,-0.4707879769023753,0.38218676712286154,0.6061613461698345,-0.371552020639107,-0.8313475230568836,0.8682914026283304,-0.24071757451425155,-0.7372320286076948,-0.01811811770868465,0.525986386129715,-0.5444621293402906,-0.5257101429863045,-0.5605123772434375,0.9999987859735187,-0.6642213124891498,0.12215678028517601,0.7623093813558217,-0.7136672118059797,0.9051820916945463,0.84453981269745,0.6603053100060078,-0.5657194543610325,0.20218795407220358,0.46812678558453896,0.9890317945425244,-0.5627646885525996,0.4371623132124449,-0.21789934056591742,-0.6610398275875246,-0.18920287074447634,0.5166346993921391,-0.06488329361696991,0.1931691835644949,0.8683592529501296,-0.3208300909175955,0.24045825991724737,-0.227195730750605
YES,-0.6326274199954768,0.45636144495505715,0.45185365823421686,-0.12935308243600965,0.41956014928190427,0.55991552076926,-0.6625687169081957,0.933888174761686,0.5533793992117478,-0.5434406208752072,-0.6752230968813383,-0.6142398321160821,-0.7569693748730284,0.4297836158113438,-0.14702528113193292,0.5497920447667286,0.47665886479944863,0.29240047640972955,0.4054481919309457,-0.9747017699377839,-0.3097773350960745,0.19049600183055448,-0.9876909287607271,-0.8918630868457597,0.6092736854604548,0.4182795723461371,-0.3145376951849506,0.3440994653790263,0.5237583031249586,-0.37970376651164517,-0.9266260854216888,0.848815780707009,-0.3775669146964538,-0.7383374419068278,0.09933524449502704,0.39634569137518516,-0.6061098326664051,-0.4704886952266436,-0.46265973654881964,0.9999987969157578,-0.5337571082513329,0.04360850253530005,0.7780419607284949,-0.7338589324069391,0.9024416377944877,0.8624641192556922,0.6579112179746583,-0.5759011278644177,0.29296787648002437,0.4644023257649114,0.9235271881503877,-0.5130882319968705,0.6317911658187336,-0.4403122093208824,-0.6175464818657008,0.02412754709209554,0.5944196251652115,-0.06654958070948165,0.15119324403512588,0.9662687749884257,-0.15155043275092564,0.20948822604357142,-0.2471541187402358
YES,-0.5836969245832206,0.45211266472967115,0.47253318251529197,-0.09578198458079198,0.28332570304983196,0.4122030249941036,-0.6112822850490226,0.885139701524805,0.5338298716590429,-0.6537666742818357,-0.5861333837426432,-0.6361957913706364,-0.6934973186291745,0.37384582986523235,-0.08980757928901845,0.5398023069521676,0.524986112030291,0.17787548008832027,0.40390705436982427,-0.8326360728117564,-0.4143322381800877,0.3257796833132574,-0.8865742250866978,-0.9294803349271652,0.7493453935282006,0.33166120125524234,-0.5439203943657595,0.30549558439598623,0.48375679831392854,-0.3950273589826297,-0.8800218564664569,0.7821647269135953,-0.30208318661183503,-0.7302867967166203,0.018807417087093464,0.45143639807722574,-0.444631491343879,-0.4949983616254587,-0.43839998417417547,0.9999988490420214,-0.5674474358283934,0.1502064796261437,0.7274339943919347,-0.6797035010011184,0.9573100392173184,0.8671175724394646,0.7322882611411877,-0.6371798820714824,0.20563526794916562,0.5805155206662456,0.9186788710758683,-0.5576876129900695,0.49971050123236355,-0.33212918451278356,-0.5782074221243989,-0.23284754788794473,0.4487179151906986,-0.1070437534310216,0.08015866652448168,0.8215208877489599,-0.17848249061329324,0.15527947599200323,-0.297638367371246
YES,-0.5276386658761097,0.40003424393971576,0.4405056556780028,-0.05798172722367105,0.3062955009521711,0.45150367762178006,-0.5958299150350019,0.8867794773530105,0.7075563918866332,-0.6485978222681676,-0.5644035710551314,-0.7583066070120983,-0.668530441534337,0.4520989840219092,0.07449573506370606,0.5119442845021641,0.4440735536291949,0.24775903944177405,0.3364484382764942,-0.7730560166569064,-0.3047167926231253,0.2981927467200797,-0.9999988616018277,-0.7376549776834901,0.6035762359548483,0.3346358656598038,-0.4645161137658939,0.2840621948191367,0.4642641065623842,-0.3460355501696045,-0.9572050677372728,0.7744596592173086,-0.22178708783253953,-0.6807986118309864,0.009781986389915398,0.4380319902957335,-0.5972822946228243,-0.36056054292009926,-0.49418321371618834,0.8908227101992798,-0.5624071230935774,0.17582786952996296,0.8795141661111814,-0.5599174778896312,0.7248804900225733,0.7974896151351408,0.6238171574424114,-0.46650205020693775,0.24439958859059258,0.5096995106728792,0.8628357593145711,-0.6412488357387591,0.4351269765334144,-0.3808724665454894,-0.6627519176878996,-0.22712358024897034,0.4762515227409766,-0.12619624401926216,0.09077770942079917,0.9221004004189212,-0.16139629882442125,0.27707584180838907,-0.24990819293820216
YES,-0.6711657301989646,0.5441426824923216,0.5646240637510909,-0.06227621888618435,0.41000292322713083,0.46357242536392773,-0.6964174188830429,0.8896993016851239,0.636996451993309,-0.6021476533408636,-0.6904776020970951,-0.8310734981003373,-0.6317682859432716,0.3759778805848301,-0.02990435269827709,0.4671174970502,0.3986644010617558,0.15548283637323262,0.3641283766561111,-0.9875801709210039,-0.39264101774623167,0.2592707461958644,-0.9999988173548408,-0.7992613768520096,0.5639962443293833,0.3353169425834494,-0.36872675796704335,0.2773506502418309,0.5469135183748944,-0.3577338553942517,-0.9256311977488375,0.8143368874920556,-0.25975622496426215,-0.7722509845980884,0.029787845304555076,0.53122648957676,-0.5611761345196371,-0.3695094396911329,-0.5306562851662053,0.9809705130513754,-0.6153359659637848,0.1242116590355608,0.7950819476244037,-0.6481325189407802,0.7482528606859674,0.8738143499034782,0.7216396903040965,-0.5232288963047981,0.28337657006230366,0.5169540659058791,0.8009779426813198,-0.6674523041135021,0.5230629453351716,-0.2932171386701271,-0.6604781566249862,-0.10515481633895125,0.5408427913061575,-0.014137335951006148,0.14255371282465037,0.9534132358982137,-0.15805756491030062,0.18238541178348136,-0.20223088385742152
YES,-0.6378086258623239,0.41258321394502595,0.4574408189171857,-0.10418870654356073,0.3537578562485151,0.512118549227326,-0.6380209078019121,0.9756293711333881,0.7861641655417244,-0.6110442700452883,-0.5820359841685722,-0.8108818727076968,-0.7251698900020882,0.39827676784059207,-0.024823299374520272,0.5359627742407795,0.3589499737624686,0.16405867214933575,0.4779476305878101,-0.92437827696345,-0.323733094131018,0.27948230899332555,-0.9786211114691628,-0.9198785576576902,0.7089470453836817,0.29527381761229127,-0.41560806934179323,0.43973278794292875,0.5645294256761866,-0.4131752660231405,-0.960517800070494,0.9617153531226719,-0.33312916174138824,-0.7356528216156833,-0.02773678304097036,0.5143316272203772,-0.5959544213656968,-0.5142871702621237,-0.46170275199192906,0.9082612122447403,-0.5681362715901292,0.154486126498748,0.8848773492805608,-0.7338039923356211,0.9949468313248846,0.8735999670595995,0.9179585661240638,-0.6622739481467534,0.41398078494376434,0.5066186135794449,0.9720389814301501,-0.6673486287727209,0.4278599011220894,-0.3503967000681805,-0.6621058858168313,-0.14375906665992236,0.6484423283827946,-0.05755421898396149,0.08680994105336515,0.999998767675298,-0.3070603551049232,0.12509942045680633,-0.3579394639841886
YES,-0.651955164301935,0.30498537797972736,0.47383520956429115,-0.15334061885501116,0.43722028013568914,0.4758922757102796,-0.7075495492952449,0.775583294772953,0.5979272976046646,-0.543831066189318,-0.550032585319209,-0.6092211060070214,-0.6228020788330546,0.48294439572438946,-0.07484936488091831,0.49515840232515446,0.5502605538935286,0.20937226204520046,0.39288014904332796,-0.9534325185978255,-0.432783089615739,0.23891000241409588,-0.9534952669574249,-0.8789664805540104,0.6269484016914397,0.3523360533700033,-0.37716241641855536,0.2586829074945735,0.4314536714544238,-0.29412165954049485,-0.9717586415759504,0.8024608067513821,-0.2589162317870614,-0.7537817926876208,-0.0198915112112859,0.516154429189733,-0.38062452934063884,-0.3333856513722217,-0.5318522736891875,0.9999988084206007,-0.5467903319807434,0.14281866377589666,0.756688649499232,-0.6463091965441475,0.8794623860026058,0.8305136483248066,0.6874955706966638,-0.48463725460737866,0.20983854862313095,0.45201860858319765,0.9729741176119753,-0.6178796847680628,0.5001898957561207,-0.24579119829528617,-0.5401579847794854,-0.27667184380261506,0.5525338740275719,-0.15103690762156868,0.048494056459124815,0.9436334708259965,-0.21349271830883795,0.15892980506494161,-0.32102294040527296
YES,-0.6134571806707894,0.531428723705928,0.4103040311834392,-0.09556431509430195,0.47266128265275986,0.46858340267899123,-0.7909450191538583,0.9000937881073414,0.6591903159747834,-0.6086095083022725,-0.6289912430094604,-0.7478807469501088,-0.7539996642365945,0.5459033145314136,-0.0902939097145583,0.501688662712076,0.6301816472799315,0.20381973778534307,0.20966651821682616,-0.882513459369758,-0.29743094547593196,0.3034086808467005,-0.9393278369041863,-0.7969368992302103,0.641889026745363,0.37537615124497403,-0.3452334272205656,0.5109112192807737,0.5605376933631658,-0.26008339972398964,-0.8754261873902386,0.9564584151347989,-0.2608309175111137,-0.7659035259775057,0.12147647743871155,0.5025572189925643,-0.43664819503869,-0.33134319557557695,-0.4282374571265612,0.9762594972357648,-0.5883462863170333,0.07117526852574362,0.8200560607705033,-0.6656372166385286,0.8502713223410115,0.8740041643485852,0.8883267215218884,-0.578990625150466,0.33182694709283145,0.555707355837065,0.9502909739537726,-0.647117126459921,0.5410380045783428,-0.4493881106576351,-0.5879930488707767,-0.16420695535912222,0.6473153478174328,-0.04591540430568715,0.06471364211273162,0.999998753324708,-0.18872117441633315,0.32220411749050515,-0.2648892684679007
YES,-0.6280271298956973,0.3499436829094555,0.5250713919004649,0.0151991949850679,0.4446718450183889,0.3951514556685423,-0.7665514150371374,0.8659476693490422,0.6885855839294807,-0.5241052275429652,-0.8244573157312324,-0.7366943340270591,-0.6978456770794363,0.42631154176741726,-0.0831690590414248,0.6343570366528493,0.5063302854505924,0.1739704344830015,0.35285052368948405,-0.9553931598306484,-0.3506965006108613,0.18206749754892082,-0.9999987783078881,-0.8496466305873597,0.6834053406891657,0.3077984446618747,-0.5080301937165196,0.41144479769365205,0.5400372788036318,-0.3464523090657639,-0.9452010890580299,0.7769330887101702,-0.2876961053719046,-0.7751614814262002,0.025933116419124817,0.5787823666614612,-0.5659643143033629,-0.42926501472026907,-0.5266672062129492,0.9997830193233821,-0.577229063160385,0.10951311775057967,0.7880458166842886,-0.6738024081321614,0.9913741570927543,0.9297423756033362,0.6941223433544069,-0.6091378013378087,0.21986084849722698,0.47352567605560475,0.8390724117342364,-0.5764184356107169,0.49215537171412277,-0.2868709189565189,-0.6533432947093002,-0.15508793613348285,0.5325089165573035,-0.07043446178901218,0.02012697406019827,0.9666187770491562,-0.10819789982634655,0.25737564065448515,-0.24562936288687764
YES,-0.6763933770944026,0.4299852455123069,0.5295067709150656,-0.053320024557563,0.4019425580235062,0.42155216921997496,-0.6215844898380241,0.928168834565329,0.6032523219887275,-0.5932790040105965,-0.6222760293717633,-0.6401779463783023,-0.7131626208859291,0.46322415354987173,-0.07490377314751223,0.45408879545709624,0.495663348792164,0.23065976592777196,0.2621608900111928,-0.8494574543647694,-0.32359085079410116,0.2985535455294713,-0.88376340559517,-0.7690542503136322,0.6334164487594334,0.31954278268697933,-0.4826086296046156,0.2890584633426176,0.47414140448970377,-0.33931157571269643,-0.8599670218867812,0.8067007228403159,-0.3506506647230691,-0.765093126435355,-0.0644651410917838,0.612166641340574,-0.5161750847458279,-0.4234257993241222,-0.4728013251779708,0.9834480495660025,-0.6426707319581074,0.13407899130533457,0.6818880370405611,-0.7782264420396495,0.8154318201995169,0.8380940512493847,0.6547375948206502,-0.4971425264643554,0.250108757905971,0.46704891379443714,0.9567938082018284,-0.6157072321407345,0.5059640172364801,-0.3960475764302766,-0.5849118083084848,-0.15776899854659163,0.4676770675435408,-0.04132075273595191,0.026271841110528483,0.9999988621691892,-0.3221380463533483,0.22421426576510797,-0.24289776521209006
YES,-0.6248844689094973,0.37212668783109315,0.5017067508665303,-0.008252671398830248,0.29824312541437564,0.38839372243816206,-0.7271210797360269,0.7959373698228366,0.6113778422227167,-0.5106745921373511,-0.5170340740293677,-0.6550306880643904,-0.6269259696048481,0.37603595873011547,0.029515595924592058,0.5093467655755094,0.5133215386490702,0.11353811090514303,0.3295563176952423,-0.8333255420206754,-0.34527183598122674,0.2105739755251904,-0.8288073326016882,-0.928152845741173,0.6473274370516245,0.3760127457321657,-0.3117125597194783,0.32000441100724586,0.5230550413998257,-0.38167443549730756,-0.8413153703493301,0.831439959770005,-0.2223567257467973,-0.6816834597400534,-0.04365169797272931,0.5416097637466741,-0.5077114150560471,-0.3818928277008268,-0.427947964881489,0.9999988481706619,-0.5780842060247503,0.10775906776972008,0.8094844620619148,-0.5826409422382341,0.8710938676691324,0.8965254319072576,0.7484795477358857,-0.5376397715038822,0.2794969922783899,0.45576161143322574,0.9094552911650294,-0.6507603573556426,0.48634105689646023,-0.23950410197041166,-0.5536156101598136,-0.10914136623374289,0.558074494915744,-0.0555734752525055,-0.0038193448878270355,0.9006738581964367,-0.1754170790785426,0.1479191131495799,-0.34923128420481925
YES,-0.5707411414564104,0.4257049952542655,0.535206822891245,-0.03928802959355651,0.3547933129048323,0.43204517081992194,-0.6088596281260403,0.872322511971831,0.6049935560146062,-0.6121787786735048,-0.6519319821685446,-0.6573602626972734,-0.8493205751375299,0.4524628034164823,-0.045079256059144014,0.6499436767830841,0.40777174452299014,0.12344730620213767,0.30854525737847915,-0.8893632537273091,-0.35655935819716594,0.1794137825183382,-0.9431988901316132,-0.8097057045503537,0.6967494105880301,0.3659616986713747,-0.4403270221256942,0.38869075490714156,0.4891806564845275,-0.38779560296781357,-0.9084461157308666,0.8080227861307268,-0.2580337922370284,-0.7996262945249373,-0.03751589891004214,0.44319084587638,-0.5156279628217705,-0.38899919125423377,-0.5195676141072602,0.9999987908794661,-0.594284997200766,-0.006698674493345096,0.8195995244842982,-0.6937257123862046,0.9171378713391599,0.880992845548184,0.7026430401304659,-0.46326705656568395,0.25534208877798314,0.49264790692069144,0.9852774587532991,-0.6171289387773871,0.6697723961187495,-0.3245442958030292,-0.6062613575422275,-0.19739440061319613,0.6210819760087809,-0.049337431100092206,0.052099259993940404,0.9051877157304412,-0.2743448976431967,0.24856729399062583,-0.3445428269252827
YES,-0.5768696070296806,0.3567924705680687,0.5272562236845062,-0.13000207751977147,0.42877476732458125,0.47194012982531297,-0.693316812416338,0.8341579538551278,0.5923401642757263,-0.5285959494463177,-0.5845443605548492,-0.9018619882023775,-0.6973206142662132,0.43034708094418433,-0.09735297285211515,0.5498111024435965,0.5878693970912403,0.14357393344658684,0.28403453927463185,-0.9320088480902222,-0.37692802464422104,0.3499051681540509,-0.999998754190234,-0.8554926169045494,0.7024301550633462,0.3997747902963997,-0.36653125183095436,0.36424755333481706,0.6480253692110509,-0.42333746497616825,-0.9106411533377988,0.7726682108687356,-0.34001668821107944,-0.8503037127611087,0.05980961312018536,0.6434462816780763,-0.5769337474668762,-0.5076274005885998,-0.5946913356528367,0.9965281569392163,-0.640680525013907,0.11635430928350549,0.9491860206560727,-0.7223023413848697,0.9750943011137004,0.8952533860383814,0.6821492529693587,-0.6838917366760053,0.29757934383286005,0.6261837082791567,0.98841807059452,-0.5981349152442875,0.47391366427057086,-0.25809865869908544,-0.5841258552329153,-0.2000855419455615,0.6196756171823332,-0.18009576297802504,0.11988746139069911,0.9513429154077936,-0.2775434650043834,0.25510845908592883,-0.37897006811147704
YES,-0.6266904558786396,0.3589934310147428,0.4471188219248678,-0.07020213925329308,0.40922826802517875,0.5519132056783153,-0.7880331158209807,0.9983859386804685,0.559796960194015,-0.5231349386075974,-0.5476178893198131,-0.7143402988148541,-0.7575691349473304,0.39329537282498195,-0.17910557686259707,0.6683083194594793,0.46468896987651725,0.13744265800218683,0.2953945606337251,-0.9341668691042625,-0.3932797046046293,0.15264435449652508,-0.9091450342618841,-0.8952553777759901,0.8027607786161371,0.43075848357689545,-0.6499329833843284,0.45540433110259143,0.6474689348536947,-0.4239792256614315,-0.9362886325193968,0.8738634299650031,-0.36573483618972563,-0.7865212717558238,0.04531240844340668,0.5581620448434094,-0.5866791551227136,-0.3893328202120769,-0.48594771695085837,0.9805842034630813,-0.6249130356701894,0.1476864339413828,0.7864639528964612,-0.8113111899000278,0.9061498519927838,0.8699699630117348,0.7625174794765077,-0.4854459463142163,0.22289702782933102,0.48904531414016067,0.9999987744415646,-0.6727678402069226,0.5310699078860702,-0.34111241083187493,-0.6509907499932864,-0.10771390144474442,0.5532965020440053,-0.020470641905925336,-0.046062240102296106,0.8833510510825193,-0.3398904021661326,0.15485258873103516,-0.15045824797076326
YES,-0.6277069267059764,0.3717173907396176,0.5588521007401801,-0.016688921080568648,0.3338019262108449,0.5957590802938387,-0.6699149051192518,0.9083337652845996,0.6385741215392886,-0.5313256166508927,-0.6322855786631626,-0.584979552033243,-0.7030121919775554,0.5276083362833691,-0.0857340070941387,0.4981368935414614,0.5799811935285246,0.19205599723999014,0.3515705440105442,-0.8970063593928711,-0.20285333790982094,0.39007658076623775,-0.8548021329639115,-0.7168885927971275,0.6116315136096312,0.3880375001315222,-0.440667687657339,0.2517311629605256,0.5823343818139705,-0.3956699611017279,-0.7893527550289335,0.7976894209104795,-0.3205327200287247,-0.6557244573044082,-0.019330733228193172,0.5783107376296446,-0.5029571818248276,-0.4113901040238022,-0.5026157456457889,0.9626260387469647,-0.5819111654095419,0.0956263407251235,0.8006719770411425,-0.5935858659083828,0.9251304617295754,0.8945584087353451,0.7297342256638073,-0.6564636159743199,0.18192309786176267,0.47785328153168377,0.8548408186485539,-0.6374203158810351,0.47149452866879427,-0.3372902482325353,-0.5302223311041006,-0.15231239258997706,0.6129110403993968,-0.056969974993379316,0.15513282268396458,0.9999988141894609,-0.2264908970149102,0.3352555349925094,-0.2826206264978254
YES,-0.6164604133209444,0.4380112541656344,0.5428486325850943,-0.02433328088520712,0.36228696650256753,0.4911899885142665,-0.6535930941063299,0.8868818277953068,0.5994486881936105,-0.610230029367844,-0.5684806383032581,-0.7514043459840309,-0.6738040967457009,0.4660772570462608,-0.13704508716426536,0.4827592493076178,0.49253739800945207,0.167843888040642,0.32134455434345627,-0.9616931547516919,-0.4014718917874453,0.359848095650675,-0.9999988110044363,-0.8008975760882642,0.6497673023746859,0.3112220310729863,-0.4235407285342524,0.360732435708089,0.5446261631916778,-0.35448115134456937,-0.8804277752008068,0.8104986963700835,-0.23890314238866572,-0.8346487450373605,-0.06986805090833845,0.4638720119841263,-0.5924302727624042,-0.43341217456147313,-0.45941010218437434,0.8186833231506688,-0.6038393391081027,0.12454629618772442,0.792026362499593,-0.748139655729742,0.8771228274283965,0.7971114606240718,0.7117283735976551,-0.6452571222342625,0.23555205194826923,0.45357169852262136,0.9090116406238337,-0.5900773925576503,0.5034262935283507,-0.2594963413568455,-0.638533392683211,-0.11277938381219754,0.6258715875045929,-0.05059453016614385,0.07014725306892285,0.9666214812277976,-0.17355879988469475,0.27906125136149057,-0.20916727253774775
YES,-0.5730891541268074,0.41291508865333587,0.5273335241427936,-0.05182674169539849,0.3312479702085152,0.5058959843143043,-0.7774038473946405,0.9174189821763006,0.6186618720322238,-0.5717515985125908,-0.566510662790684,-0.6785472747170954,-0.7559920948949943,0.549240702982827,-0.05276376660137994,0.6672982029292825,0.5088941464269013,0.1993921532381906,0.30954711056857465,-0.9111720873918184,-0.344741070656661,0.3448851890951917,-0.8495904100464005,-0.8507025711254462,0.7647919109051559,0.2273087968257538,-0.4135390021756253,0.42675050037298845,0.581450234239469,-0.44112691619672006,-0.7898995711126308,0.8575718914009495,-0.27066311114646213,-0.7339538994591638,0.10172814037351133,0.5303511901967416,-0.5370260697460154,-0.4805889036972708,-0.43879081806011205,0.9813915387544677,-0.5650453798983013,0.10910901662128118,0.8768386893548871,-0.7153177485697849,0.9999988260706038,0.7973761452315257,0.6473049961101017,-0.603667249013688,0.18665717843788024,0.476141714836628,0.8854198817097868,-0.540113050779767,0.5514476755093792,-0.3158969825307234,-0.4271088947805507,-0.16157371069082183,0.5458321392686996,-0.14100208196706196,0.06575171984978727,0.9475078705881687,-0.25901128042630844,0.18748431511055666,-0.23391569340740495
YES,-0.6378510383684144,0.3597134594960579,0.5418775406057967,-0.1430215562671,0.33132855541472656,0.44427212190530707,-0.616851793345313,0.8752400178044523,0.5777624380359304,-0.5612492452543123,-0.519299455947801,-0.639321388213735,-0.6624450768859026,0.44060672225466035,-0.0538021655399945,0.47873296583938546,0.4444255776187964,0.16432116548549366,0.33707932413740965,-0.9122131161447867,-0.31616751622285594,0.30061843027353635,-0.9245384084591874,-0.9059069938254408,0.6883172879914048,0.3491914052379342,-0.4527577814767057,0.42489965610755676,0.5055758235671434,-0.47004124368235567,-0.8943016404516911,0.8892736498427347,-0.30310410171867463,-0.7536293631336357,-0.013452214334629599,0.5520568394331266,-0.5168794837073016,-0.39009340199112275,-0.48423457560179034,0.9390309468052109,-0.5463526074372435,0.11606005147997563,0.7972405352273908,-0.6808305976116031,0.7870403089701505,0.8221251630442192,0.6334045524971178,-0.4908104304160962,0.2444789983834419,0.5618185036307606,0.875207581575613,-0.5891076700392759,0.40494012289855136,-0.3600520596988838,-0.6932984710530076,-0.0827015408380387,0.514177792167857,0.011629459901887556,-0.08508338364009213,0.9999988501250404,-0.1895295950729044,0.23185340116925207,-0.30903627057957445
YES,-0.557684696194124,0.3674608850808007,0.41367015564678555,-0.1340131657295139,0.312405309428932,0.4403976214295087,-0.6781206850800132,0.7373641700398941,0.5910153190966277,-0.645824303694145,-0.4839074411019664,-0.5549240981928,-0.7155228456175865,0.4994560519889352,-0.034540517308303396,0.47503348792839334,0.4124422571277067,0.2222535334700085,0.32897380365352935,-0.9999988893113194,-0.21936661779875102,0.26898013835546697,-0.8748323992566984,-0.8698447835726847,0.6148469837205327,0.3975145254238876,-0.4024330587815659,0.35487533554443507,0.4503533157938463,-0.36276276395009943,-0.8216737363132847,0.8077760176270231,-0.298223319687725,-0.6477933350571506,-0.07802217698455557,0.4809562871430902,-0.5000820700388774,-0.4938035716187816,-0.4598711284373794,0.841398498618418,-0.45923121703889624,0.11142378346203467,0.7752239945468848,-0.6958659942229766,0.8498936040536493,0.7721632766601989,0.6403135294494118,-0.34988354393039284,0.21860090148998412,0.4518602655762019,0.9138128451753459,-0.6105935702931746,0.49515062623018546,-0.25812639013962346,-0.5628555210729177,-0.012195282033602626,0.47751172804646586,0.022924298937576824,0.09290242228115239,0.9304544927430424,-0.16034279663073,0.30938796885928027,-0.2572501301700554
YES,-0.6551545897217419,0.5396324622803484,0.5258302521521152,-0.01333772234095792,0.44440209056643515,0.41076709228862934,-0.8473361985408842,0.9644253305757446,0.7326693054661175,-0.7503351703143215,-0.6401977558864329,-0.7211275081106254,-0.8358272111229429,0.47530301545953074,-0.025933534677134547,0.6441110810931764,0.6169104683705995,0.17960861964201993,0.33486557368428854,-0.8950250535251054,-0.44088381136249444,0.31986867032801697,-0.8792784711674937,-0.9231311759214293,0.7833905650138877,0.46617389231070816,-0.4542340478447616,0.4424985146671509,0.5864540290481269,-0.32670011515411074,-0.9388262727739163,0.8046720541616639,-0.3064501235883354,-0.9602204282831236,0.029487375196640006,0.5436145156553144,-0.4554329908047068,-0.4479497287425686,-0.4754154072388877,0.9551522445055448,-0.5853145574237097,0.11552053112999623,0.9561065806053034,-0.8077161381789614,0.9872085621647323,0.8560924216585944,0.808656147967871,-0.46258614648571483,0.32594619581853307,0.5409138626386605,0.851496647383208,-0.7000304788484409,0.5845975343671126,-0.36875868170599363,-0.5823417753066372,-0.15899781275050756,0.681766900235579,-0.05983593810515358,0.06015151666052136,0.999998699085002,-0.2758366790061272,0.31153254298352295,-0.30832969976859587
NO,-0.4808479924852928,0.5437177551507101,0.4273449855098216,-0.5417007580327781,-0.30580514999571456,-0.6641794499552607,-0.21719430350869232,-0.5572220259045829,0.25175357022538986,0.9405872069352293,-0.8728078698678873,0.07314918529076134,0.2213345594580763,0.5888697633674372,0.04018503016051225,0.12112806647185483,0.013728895507075893,-0.42699844943666293,-0.8012959085529636,-0.11087209363591095,-0.7341408675745903,0.07528192886543787,-0.33768823619101906,0.15762741000966893,-0.7914151307929129,0.7529289541949573,0.8065257189156951,-0.5052806780413891,-0.25685030570255185,0.18220127545552722,-0.7910336706823564,-0.30022066153023513,-0.3672676414520763,0.7251077732498934,0.6514796900999951,0.10308384112708219,0.08550673070540253,0.7581006520541762,0.7864680264522356,0.7632912325618302,-0.7785203343885906,-0.6212983893788465,0.24786834662142007,0.1963861105616352,-0.9999988552218642,-0.8481074021180024,0.7117814378600612,0.6547405444835965,-0.3246290834265852,0.6614351716949535,0.11487552686222939,0.543898917760678,-0.021194229703364414,-0.7036559817443381,-0.05368056463154613,-0.049192840432707115,0.15706794478396968,-0.8826993543775691,0.8826469296513457,-0.3938315146305612,-0.5848705215047266,0.14997546997630953,0.15308842659027452
NO,-0.6025670714610113,0.5422631956658422,0.23409011020107934,-0.6082663348850279,-0.43911255270705546,-0.6601704465376879,-0.30240061275339297,-0.5162693087969017,0.30443039986818893,0.8234576718735598,-0.81781381890246,0.1059947299941122,0.18064777263120285,0.7265388786481302,0.04735926375228721,0.1467982753409145,-0.05847413876468379,-0.3135659971543246,-0.8234602400623905,-0.10361819328517897,-0.8153820993133337,0.1279860635455456,-0.455710441758734,0.08409203358221295,-0.7231350444463195,0.7557111289029844,0.8354246197675185,-0.5892005252477523,-0.34961061500983864,0.19027648931577815,-0.8278492649716199,-0.18721290072689856,-0.5035117012337946,0.8038567481141171,0.7347037678381785,0.11945171276249165,0.06878767836672804,0.7414884493521708,0.9467470035971255,0.927646632761048,-0.7081932187316871,-0.6764770489365827,0.32219642663212494,0.05732297919943849,-0.7823624367922571,-0.8862142846048089,0.7298737428922393,0.6852299011061145,-0.272378516995938,0.721247234568058,0.1675369737577672,0.6199088943824882,-0.09960949619623453,-0.694928771193527,-0.29970407427669804,-0.062014548018600846,-0.0014782603633100573,-0.696248069581598,0.9999988371671824,-0.5298948243667316,-0.5760734134559506,0.015020177682011445,0.14105705796708765
NO,-0.5921362654792134,0.6983903246589381,0.3295284107553012,-0.5794554753988432,-0.3777532791951432,-0.6625742031837145,-0.3312914588789905,-0.5678625646960223,0.2741992241244099,0.9999987915117352,-0.9549116789803144,0.016356863952229614,0.1428845100510518,0.7354763348152945,-0.10472103698071368,0.12843619377000673,-0.019822155335302363,-0.41861860134959944,-0.7797250464153367,-0.2168019523623891,-0.9515749628727744,0.09339978272289677,-0.39361089481805567,0.01407774819962385,-0.7119413613302479,0.7995692964551215,0.6518993269138929,-0.6260747717535159,-0.3713779969483387,0.2334446914799454,-0.8214140733538751,-0.21403525084302663,-0.3843319429784042,0.8444865655957928,0.5878881005057764,0.2453136745901784,0.13455327858866278,0.8339787145017901,0.916071278756826,0.8741532715653897,-0.8371271712511551,-0.7022787847272423,0.4462267522455322,-0.009980703492290039,-0.9311142111117633,-0.8448937211867805,0.719388772709932,0.686442111784416,-0.2716126537562976,0.722159800743049,0.09520131469758508,0.6044865942692235,-0.07546037229096612,-0.6949823260748199,-0.17707189780113494,-0.1581690214555887,0.0813328506359885,-0.667904978555859,0.9891753007768646,-0.45219558657855113,-0.5291043282610983,0.07725019329028975,0.07923273776597316
NO,-0.5959152230778093,0.5992229684881021,0.23400343307403526,-0.5879676278163005,-0.3280340097839029,-0.8327506988771542,-0.18867806345998114,-0.5036225891811881,0.2972810358510619,0.9685950994444652,-0.9999987090701082,0.04898433841995088,0.11234969377227144,0.8835037258713149,-0.09111117002064613,-0.0029358000898524568,-0.05730563507305532,-0.4787652837286574,-0.8948411770590213,-0.06762722007754939,-0.9173708550726689,0.1429014964874248,-0.4609998653673822,0.11897303554082965,-0.7893318533721185,0.8982018921053235,0.8078530287578484,-0.5736335706313239,-0.4079183216389643,0.08704288851678504,-0.8488815494237155,-0.2701463448651161,-0.5042460873617626,0.9377792091142083,0.7563373010011308,0.1284991219630912,-0.10807260826200225,0.8743412124609721,0.9595254718649129,0.9440903505594367,-0.771947380771794,-0.6739163823806203,0.2995139359255917,0.12581009947353589,-0.8889323388531215,-0.9158897270585058,0.7286981547649843,0.7575992750000045,-0.438381369963733,0.8294562136172446,0.22267745150699123,0.7400008390202347,-0.16241192294694587,-0.7721547520030771,-0.19247907318517868,-0.11120286864241281,0.0067792386912896956,-0.8272370923911158,0.9952779305464956,-0.5091699858548546,-0.6628873335572965,0.060740752863774235,0.055334527641326
NO,-0.5727219823348626,0.5550224098608081,0.2845273322024537,-0.5080291212400505,-0.36070528839624116,-0.6795286744611992,-0.21987050600579863,-0.5711404224800899,0.23791330410570954,0.9999988798870418,-0.9256829411301819,0.05772937244975023,0.11032230315099456,0.7284940060223072,-0.0077886268412847215,0.09395986508328796,-0.1465827678813527,-0.3560777925375034,-0.7602478238613964,-0.23330977049439428,-0.9289180878496098,0.03577007234284923,-0.35895531210753756,0.20473249617119982,-0.6249804761117849,0.6741158596700139,0.6684287680697886,-0.5585624803442939,-0.26636842730164334,0.12976619729306402,-0.7321636045362901,-0.30083259382062283,-0.5078684776774283,0.7592198978373613,0.6751042630381356,0.19017776239445844,0.06863319267258264,0.7440829672430193,0.8150075634260254,0.858433202121812,-0.6638872441442091,-0.6426000211226027,0.2889162367491467,0.07839615639209245,-0.7263493772043652,-0.7681486208033508,0.6612801758825637,0.614464622560355,-0.2833380113999152,0.8227741115082055,0.1455220363621575,0.5990280785651294,-0.1511107410360088,-0.678232259625115,-0.07443087439805501,-0.10855626896893142,0.05539532908864404,-0.6139609906689185,0.9358237141266252,-0.4142709445469567,-0.49615665551572974,0.07377449774695923,0.17969062396916236
NO,-0.6115935632773027,0.6461305354045035,0.22282046447925274,-0.661661576464255,-0.46693013469554734,-0.652479019064669,-0.3909928965558112,-0.6137550461613692,0.10022104750045516,0.930848530754656,-0.9999987582788444,0.16727878328089976,0.17098246135813466,0.7712044343527923,0.07811260705084974,0.08793109806253424,-0.05398652790338471,-0.5337993950693315,-0.9435268769119847,-0.2327017400622757,-0.8860060192089503,0.10515172579197184,-0.2869934696590193,0.09066625796269434,-0.8946639935924126,0.8758356551718041,0.6937907997923061,-0.6758739551180262,-0.36146207346186826,0.18429813980989732,-0.8886495883611596,-0.2763045457142755,-0.582069774262481,0.8476735456886513,0.8392365789217536,0.07607334263547695,0.02275903989578771,0.6990746104886292,0.8404436761751178,0.9723472071712116,-0.6995382948866516,-0.6695848668830906,0.40634317669314696,0.24039459489440657,-0.8503794690289176,-0.9026890477300471,0.6809268671549759,0.7076391324328138,-0.3423619717579933,0.8049437081954771,0.11277366426415242,0.6032379638271835,-0.0921476096695107,-0.7743341708772541,-0.19042090803166067,-0.01189521722005013,-0.015444946307275007,-0.8039615659477446,0.973708036102496,-0.5073494501434311,-0.5876958839182166,0.09115060411693557,0.0717251853133831
NO,-0.6385614043712863,0.5862615527667119,0.27553529784921094,-0.5627729908569303,-0.43346027608393684,-0.6804896826142456,-0.23184099412699768,-0.6224953351794053,0.32519105442086876,0.9393405757318035,-0.9319245970606678,0.09471115521921589,0.10957254002765501,0.8576192145572641,0.04596681545055062,0.15903609202178196,0.0036733518485649506,-0.4295643664814106,-0.9541461472435286,-0.02951585864852211,-0.978165557684563,0.15959964267613586,-0.35686044342755596,-0.006151565576151914,-0.7358816424104689,0.8565048224832851,0.8667624480289128,-0.6616279773988797,-0.3280150544479237,0.08062039879547145,-0.6970852958011834,-0.35617466045852625,-0.4752167942641564,0.8210212116877794,0.6957824277680197,0.20934499021170963,0.14449990760757972,0.8732618981376989,0.9017623507368259,0.954942387682766,-0.6825917646149274,-0.7046631246695548,0.41881103252226864,0.15159676487005788,-0.8914203187899198,-0.9132222925643828,0.7622285166527347,0.7493547452035519,-0.3694822667512877,0.8778551457158706,0.18575158492253976,0.6267519297829662,-0.18039333402285548,-0.8523188722434898,-0.16953901694457096,-0.07138069744645176,0.1433362263118532,-0.7752531689015242,0.9999987555691108,-0.5304167712870065,-0.5693317685677227,0.14563115934798473,0.11793790005408303
NO,-0.5318192725740313,0.5926200219232869,0.20702689397555787,-0.6367049126538674,-0.3433222263764248,-0.6904069897207784,-0.1934788564534654,-0.4569916458845683,0.312237241829695,0.9999988292502145,-0.9085618573853402,0.02939860114188689,0.13460490556817062,0.7287876119881029,0.10246786534080941,0.12812899344260553,-0.022630468133373015,-0.36053936542810605,-0.9498951059001195,-0.13667427931298745,-0.9148074160371398,0.09415774610072303,-0.3792240611818166,0.10168040683566891,-0.671677289786134,0.8891420854427639,0.7037835093951027,-0.5391886565757011,-0.28376397497622324,0.11686883463322932,-0.8111339587794335,-0.28119699134469406,-0.40110557154466225,0.8054909771119768,0.5919802359418279,0.14132890384401725,0.15623007459573388,0.8133461452643785,0.7908627573037702,0.907934233655433,-0.6570530314910794,-0.6625459421110633,0.3604825887654361,0.05836268197954644,-0.8599018698895072,-0.810574800816216,0.7551652253433367,0.6465279488978292,-0.31543610282270407,0.7878629197341347,0.17082445238413427,0.5897075711507078,-0.15387171161960023,-0.6715729116215696,-0.1597221136892502,-0.08792375986135274,0.14143869225794753,-0.670159742694429,0.889834247308718,-0.3645678393656649,-0.5463351519367495,-0.01084318353773357,0.09130172920628986
NO,-0.5897532824090486,0.5889599408292246,0.28673585469235796,-0.5599310629978439,-0.41495697480345606,-0.619340864828868,-0.28124033143144855,-0.6077920247430506,0.28549302753122274,0.9999988523573566,-0.9162950941011396,0.11536140276422235,0.19685923386779355,0.8073302025080619,-0.006830629955106079,0.01763919348797203,-0.17872571260160452,-0.4394267879222864,-0.7476306734462055,-0.2322323835748437,-0.7813646365407604,0.038193919744293,-0.3477661816543833,0.10231627020469458,-0.7093574918532628,0.8041901304294816,0.700612218535671,-0.5287742274524166,-0.27396902561707503,0.21164116234326957,-0.6529909562815434,-0.22904213372472138,-0.4966285069027076,0.758056493328946,0.6429347473803333,0.1512000414718339,0.18222224309410578,0.812191135371335,0.6772116719002272,0.8306502627155973,-0.7987734988279548,-0.6422178572800816,0.21049281701769765,0.026069436012697334,-0.9714687426275657,-0.7822698739665885,0.7126351029345933,0.6947155909192526,-0.26808254377570045,0.6380504041266977,0.2014757670761156,0.6720139283426662,-0.1097716254386718,-0.7343293664907734,-0.2036377778531995,-0.13051413524918648,0.11954154830138151,-0.6626623562603734,0.9172950301980647,-0.42392395430668056,-0.5129184997616772,0.07828229962558307,0.03053809049557386
NO,-0.5612343365948829,0.5185473793134951,0.2919840222407302,-0.548568258310943,-0.2679572804307769,-0.7559392525594693,-0.18842374358879152,-0.4620027307666413,0.30985577781313905,0.9617124610749329,-0.8676551544662701,0.1505617517353624,0.0733160493430243,0.6852527261565259,0.010729433869517602,-0.044036101362798015,0.018679596491015176,-0.3564812227846445,-0.8452771062294949,-0.19016602418824713,-0.8307855274574181,0.09629068979346957,-0.34869164166177413,0.0943120405176436,-0.68562043939898,0.8537604618870318,0.7546438926738966,-0.607789712294834,-0.21216023939301729,0.1312631486101922,-0.7523101865780608,-0.21286704501969622,-0.5015791042886745,0.7855593310171824,0.6826503028372292,0.09781169357391707,0.03340625939039612,0.7867504581074228,0.7670757872815909,0.9999988452828472,-0.7361888850863958,-0.5691150368655844,0.30385073239438476,0.013814289065660885,-0.8837210183209494,-0.7717959396247693,0.7701433282621827,0.771705011651644,-0.09365242280692083,0.7369482203626775,0.13478494896248636,0.5913222840507868,-0.14944457203025216,-0.6608034836800042,-0.1973352891933177,0.05784717689317767,0.14354648607142956,-0.8259320670525857,0.8669518645062712,-0.425602223860695,-0.4890215035172915,-0.023934066292755025,0.1099110357468554
NO,-0.6714389787827204,0.5522802286397206,0.3488093910532938,-0.5887556269163212,-0.44377818146140824,-0.6598228447631489,-0.24663158839582375,-0.5020026710562235,0.21107134221940277,0.8534193816893464,-0.9999988660028805,0.08388056128061734,0.12453704825688157,0.6841572793423805,0.021884410883273694,0.1375263925203522,-0.06365569797019555,-0.40409393731232063,-0.7900419860011044,-0.234016408175941,-0.6951678527553826,0.06491618633783863,-0.31244383141913123,0.1045824378974428,-0.6714449259758811,0.8193670064894909,0.7297554405268715,-0.6428488750418593,-0.30289378517366505,0.17118921424812994,-0.7597659594318423,-0.33780826748557696,-0.3877120902310986,0.8447443903703401,0.695046301739585,0.21688698185050745,0.017375554225887702,0.7454312256143794,0.7404492030722609,0.888068804791845,-0.6668363837340043,-0.6202608036784404,0.394104987477108,0.09813863984090214,-0.9212450101605808,-0.8333579085055249,0.7428001788561098,0.7283435741113312,-0.22768679161570138,0.8170737559192958,0.2626682940824733,0.5800404644300656,-0.17921613265375785,-0.7757243963680187,-0.14220980125119723,-0.0347679557887706,0.19600353683404861,-0.6919597212126581,0.9578636896867037,-0.47814587225953026,-0.511634210023117,0.09531530609376852,-0.04473236112236849
NO,-0.5695281124304772,0.5955714140055476,0.29361714290352847,-0.609343723124495,-0.4834426444140634,-0.6712459321312724,-0.2108717828665878,-0.5727923257925165,0.2624967487346802,0.9022729424439803,-0.8257215311774141,-0.05781893475434231,0.057628934740120305,0.7154987087576268,0.042230467761968045,0.10429545092546655,-0.02404730049354605,-0.4297658179805803,-0.803051184995852,-0.20173565706212396,-0.7485838917272698,0.03841410838699482,-0.29374359991656024,0.07089372698764485,-0.6490589042360634,0.7286146458612083,0.6226268061925452,-0.5838754902958156,-0.2950266729229942,0.06976740455693976,-0.7257387418024394,-0.20605564293224424,-0.40869924012014863,0.7072260795113262,0.6258390066529609,0.11041742403637952,0.04419184635769369,0.846623592538715,0.8180509914026223,0.8585591104813132,-0.6895697054069071,-0.5587059177727947,0.21927297417926067,0.059314285466661565,-0.8191113482658285,-0.7335280350461901,0.7231452890166181,0.6684604080574787,-0.26316174635797623,0.7211086954791616,0.1129732174491507,0.4941782697727714,-0.1248924164880453,-0.6739500946090426,-0.21803822058023065,-0.050347680415670074,0.13276405644598335,-0.7016075881456637,0.9999988949876912,-0.4901037246913453,-0.5529155752373349,0.0255603986904567,0.061575381533083576
NO,-0.6203404773856586,0.511092794243862,0.2726450685067457,-0.602528631343476,-0.3089333060077343,-0.581367546824419,-0.14621017854519988,-0.622479411851477,0.23738247576971713,0.9505210971142458,-0.8392554452415005,0.06941698597444115,0.06248831237303374,0.7738654718046032,0.05759779990722133,0.12672043483030074,-0.06719111398181776,-0.4072537451160018,-0.9999987864269086,-0.1710607080688546,-0.8165154887774062,0.04750506064057961,-0.42492909570852494,-0.04800721025628908,-0.6136190559026882,0.7963469614889753,0.7806747660175161,-0.565294157905457,-0.21223663937859394,0.2110325285061639,-0.817794816963875,-0.2718866141924619,-0.40535322683899805,0.7964900333157764,0.6265357050283986,0.06152147575358827,-0.03459985502898136,0.888797687502983,0.8201972923601015,0.8744427063067755,-0.7708520969369684,-0.6539401827120648,0.3286428299174591,0.06388073438885293,-0.8531277521109166,-0.7571957367771808,0.6558483057702926,0.7361205608172852,-0.3242784164002638,0.7442460661194923,0.2006570756883441,0.5810746203860021,-0.12692432340515253,-0.7098360925451421,-0.11080876160891011,-0.12216086249669705,0.06074021888365472,-0.8532061105879941,0.9023485901003782,-0.37775820256972736,-0.633383617722638,-0.020368938979414036,0.09166054468259931
NO,-0.5939916451154336,0.5719743310645041,0.38286474837252515,-0.5511310196349839,-0.406672494330127,-0.7247702909689913,-0.25217999616568865,-0.5110817694466725,0.25527579767824055,0.8330127333310134,-0.9299639621180501,-0.013512000648503306,0.26962982635405464,0.7295914355205187,0.0017992461128131007,0.09835421906010561,-0.07099206782950314,-0.456259393674102,-0.8184215508203194,-0.08292351928680605,-0.8044295701588565,0.183705147247983,-0.4282447438076068,0.08268018021107404,-0.6855534494984207,0.8427635862714179,0.8312258288601166,-0.6020592701958395,-0.32150233641809994,0.2473180773161375,-0.8736946850709011,-0.2903568766982005,-0.48080934732603237,0.7347662717252974,0.7324640846373066,0.08860334252572744,0.030587696239825747,0.8357064906396656,0.9018890100276251,0.8910165100159769,-0.6561341882283398,-0.6032854742311422,0.3430976977466001,0.014034324813370762,-0.9999988126118601,-0.8258458730979211,0.7050636775974698,0.7553644783586831,-0.22687864393005677,0.7319659381906282,0.10923314598978233,0.6114880462501227,-0.19830303166204705,-0.7795035389198558,-0.1840540512823898,-0.08934546503152184,0.16625847545047343,-0.7496215276914956,0.9072619596681042,-0.5766691007766872,-0.5399171721818488,0.004588590072792521,0.07766583283674015
NO,-0.6186790905183487,0.6439761305824496,0.2947395447825876,-0.5970843790718494,-0.3521806022432362,-0.5841213017721821,-0.17244093749611672,-0.5778105723534258,0.27835384246083733,0.9235518637204003,-0.9999987926877311,0.04567764785511003,0.09569049338528034,0.8395679491989428,-0.053062831767965835,0.1648980895653673,-0.009360531906459128,-0.4451698699782737,-0.8575991260016137,-0.21008654962608658,-0.8479550784349872,0.16321965363086957,-0.41469726930390105,-0.02765440749866139,-0.6639782173445389,0.8552916959030229,0.6944750524884513,-0.6431052485758628,-0.35427897660477115,0.17549711054815595,-0.8005521118926127,-0.29702157772302085,-0.5200618617602171,0.7568864871979744,0.6671339585375836,0.16433567916481073,0.0202095769642552,0.9019765037403645,0.8659916150886761,0.810572443592261,-0.6920403232413841,-0.6191463174871848,0.31515917246683767,-0.010219556433063407,-0.9296922786262432,-0.8465979985277573,0.6819458678061457,0.6249438411445711,-0.28099493075805093,0.7413224844842813,0.15576362683694905,0.585882685089654,-0.20675114531414332,-0.773046521186225,-0.09582491594721833,-0.10361012301292759,-0.0025207635182536155,-0.790430086993069,0.8846400250581687,-0.47812496225103684,-0.5630593952046472,-0.048357759369081266,0.11769330996609582
NO,-0.7075726952469017,0.732136010349059,0.3208478642520981,-0.7121862559851652,-0.4796845321188755,-0.7351124849454087,-0.26590500833989317,-0.6158422974737072,0.39989773433315406,0.9723032147508246,-0.9999987143029363,0.1754512684796266,0.16893060411174177,0.7487950184658266,0.04484252446229934,0.015135391100696768,0.032122959289903226,-0.5282884144673103,-0.7224047808564824,-0.0935716296612435,-0.9715810527947993,0.10515541608525485,-0.34797128326165355,0.1195015128906158,-0.7238577889632992,0.9704645824378346,0.8036706463506186,-0.6612873160469709,-0.3443512609745192,0.28864811482649944,-0.8082444801587303,-0.2804456328867399,-0.46086920627886974,0.7229142179262564,0.7450877528129496,0.17827582258462088,0.14913384341545258,0.7877875688632096,0.9896573233754964,0.9703138472853,-0.7392042097287768,-0.5905355283791563,0.3996162230469354,0.11097311256811773,-0.9749955021235948,-0.9321481770061931,0.7964946735253451,0.7128131248064027,-0.29647514697448574,0.654271245996224,0.2202811745619283,0.6214573259336988,-0.17089546181048904,-0.7811571003968082,-0.22848751985100665,0.03618359955101902,0.09819168951861003,-0.8207374245796217,0.9488099382284457,-0.524800671430885,-0.5309519504860263,0.12173041594879253,0.13146892057633341
NO,-0.5369206755233208,0.5439830259308556,0.2061729034870498,-0.5762638295206612,-0.37653201781699,-0.6165427557860891,-0.19732890834537384,-0.45207036151075763,0.3334369696455174,0.8826486041260493,-0.9999988512913996,0.1547890156895359,0.21347120150277335,0.6828193682124574,0.09772125704370041,0.10226737855321935,-0.0428712327706554,-0.3319928099522812,-0.7387564734963845,-0.13047165631433674,-0.7951278140511878,0.12820468541409158,-0.3771589896818127,0.05859421273571672,-0.7239629292167598,0.7760169370795089,0.7040461382525889,-0.6062549186859393,-0.2798849429414685,0.1899842174765544,-0.7142559022731193,-0.36047339346985346,-0.46394971195796053,0.7712479487589988,0.6300500753855548,0.13682584151813432,-0.05365406686632656,0.8121198950844827,0.8319691493776179,0.8909442088962142,-0.6288690609456015,-0.6122973197477184,0.3523236046628269,0.08511896209187103,-0.845537998964011,-0.8956497316525039,0.6619428291703284,0.7691043525529503,-0.4036427805234742,0.710673951219918,0.23949869814719268,0.5568778497367995,-0.1566388693227887,-0.7031148763547291,-0.14208687835145606,-0.0767082889569465,0.05438177006229504,-0.6612356555990356,0.9849099068073776,-0.4779209056028882,-0.6336743306299032,0.019174831696953276,0.05781870126373518
NO,-0.5847238219875553,0.5493898725235836,0.2659623477461087,-0.5805153415819729,-0.33510935021837795,-0.7725393114164414,-0.3162586716019415,-0.38606180543697405,0.33574920197414215,0.9688504165308189,-0.9183760466622555,0.0737966232062445,0.20081085737516588,0.8353858925240769,0.017651904266638846,0.08001721585618801,-0.14663025372678823,-0.3398425702089232,-0.9434067289356425,-0.26673023139371105,-0.9048780005170631,0.04074692635056533,-0.38725695514678027,0.1097965670382126,-0.666810001484572,0.9129090212403558,0.7671911107412116,-0.6147045834423251,-0.2865919368858657,0.11670559337085408,-0.7702058647608653,-0.38058167756959527,-0.3689316283899243,0.802874015341606,0.6909902810044752,0.11116042464461284,0.0013148347955902649,0.9999987544636127,0.9203304949169284,0.8388289971730912,-0.652889174936209,-0.6021488232696065,0.3346981649497969,0.10167314734367389,-0.9605598491772787,-0.7500756475242811,0.7237987593835514,0.7442002732244604,-0.31110234571248524,0.6900632378059897,0.3231694017006347,0.536042374667387,-0.13091064067918193,-0.8788476182817458,-0.1569254118268665,-0.05881657247092174,0.05016274637211154,-0.7494735796742437,0.9625392184160209,-0.43765279067381463,-0.5159361819701849,0.016873819675298933,0.07892930456633758
NO,-0.5868764375232445,0.6314704637472586,0.30543992353898847,-0.5826946881003657,-0.396638613193886,-0.7051376583835817,-0.14788650145864257,-0.5340560086194996,0.320850230797592,0.999998791340218,-0.9529989618804947,0.09840068341905452,0.07688027689874512,0.8776978479467412,-0.15656916689385533,0.07924559950003497,0.014128363804275196,-0.529328332547533,-0.8344156742135119,-0.21778360869340307,-0.8875113954228807,0.15481118718002826,-0.36069710498729285,-0.057960011904320985,-0.766225196048854,0.8955863579401124,0.7900780867360044,-0.4938569445608491,-0.20106873376718135,0.19879574199244446,-0.6306063698578801,-0.2797654613736613,-0.5394898476848484,0.7652566228709716,0.5453240423948983,0.25150196005345876,0.13572311243844815,0.7715913619022693,0.822481183116374,0.913394564841789,-0.7825001675420759,-0.7624982578205487,0.32907072473347626,0.06072450708444431,-0.9546902833406629,-0.8336176546173018,0.8368815862754313,0.6950260734764855,-0.2657170541990413,0.8001624038781678,0.2146425854342481,0.5544459140541271,-0.13451347550488918,-0.714542361428342,-0.1963519385002661,-0.006216587684060063,0.18503391385508286,-0.8064258708628035,0.9620043279563546,-0.4559876601224313,-0.615929232309753,0.08093834038338808,0.0818212734761808
NO,-0.7007428283378039,0.634529460343403,0.2429639405182204,-0.5484421030002505,-0.4311484178144532,-0.7366386195624782,-0.14633193989951152,-0.5542303699645109,0.21760432698467363,0.9133037161846641,-0.999998766576409,0.1050925069979916,0.16747616307388943,0.7654367148452126,-0.06013179124142238,0.10360935985210958,-0.06715809049780297,-0.32302416372394877,-0.8739092345383395,-0.06837491950314964,-0.9551297117043797,0.002623867145242113,-0.4493786778092712,0.13964862786724558,-0.6134059458088983,0.8055476799087613,0.750175243984641,-0.683877421741213,-0.42068518915076303,0.26828075633657245,-0.7841503469614619,-0.2863603622543455,-0.5775175011905442,0.9211510800118722,0.6646292920237598,0.19045750931491942,-0.04955147456804516,0.8382778568003338,0.8713560126812674,0.9463836722053705,-0.7297690771558947,-0.6393838209680354,0.27906541164227455,0.09394221887697299,-0.9432812499030658,-0.8501449907748856,0.7703296127665937,0.649437772403285,-0.3629429242084277,0.6351731590421487,0.23528399218301682,0.6547406015237796,-0.09119042461651547,-0.7440296985258954,-0.26234014527700117,-0.1475863454682104,0.11104695262670951,-0.7700161834686379,0.9560334958121862,-0.48218873098890175,-0.5941815485181994,0.06034302094373053,0.03401760110431263
NO,-0.503304103992047,0.5307683893276887,0.20945944061927413,-0.5987720331352471,-0.3765667555347219,-0.6092824991999788,-0.21387336164465687,-0.5460387077440579,0.18970087282158843,0.9379607192951485,-0.9186484254528615,0.06829618661034806,0.21670766458003596,0.7772333291244355,-0.08109683759173404,-0.020954342767059476,-0.054856952614484124,-0.4860898905962642,-0.7656611198318399,-0.16267505716222416,-0.7991577699871968,0.051332891512633,-0.24989589355482844,0.22124545706522508,-0.6765818015072198,0.8017277581301474,0.7184275592152521,-0.5748618141053847,-0.3298943905270641,0.14381998498510692,-0.7947502477668271,-0.23992144491433695,-0.47910322921324777,0.6052681954252871,0.6621318567203419,0.14210246528767184,0.11281495451920243,0.7994209055552391,0.6979240305384841,0.7221992600737404,-0.7175946682685533,-0.6486951217321544,0.372636051556906,0.07437392627525526,-0.8061440261993384,-0.8663548976869835,0.7557965459747328,0.7072891073558965,-0.3718923897717823,0.7813440102464263,0.1745548154648031,0.5749310834731969,-0.17997832966608526,-0.6266008496751324,-0.18672571958651005,-0.030173187562738922,0.13839996801343254,-0.7677505199762438,0.9999988705831255,-0.44928729877879986,-0.5078101361180041,-0.03780312963351741,0.18682767312515253
NO,-0.6813755504936067,0.6651632061102534,0.2478765570971275,-0.6404405866286662,-0.33894236096957914,-0.6591051340038977,-0.30739711409788834,-0.5143020081347826,0.34640590491673456,0.9122144964066592,-0.8589536659365318,-0.009033995119334642,0.10616973848897467,0.8415886648892129,-0.04052976760200555,0.1018621794491797,-0.0408140236591273,-0.46462698599374,-0.8195884219420665,-0.193109945733434,-0.8631496135155359,0.16926719979461058,-0.3294317110469598,0.11405854845937079,-0.7875400041315695,0.8805173313036132,0.7197961496664197,-0.6864201885416152,-0.3113894139829565,0.16713729613529552,-0.744383963416529,-0.23526874211016488,-0.6046435349796769,0.7640428787635639,0.6017953181204212,0.1281971408960113,0.0677905927462237,0.8297773164627174,0.8118220611027359,0.999998774416724,-0.8758467193506555,-0.5898289970986298,0.3132153359734609,0.07646378770566281,-0.9765725983883443,-0.7643908196151756,0.6855663890268838,0.7240501997330253,-0.24756119405287105,0.668103251374989,0.12731997662690783,0.590780295391787,-0.1966369167604539,-0.8080788528896862,-0.15139609731026027,-0.043926444706445605,0.07889670438008131,-0.7073409138922975,0.902464485619159,-0.578447362631072,-0.4730737768400815,0.01223961067744955,-0.007368835773723116
NO,-0.6891343970474253,0.6457939535599742,0.27824909730695074,-0.5972957809310525,-0.38369579648606944,-0.6378306896682502,-0.2324169663360489,-0.4227882974841147,0.28080682502670473,0.9999988155846393,-0.8770872261467055,0.07538725036342589,0.10484208692402215,0.8046115636526802,0.04158893582568255,0.04890802680198256,-0.043869056666787164,-0.3647322580834217,-0.718769567941793,-0.12250318349759473,-0.7375539950493539,0.05841446612617594,-0.3236249844351437,0.14294687416274068,-0.7461124169020378,0.7911047036752055,0.8505632883268482,-0.6452227373337828,-0.37610594363784744,0.3055643740252464,-0.6953275092251678,-0.25001287783999354,-0.47436531491974193,0.7614612757555813,0.6847276487323857,0.2448455814296803,0.0526856914959009,0.9445821877867464,0.7663017596330081,0.8882453861282602,-0.7320240273772638,-0.707527784404281,0.3258617208977027,0.10323557066102315,-0.8814928924144511,-0.7015497481590268,0.7629435057660138,0.7671459630077861,-0.26656666781753113,0.8404419134568426,0.31955832403098244,0.6111622249451355,-0.19630883573260605,-0.7651357902421609,-0.10889513002827257,-0.053885475997078186,0.13790381002825808,-0.7201929692367598,0.9316519158866056,-0.5225534077804844,-0.5475069459858161,0.16064703808997063,0.1309128581025949
NO,-0.6027884912763317,0.6993496084148535,0.30067128727046044,-0.6659354333679776,-0.4551633353869821,-0.7669253503765384,-0.2683623811995837,-0.5329151714229218,0.26614374268584406,0.9673938819045926,-0.8805614174432694,0.055259731309535744,0.1617015368102484,0.8826785632734195,-0.06082806300742101,0.16962732714390963,-0.017387675227084728,-0.3758871462126676,-0.9586899792699899,-0.18185699912109482,-0.9194973813939736,0.121050932026001,-0.4908130665745961,0.07638672163773831,-0.8455164902656565,0.9146528782193211,0.6759534877677899,-0.7581076061812367,-0.2699191224885994,0.1986721860618747,-0.8968400144252991,-0.21786711336150774,-0.4918153011987345,0.9124717843665004,0.7157575790942037,0.33709194550128796,0.0029990788361370013,0.9999987119826359,0.887207162817091,0.8606566555958198,-0.7409337250957548,-0.6792609118887418,0.2965178612256383,0.025997598429490426,-0.9939493910631586,-0.8801699522974136,0.6406539731399932,0.8280011194570646,-0.32598614815588933,0.7201222815035969,0.2536536987945423,0.6288978378134144,-0.07122993279479517,-0.7685149617925788,-0.13667464583019542,-0.09783370366259977,0.13607433089480256,-0.8394578752319088,0.9577881968127405,-0.4880112711704869,-0.6305367241853813,0.05739798550894697,0.14683665708292515
NO,-0.6057715461796445,0.5958612395296625,0.26874320242615835,-0.5690291238628195,-0.3613403500314328,-0.658672843544389,-0.261723695797273,-0.6016882703158577,0.32684238723435827,0.9730317119703421,-0.999998789488761,0.15833414937373058,0.03987911573710167,0.8497163077138729,-0.0649464290956049,0.19878010509723834,-0.14839113059170245,-0.37784968035617855,-0.8648317238706575,-0.19910227019528848,-0.8553276471354642,0.1360408459567848,-0.42797648570836677,0.015705725028013182,-0.6689825160490812,0.7345876056337206,0.7287550447491753,-0.41638104895545086,-0.36180945600833914,0.2892862503647824,-0.8185472237465689,-0.25086541582676997,-0.44244495258417865,0.8731110129517613,0.6706284639294856,0.2749998492751921,0.003737224379508575,0.8484137864842023,0.8523794302903198,0.8410992754853356,-0.7428754926999146,-0.6476620407737295,0.31615244717690555,0.22798933406820093,-0.9834020636180767,-0.7769892982980745,0.8034787744273059,0.7135965764785233,-0.3288075090671669,0.7108947818883175,0.1500813067347357,0.4844005634607468,-0.20128811512762812,-0.8385047957665642,-0.0468987759303203,-0.04526973524598163,0.14624115473648006,-0.7282751094307928,0.961861774137219,-0.40715190855029115,-0.6208158785162743,0.0583686160531542,0.1172816263042608
NO,-0.6606030136060183,0.7613488990162709,0.2985223788989155,-0.5707444000136295,-0.29820547730115426,-0.6401367510641651,-0.21833736369585657,-0.5508892874122886,0.18280996481820203,0.8992524827976631,-0.8892867095280104,0.10326924082119428,0.2107699726424001,0.7735903937384251,-0.07039115407893684,0.14460746153828166,0.031156346079380705,-0.38265621965529795,-0.8464202851326992,-0.11064582838076648,-0.6413021395430493,0.10194898816813622,-0.4404669325265552,0.02880113965488133,-0.6524257324307728,0.7208860382609318,0.753558992213274,-0.5618834386511484,-0.20465415263682712,0.2910768293885221,-0.7111148069216621,-0.4014857106522209,-0.41484665730302606,0.8247070008454374,0.6794759101256277,0.048557862759790134,-0.007403084824163786,0.7430938011313778,0.6963443477485091,0.8844070605559516,-0.7530651216288263,-0.48514209933006897,0.32316730658341725,0.15429520525850496,-0.9999988220195226,-0.8567975290672014,0.7371489726012991,0.6417467721829055,-0.2938785161047796,0.7242028921899512,0.1627789021458178,0.685826081249367,-0.11449849128048115,-0.7004120525259602,-0.09312402277034872,-0.044396911319761985,0.09113606280150754,-0.7622770307717192,0.936004184973263,-0.41410830453037994,-0.501824683768049,0.03635806867892565,0.11535405837528341
NO,-0.6135185017673377,0.5997993925108742,0.2776723951346267,-0.6089347465610222,-0.302741409232776,-0.7109153327403082,-0.21950754726773075,-0.6646730005170964,0.26140009247958446,0.9475811106167928,-0.9999987838152764,0.08094314003733591,0.11724925767517619,0.8108715306799053,0.01907425946650446,0.02691970587994701,-0.07940543882643011,-0.44498301613657626,-0.7919045935686874,-0.16213171361289946,-0.9108620413080821,0.12251624667585609,-0.27115169986725157,0.12113098425778912,-0.6783252423386268,0.8859753128368066,0.8552596406592844,-0.5378263718743711,-0.27017680780724845,0.28582839770758767,-0.8525267901215476,-0.37434743337997917,-0.47475644650934545,0.8127285780788757,0.6528741263135025,0.20556564664441507,-0.0736874652645449,0.8056283177973441,0.8119695256851577,0.8137651443328103,-0.6380801144103155,-0.7431710391145242,0.30813464735535795,0.13584071951222923,-0.8977295327066191,-0.9197380885031499,0.7966655394073833,0.7354056152314599,-0.13586576833829084,0.785506966507721,0.17369310388785195,0.5431772098286317,-0.18646842693732632,-0.8025008653985358,-0.04558474279553236,-0.08199739658691382,0.13350432634992881,-0.6754146069207375,0.8128002993376108,-0.42011568698408935,-0.5832168949622808,0.07861063991757097,0.022028663833286975
NO,-0.6517350551673017,0.6314682086538939,0.4543521498540001,-0.5403026532296422,-0.3093115357202706,-0.7328555275072457,-0.2659172616249057,-0.628129901206074,0.2521112543633507,0.8427684436233183,-0.9999987760581895,0.04584156975436667,0.1335303959580082,0.8192106528586007,0.033941227106460546,0.08466740211366902,-0.0910951398445782,-0.5727081307660997,-0.9046384232352168,-0.23838744058011443,-0.8476412784871998,0.15452549430492193,-0.3199403689090161,0.11212711976110776,-0.7243301632535348,0.8152800835982728,0.7268731572580871,-0.6993365216573716,-0.2458855790368404,0.2115618706297422,-0.8680428883916312,-0.3353797064290405,-0.5404547782934955,0.8163422488048312,0.7556499368799248,0.1350410598315767,-0.09800412558485382,0.8319160079089809,0.837267697448455,0.9053279575287458,-0.772021912666875,-0.651425341075796,0.35015233971889176,0.07962187832107365,-0.9177390886501513,-0.8840918260932473,0.7302028617408061,0.8068217527411348,-0.24527641416067508,0.816403813002651,0.2584785775277881,0.6312433918972538,-0.08529754779238409,-0.8537360506434877,-0.11728912729427658,-0.09480193831624859,0.20243375131300287,-0.7156208858804212,0.9237342460066188,-0.47824471053678763,-0.5800652973770125,0.08029210268494333,0.010514839496302178
NO,-0.5778299720566669,0.5818885897367692,0.3225464245036839,-0.6397642210760313,-0.4184618380849661,-0.6429699294739798,-0.2906899159500622,-0.63397084696477,0.27612997979556125,0.9122172035527822,-0.9999987879342794,0.08572395390085538,0.05165007560586611,0.7421914165701479,0.136131118798285,0.11259608672696582,-0.10021806082901412,-0.42281986496389595,-0.8266128984515471,-0.11687584603608067,-0.875367738490292,0.15709927580351835,-0.49725298845305504,0.0011495666630112196,-0.6992786359423833,0.8589783971232069,0.709840077763915,-0.5854696631840899,-0.3414160771480302,0.20331248606218194,-0.7219831617982359,-0.2269527747993679,-0.5430943568672778,0.7417408203536836,0.6587072345042457,0.15319913276748315,-0.0004130543428796218,0.8983751044552003,0.8596623937209666,0.9347844225632213,-0.803261075343596,-0.5875403334700662,0.17183489267312616,0.13090059510781932,-0.8772191904526393,-0.875669002628432,0.8297488270308235,0.711529115488444,-0.27301167006544086,0.7789430366693342,0.3747814653054912,0.6747215102366985,-0.09824244293854775,-0.8050575672821879,-0.11982143364311965,-0.1320867138090975,0.14861895644886008,-0.7563827169428919,0.8848284561547879,-0.49128036550954596,-0.6360763670189364,0.06114323856337064,0.020095105706406775
NO,-0.6017353317201461,0.6452204873277955,0.3041106519851515,-0.623441614894547,-0.3730123562868571,-0.6760737232712244,-0.29590719433439905,-0.562426951449612,0.3613570584532621,0.9999987803271871,-0.948780592540374,0.11886757624358701,0.17135351525263764,0.8542760585592793,-0.11170744836604983,-0.009453117130409576,0.005959247694441605,-0.5427752233382818,-0.8419114254770296,-0.19972165637264758,-0.9338584769269608,0.11985778275060124,-0.36380217174916174,0.1942706748542738,-0.7517641420829002,0.9320903695641547,0.7913909680715832,-0.645276048221073,-0.25677384341290793,0.2559792708887162,-0.7868230106292308,-0.2675678191772705,-0.5221049660854944,0.760511626335716,0.7342297714839886,0.1421350771700759,0.03482164548823374,0.8576158058342149,0.8600509056999556,0.828721178706639,-0.65262396921685,-0.6550233267468004,0.33253898048318187,0.10713296536149357,-0.9252772666253217,-0.8080171484650546,0.7901379491876502,0.7636195656527015,-0.19614391480112772,0.8170127313722368,0.17301767237557736,0.5284890809314794,-0.0399081694883375,-0.7689413159848026,-0.1581818923405077,-0.1892403649143277,0.12005771933340223,-0.7606164199788716,0.8665619632105612,-0.4716686802243915,-0.6186494576694205,0.21637046989895417,0.03788916938096224
NO,-0.5936807816194721,0.5146640190914722,0.36309262353695454,-0.5865049340169123,-0.4048808659641745,-0.6365859837001118,-0.2945695505595365,-0.5090981912697159,0.3672103957077821,0.9420170157388424,-0.8608106530207951,0.12526077270761754,0.23374251546568522,0.8313139053885389,0.03631338847518642,0.1323208314558224,-0.10305062216011565,-0.38039654389582134,-0.8743060493885314,-0.1890828622677009,-0.9999988505519282,0.11593268206823863,-0.3914143924116763,0.12565893128484867,-0.6501453314274198,0.8602615808334393,0.66329379436659,-0.5104541222023508,-0.16689564099400722,0.2526444906569967,-0.6981570778780116,-0.2577195940546573,-0.4878875791383469,0.8079313994746216,0.5617500690236797,0.12281235368732468,-0.06436759903018005,0.7517142711388745,0.8321851248079709,0.8921991443118126,-0.6860458984689786,-0.6144805171636785,0.21665427959429917,0.05479079704251635,-0.9247564139399026,-0.8434568649981342,0.7481844202478528,0.628941095138263,-0.29724792347228557,0.599238918178281,0.1553754477044182,0.5000756112212145,-0.1289107618444193,-0.7656681410423856,-0.11587538596132738,-0.08684610221023846,0.1897885882121171,-0.6968031917932368,0.7980170680890681,-0.5432585029089534,-0.5512244366460709,-0.004146895131362958,-0.10216907633215964
NO,-0.5471603504542916,0.6755366378274325,0.3560685789107265,-0.6684645636721888,-0.3772894233329982,-0.799612516895497,-0.2266861590332144,-0.6661783566338537,0.3921465538980301,0.9127081521728839,-0.9210000639173239,0.08633760580859245,0.11960316994147091,0.859417959109108,0.05926286134224581,0.17706092420071748,-0.03803294631201598,-0.5305540958971066,-0.9061455669561107,-0.07082975263002557,-0.8304569442086684,0.16165035211753903,-0.34391078957380494,0.11363940489826922,-0.6751374390668898,0.8572310037492751,0.7216151939934106,-0.630786657437275,-0.3731380989517387,0.1649944543084023,-0.8745702314728371,-0.1388545130647137,-0.5012609598851175,0.874578121021618,0.6440329260559622,0.04552004924014868,-0.01075545475427249,0.9746587978895812,0.9074599470368316,0.9999987193589912,-0.7203163641372892,-0.7333910535353013,0.4510123048094594,0.04438033576583224,-0.8966317535370525,-0.869202856862629,0.6806304139906689,0.7079291271462828,-0.40674881085928283,0.8757600706653184,0.19035876712312014,0.48412317070431393,-0.12463575069183117,-0.8265524588317998,-0.23080607750334356,0.019949785477942957,0.11125569205361546,-0.8269601382198959,0.9813190164384049,-0.6211685951441224,-0.7012067873708135,0.13719572364352048,0.04589682081105857
NO,-0.598701586893667,0.47213035504374723,0.22569565739330427,-0.5592725286037826,-0.3603497358835653,-0.608245353516122,-0.14567019967721104,-0.5890820903654159,0.30811964221094246,0.9404229594248429,-0.8223717298384483,0.1490873895123863,0.1532455190585152,0.8159544461287692,0.09927365388110179,0.11995301103007347,0.03950990160923659,-0.581486917834101,-0.8335871747921859,-0.20851378382311805,-0.7617166068138316,0.19176232318818803,-0.3719692798642037,0.15833294748598598,-0.601539844014177,0.8440617815161774,0.9155019942396768,-0.6034846753818781,-0.3168167883642223,0.27274988197781275,-0.8060548638277242,-0.2770463481900514,-0.3975123477904613,0.8075055670713924,0.5812814833146757,0.17719647543023342,-0.002741712677016334,0.8883268936746761,0.8813761404719632,0.9999987871425731,-0.6719438397414742,-0.592596424528349,0.3023943194203338,0.12916262993232444,-0.8150789874084018,-0.8917806370490509,0.8622391758599129,0.6825061274015132,-0.3286420182734033,0.7768242774478151,0.2251980787804919,0.6489230429417898,-0.19914925763834498,-0.7238765766863788,-0.17018139651587566,-0.17315533222678775,0.042539633275382856,-0.8109318518167921,0.9852316669214746,-0.42664734652046266,-0.674320210033215,0.07335692085766159,0.0008467900612381837
NO,-0.5374797081688549,0.5340838992510984,0.231365082472512,-0.5239626761907371,-0.40065163802052833,-0.7018598284606976,-0.3460222347484222,-0.4951991841811176,0.31491807418157924,0.9182497601293834,-0.9944533517774335,0.1461115469062383,0.09809600145350206,0.7425835442673819,0.14526529629512483,0.04030470319854666,-0.009565595190071203,-0.39636912248213796,-0.80149492363052,-0.15319728796943666,-0.8086757050671867,0.10950228675569407,-0.3607260125546664,0.1500420033928616,-0.7549874567946401,0.8623294958750602,0.7800391854488528,-0.5349360715892352,-0.2258149987287509,0.20530127206659454,-0.8589301173946944,-0.2741544283518428,-0.5194993874516596,0.7288557756720918,0.5822829339373962,0.12050085300368411,0.003159080182927391,0.6616229406916834,0.8433198183725628,0.999998839833563,-0.6602297501570839,-0.6418663745850034,0.32489463104894956,0.05249273882953278,-0.8886323514804852,-0.8152377563282969,0.6715927269218147,0.7823439578180538,-0.351210498958245,0.7675632888377083,0.16801557914301612,0.678106407003297,-0.11493427359321155,-0.7385131723962556,-0.13738929904974978,-0.07694802556727463,0.02827461972352393,-0.7766283320829143,0.8086311134893214,-0.5284905377202586,-0.5541196568737761,0.06716600586231558,-0.045749304529029894
NO,-0.6183423677806736,0.6406123367578028,0.3006015545591273,-0.6451016576649147,-0.4149482177907913,-0.7596308795451553,-0.27008393967770056,-0.5738127560153262,0.4262642102089411,0.9295275445995014,-0.982128434060772,0.07752416508617516,0.10293379497424535,0.884683142358488,-0.13429131670884548,0.053463835725898794,-0.005473234008645803,-0.47394318207126185,-0.9262880604685055,-0.15299734525771688,-0.8266087247881666,0.11257505279196327,-0.42948177029933726,0.09439716543579017,-0.74609838030409,0.8992561030342443,0.8695831975136038,-0.7720566747144503,-0.30194635458230973,0.116867531734414,-0.6469665954140392,-0.31570631704411356,-0.4449041680209068,0.8173931722860346,0.6457956609011875,0.10062964751002978,0.13786922777948146,0.9084905459707344,0.972723958690162,0.929130222509829,-0.7211602954224545,-0.6859888388935036,0.3309023862422357,0.017506159084175677,-0.9446052406094284,-0.9126130069385003,0.7926925810164964,0.738044113636329,-0.2637883868321452,0.8745642150807905,0.18244095231871324,0.6500148914242392,-0.016685139029626442,-0.6820005507352603,-0.059638595988473514,-0.10312598136456717,0.11463762769302531,-0.8592089780693848,0.9999987672427314,-0.4877503713075019,-0.5931373358570118,0.11618048093297115,-0.0010548137980790151
NO,-0.46914048230551736,0.6095303242485502,0.2822399958249076,-0.5668987705976294,-0.3316592781740378,-0.582889890584421,-0.2069410994992931,-0.5304499909924921,0.2627512488153578,0.9999988640370131,-0.9078951234483406,0.07269745232596214,0.21701248194230235,0.7611913095517006,0.07549777977634174,0.027670091539015604,-0.06318242485900327,-0.3357127441063169,-0.8453499991954507,-0.1746118928892999,-0.7986039998180414,0.035589976249889445,-0.37375531069900975,0.06747129012105958,-0.6620287441106708,0.8590442302451378,0.804610364296998,-0.6120680225711662,-0.27822655333120033,0.2445737970806493,-0.6487310759175099,-0.22351999649230953,-0.4358402252710044,0.7930769810788483,0.6789712793661398,0.0924068078308554,0.04793091157766847,0.8657393402223724,0.7741776488248038,0.8603789713796871,-0.6946636403299061,-0.7483729582467386,0.3223956409597698,0.0924500740433487,-0.904316530492977,-0.8617094761740351,0.6553351030728931,0.7138421554265735,-0.14738016297824988,0.7892700982829223,0.0939019025424869,0.6045372376042358,-0.1695633831159001,-0.7357359968583252,-0.14669312519247016,-0.037506062347792864,0.14707696629337863,-0.722437486669329,0.8885382569186097,-0.4386724406070833,-0.5156322606231778,0.1155228413719131,-0.005322567915368311
NO,-0.5377473926878531,0.47714205247743496,0.27168139217114595,-0.5477546653069141,-0.3467105278116822,-0.6852431147787779,-0.28494059219882584,-0.630491874411527,0.2437929708285411,0.8382735452804861,-0.8872026647233747,0.14333125698917185,0.08157154470176578,0.7989744410895044,0.09889565602716575,-0.03008533506913351,-0.0443681208585717,-0.42448328357519444,-0.9322514140584269,-0.23784844494759602,-0.7374712790016241,0.19795083786397372,-0.2866603518782175,0.07618114191559912,-0.6384507608294758,0.8455523159406401,0.8044966327343988,-0.5721827504510485,-0.38173471042449664,0.08351504132335091,-0.6325873653702724,-0.25599874887537316,-0.42374299702054996,0.6265820045222794,0.5732826325741004,0.12302864245872763,0.04677472230304655,0.728894031917086,0.6970761038728889,0.7751482747113816,-0.5870277653974282,-0.5781954632203884,0.34132513814041704,0.023254967225830227,-0.9999989108494631,-0.7918071663547191,0.6290934414500926,0.6618156649644887,-0.06979313575580633,0.7193178050418212,0.3122356359283767,0.5640574704271707,-0.1607636271758809,-0.6547612217412058,-0.018520754148312044,0.02522233750249108,0.05744598354913218,-0.6735399220614524,0.7785026252466485,-0.40096821659592785,-0.44072304320732525,0.048875241378089344,0.02849640864618478
NO,-0.5994261341795984,0.6442326097716424,0.32194956915691747,-0.6069060497171267,-0.4082520958493133,-0.6781922752954679,-0.1891622135934084,-0.6580094192424792,0.22616164574211725,0.9788580604756695,-0.9354206130468871,0.09163112298650304,0.10776893735324065,0.8497508383696278,-0.008716154938251291,0.14327431543427585,-0.03609010721693475,-0.4847418889165757,-0.8786296863106146,-0.101087552587494,-0.9359130877807186,0.1268959255552369,-0.39211836230408953,0.09444571400972493,-0.776876930407695,0.8773060016014901,0.863349618754086,-0.6825768927272359,-0.3985388203047242,0.1471332969299241,-0.8870010123176929,-0.25515450207243745,-0.5890998874880875,0.8172123322251632,0.7480557133492157,0.18680327704673796,0.0166932328482977,0.8785416817681382,0.8766986894732971,0.9301052473220622,-0.7669215101071437,-0.5423539790638812,0.406441287147102,0.23931449877746017,-0.9999987426187141,-0.8865647983839001,0.6969945156862233,0.6912012689797914,-0.1675722945784653,0.7538997567215499,0.309119876241495,0.5372550353523474,-0.21222551331794506,-0.7992220207861456,-0.1373364598196365,-0.02787106150357658,0.13082955586749295,-0.8196660156280504,0.980225770244715,-0.5348073044082033,-0.6639587308004664,-0.0019030172295237523,0.1394778879737854
NO,-0.7148592361581733,0.6980469335762189,0.2864126745979062,-0.6466775350585958,-0.3402763661817733,-0.6279809261872344,-0.16022074529471,-0.5476868846535723,0.34726981907641724,0.8602880260666416,-0.9840699636092017,0.024286209095665846,0.21842917368188092,0.7848883173018949,0.06327165076318003,0.11795411071023688,-0.10789938867051294,-0.4867450609363659,-0.7874523384760096,-0.22553135042049383,-0.865443263348632,0.05080976925516747,-0.3951854603963991,0.06275561423668646,-0.761359748182118,0.7856511000326183,0.7873122721906526,-0.6564424586162905,-0.3549315206465899,0.1642022847580818,-0.7937149645906392,-0.22624428631006027,-0.39380258733791296,0.7665585272105805,0.8190035523124479,0.09451579774305932,0.10577813264124848,0.7964944143893224,0.7907157380573254,0.8704194013589335,-0.7342211132428222,-0.6270090791596112,0.3857266287662769,0.023289443565586095,-0.9999987803963591,-0.9106437397647307,0.7504963836639087,0.7069865373505481,-0.33645851773351915,0.7795232921660887,0.32076619666705186,0.5661561846048779,-0.1680441574865802,-0.7202730275673264,-0.16339946428853278,-0.042530139047421464,0.055593893793418364,-0.657929427740856,0.9799292426135686,-0.5370917761220599,-0.6241330648420199,0.02097069742073032,0.1563172942333836
NO,-0.6761205470439542,0.5548927275285928,0.27122285186349265,-0.596446023569721,-0.399188383401391,-0.8039847677958484,-0.2510380150355674,-0.5803899258260807,0.24104212986619022,0.9999987886833095,-0.8900935741595885,0.07455940860726201,0.1567366702314597,0.6718946725395695,-0.013865461240542613,0.14555587873470843,-0.08058568583723197,-0.49254098547878317,-0.7225127830000562,-0.06685723045216539,-0.8388064046042103,0.16683886524916253,-0.5083011182822298,0.017426329460946466,-0.7372348960591998,0.8241907056860318,0.7349503988167893,-0.7552643144404905,-0.2800417810462082,0.2528879680474977,-0.6865829353332624,-0.32960768947668645,-0.5350731034876955,0.643000260982418,0.6654231072651756,0.2093009581343332,0.002381140799664205,0.9646120745419012,0.82255030517698,0.9185145730846591,-0.8086131720967972,-0.640479442960282,0.22265542553085677,0.12231883248231591,-0.8893888612781127,-0.7666125001486441,0.690365934222574,0.7246355407349236,-0.2424761626135868,0.7846849791177579,0.12914471705210132,0.4480054062184023,-0.11963238761790489,-0.758511564149049,-0.16276490159768206,-0.03648855931396455,0.09601469433927581,-0.8443209378896449,0.8354092258017958,-0.5642667454121565,-0.43930282119392156,0.09572249523239677,0.08353688585291277
NO,-0.6092369383554346,0.5793716547334029,0.375289947102344,-0.6241406015724035,-0.34723222696055067,-0.7335142700132363,-0.10912837343362847,-0.5284983765762048,0.35391563896473255,0.9214307861957618,-0.8801844290498183,0.060272258133209834,0.14918265797341668,0.9002674872300753,-0.05142950812992089,0.09684207699055687,-0.028363180444008356,-0.4156819174390686,-0.8862476843818023,-0.05058821880190545,-0.9439379583906223,0.18590012011524185,-0.2993814407612505,0.17994586547561067,-0.8035879606107852,0.7845183384691292,0.8535237031307874,-0.7132830559814514,-0.4000333005463577,0.19006092510317787,-0.7706555485810168,-0.18511170597867788,-0.4927480833130958,0.7671637648138986,0.7008628532227118,0.18285280686121463,0.06604435367075101,0.8226042644917695,0.7184496866683149,0.8525759665786322,-0.6389418436232217,-0.6454401213202372,0.3224486864315484,0.1477742399947312,-0.9999987907536922,-0.8611131826245975,0.7591848231123367,0.6870023302600291,-0.270059023358408,0.7452540137893726,0.09663445985975194,0.6028370116145976,-0.22072115977523454,-0.737981158439225,-0.045141054093501755,-0.09960741176489613,0.027735942809465314,-0.7707942142260825,0.9004585220937056,-0.45909717674812484,-0.5921867711317286,0.15523437402179796,0.1423072094085558
NO,-0.5999640504968803,0.6296784628654789,0.2774534748200322,-0.5850674185007951,-0.39895031848865864,-0.6578332241612422,-0.13805681270319808,-0.518569467090894,0.33019642562990276,0.9999988057717129,-0.8995196672853295,0.010159769727515509,0.24232699057785034,0.8991996879981863,-0.0024904968591778036,0.06136825762722969,-0.01759687645912221,-0.408679813004638,-0.8603825937588553,-0.2491745274221669,-0.8366388230388677,0.12940631213840234,-0.32487680443767736,0.0850630669285113,-0.7149613246497729,0.8860075763582316,0.7577693931900906,-0.6201051112607852,-0.3099282935911118,0.11260376529598688,-0.7834306660492729,-0.236779236712861,-0.4552770710095935,0.8847559384571214,0.6578624733314409,0.18163978677493092,0.0862127107941176,0.9629111901398991,0.8349121371362512,0.8344298054055256,-0.665181988544658,-0.5371891235380476,0.31844250421076775,0.12939372670606888,-0.8467295301060023,-0.776232461854308,0.7490277892329069,0.663118645327374,-0.2775750805250664,0.7745896152198748,0.23322232929392395,0.6044542141086477,-0.161347030145574,-0.7055425405588103,-0.07527513047244132,-0.05892300918426823,0.04741248048300179,-0.7644708607914016,0.9955493274311173,-0.5714764233993208,-0.7009822150642889,0.14126384614832846,0.10163342475355135
NO,-0.5619334132900061,0.5295661829210703,0.34953790649172184,-0.5782108460926588,-0.4782164096509319,-0.6267384787065456,-0.2169810875175234,-0.5977146323400254,0.2559182187141996,0.8354623724412813,-0.9088766938170274,0.09506555643965163,0.13088003978168922,0.8792791110046988,-0.07209899070065519,0.048502456907259794,-0.10630840111344862,-0.4642802638423221,-0.8554675902577046,-0.15082677529173918,-0.8871975477011511,0.044674544080713516,-0.2710830350690919,0.21096388873064403,-0.6993501601783644,0.791806698361364,0.8530799699929774,-0.6877131917155965,-0.3233539424287976,0.17761147752919726,-0.8529252670446633,-0.29850581620411976,-0.5341427155351426,0.8052266227728719,0.6841223470519819,0.11696861615198131,0.016974885237682966,0.8199397937303237,0.8861985910480531,0.8996662056438737,-0.6753893377419938,-0.621734330176836,0.37674951327141776,0.1641860366097713,-0.9999987899689825,-0.8766663804138736,0.8580251917874931,0.6985841191384828,-0.44664992752228433,0.7448135019047061,0.18952364379171552,0.43390911169773283,-0.05979187270446293,-0.7916607354772904,-0.10842911768237687,-0.09634194416687113,0.020683228600178346,-0.8283788443347376,0.8948044323626351,-0.429678978652202,-0.5925437961917447,0.020318107980954264,0.015491593202853008
NO,-0.5152763723803956,0.6690244781042258,0.3687263897068078,-0.5532637269808294,-0.357204089174121,-0.7700429342090713,-0.2364090495766025,-0.6022727989752292,0.164823472114925,0.9999988152519783,-0.9662530434060485,0.1484119589829029,0.1918745343265998,0.8181513966669598,0.04768935315105468,0.046390677523938315,0.05631935449011425,-0.4355096303199814,-0.8237041213510952,-0.2115978035753979,-0.9032660009297329,0.12398714040110644,-0.3524086256835289,0.016937423273434952,-0.7784341771750627,0.7448650503546025,0.8187090732153939,-0.6239691980644588,-0.31684258248171526,0.30105092668996913,-0.832889228514149,-0.3187460620214752,-0.5173305102466965,0.8835023672891001,0.7863009042584088,0.19585134386721537,0.08497412687651659,0.7821037306602711,0.9350634152389055,0.905518330401407,-0.6595945665680147,-0.64969656257983,0.3191439727021578,0.1770573640546234,-0.8808226783612281,-0.7443430249594541,0.7507689215095772,0.6489752836295791,-0.30511250775755844,0.7473737049995716,0.14045792993665832,0.5142706405389216,-0.06639260922229634,-0.7651175938712602,-0.11744059104236476,-0.06340018351722622,0.061728990004712214,-0.6617145710666424,0.865323241554615,-0.46951543190516926,-0.5568437363762532,0.04759362647177416,-0.006294025557648844
NO,-0.547755186233444,0.6418072866421204,0.2649136625531655,-0.5538793435656657,-0.36086514780994144,-0.792993990057083,-0.27916280089214607,-0.5065472487544209,0.298487932865651,0.9262882515547921,-0.9999987859806998,0.048199008040902394,0.11611193753773888,0.7532211715404136,-0.09406181474446958,0.15408689364245845,0.00385592652845093,-0.5261752497631829,-0.8541084943661289,-0.23219286833170033,-0.8849375252546622,0.07715046781348556,-0.4002887279626566,0.18685116324523754,-0.7370810633717342,0.7912914110478887,0.7200408177519351,-0.538802085029282,-0.40438286445357235,0.17415991777382772,-0.6975280536822637,-0.26768175819841944,-0.471797328907538,0.9365358728319537,0.6996811040488748,0.11208199849726161,0.022399003481396406,0.767733247421624,0.9161976694966268,0.9465177792696228,-0.6594225999609029,-0.5857136954585519,0.3181558270850763,0.02313619706421018,-0.9384857320321301,-0.9038106556744158,0.7638323600761792,0.7852253972635317,-0.2874476074090903,0.7686936408061937,0.17626083776187002,0.6429269135275575,-0.18149516408201477,-0.8842734350321301,-0.1001484058896862,-0.022979688323475755,0.12605092270275592,-0.8049909270985681,0.8856178237856132,-0.46698006303223066,-0.576953211202039,0.044427083378939025,0.18289960027408916
NO,-0.6410532154794178,0.6861895206779696,0.29988260184879423,-0.6899140261369289,-0.38428941154806767,-0.6400118139445825,-0.2430302450422867,-0.6479462443083822,0.2627387756766306,0.8849959928443714,-0.8942735508712725,0.12315766128672531,0.07693153026988955,0.7420132796561777,0.056103184825590326,0.031906537327559645,-0.11762515590790465,-0.5069647873631898,-0.8192458515194766,-0.15455340289556052,-0.8870139758871601,0.09584029412420217,-0.27433124553705146,0.005984928230989874,-0.807373205074573,0.8455116494576441,0.7399674703722994,-0.6285584383006254,-0.2576703249883681,0.2643692139708149,-0.8955996564580813,-0.3137682921204695,-0.33389981711579325,0.8207188419188107,0.7069827900428513,0.22040901481031583,0.039507706970058835,0.8621079275533019,0.8606794397764723,0.9199189448675894,-0.7278818632738714,-0.6321035297329318,0.29962355350705766,0.07915817386117092,-0.9802300022794647,-0.8755607530870413,0.7176152951819248,0.6421596785516839,-0.29992718373665744,0.7302355913260767,0.2010335053984052,0.6349504473265073,-0.16473518798225822,-0.6525658754712199,-0.06989875567141013,-0.050988420185234376,0.10547957868562678,-0.7274292044928878,0.9999988174029166,-0.4117827922694788,-0.49145047199643194,0.05315893540402608,0.10321878261894483
NO,-0.49989883497516596,0.5381864835714463,0.27601344925136406,-0.5738550510586448,-0.3168701812510525,-0.635354468465029,-0.2324329527833584,-0.6425856131660704,0.28377260001321736,0.871398390695412,-0.9999988307965604,0.002663589508180997,0.15689027263188554,0.8544374247714897,0.01350811301310673,0.09411070968755578,0.016122414057437032,-0.5226057107790569,-0.8001380201212555,-0.17155394421224515,-0.8038867287848378,0.06619299792331794,-0.40831745091742455,0.0710750442177157,-0.5877179869778015,0.8596608632056274,0.7083611452753812,-0.6583248922162058,-0.3912067146294394,0.2892532230513157,-0.8121943981804866,-0.29109325615556575,-0.38836236287205816,0.6829687848436664,0.7466886773827622,0.13451728053674072,-0.02908396685689276,0.7913095510782965,0.7667105498744873,0.903758236255577,-0.7387032091541353,-0.7467580927435666,0.3177317259093372,-0.0017913249428964722,-0.8888735369054294,-0.8888243146794265,0.6974625560502021,0.7007301191029147,-0.2794272998999524,0.7461885596171719,0.21501005541105567,0.50457249227732,-0.13952123723348187,-0.9178689732969032,-0.10951932673900944,-0.09746600268251016,0.037809960359489726,-0.7193894662179234,0.9878340996579819,-0.5064778540824234,-0.619159724224533,0.05978830909208719,-0.008473505302251657
NO,-0.6152911690417212,0.644270454648627,0.29741357327082235,-0.6827162789534035,-0.47316169023690796,-0.6774448505000101,-0.16804107140247918,-0.6471099462299537,0.29482871606387917,0.999998834126981,-0.8002463675824825,0.09563987395934381,0.16696081112636715,0.6483126549765096,0.13360457455774508,0.04797306408359209,-0.10729421643688214,-0.44596207512396113,-0.7400608852913109,-0.04167460451130257,-0.8272839216773672,0.15237046288155418,-0.3569553053700977,0.0021849262378105124,-0.5960965034140877,0.770760484661641,0.8254503721926546,-0.5025828141394212,-0.2562441220897975,0.31832667293239847,-0.6240740669379703,-0.281504300967961,-0.5114219133370943,0.6664284935754035,0.7884229475300548,0.1232890729679316,0.1041194346766872,0.7602640502794759,0.896320536110494,0.8346745177444547,-0.7682867014126314,-0.6453489850314175,0.29868493044567135,0.11205223289567484,-0.9012481727133985,-0.780499315234687,0.7069592108548894,0.6493188759141172,-0.30026424461018103,0.8486715298785857,0.187867222601937,0.4549946825576606,-0.16569473249925556,-0.7155188601322092,-0.016050242399819576,-0.01968621759778107,0.04130083988443967,-0.5947699710480977,0.9148430263819176,-0.404633248518862,-0.6296490531830277,-0.08979960251892057,-0.012694593778698707
NO,-0.7591916770632879,0.689704081610212,0.3034658885719361,-0.6212646758798892,-0.33886445296365547,-0.6696142383496813,-0.18043446498789972,-0.4778503187539021,0.24938794597708244,0.8631131865878694,-0.8540807006758003,0.12196562194471987,0.14196627270793896,0.8912926337064482,-0.01418765888239358,0.02879604376698284,-0.028243411086595185,-0.46608488266359666,-0.7919140830074116,-0.21692655292886773,-0.8500022348595137,0.20252453128198208,-0.37957852827274663,0.015965012884760932,-0.6082678132231634,0.7388696818017018,0.6891204411020713,-0.5396391100630232,-0.23514308386181976,0.2802426335187568,-0.790395812189597,-0.23436047367562338,-0.48690651183304784,0.7329649427210547,0.7209907462383769,0.11580466841573597,0.05367122572587257,0.8050391765171381,0.7373575179703757,0.9231978708384542,-0.660003607829725,-0.7420649167991245,0.34266164299784574,0.031934600433335965,-0.8265940624229979,-0.8930231673849,0.6966493405633143,0.7026440320987941,-0.2606488822597294,0.7667920958523193,0.08543043509725576,0.6607717657572573,-0.10378971297128282,-0.6359739867736113,-0.07199156390196378,-0.07958769349368444,0.01998424049669698,-0.7614975778336676,0.9999988448949783,-0.3928618421042399,-0.5929109643489755,-0.11323557381678497,0.05648301877975762
NO,-0.6286022291700352,0.5914152010768258,0.34375920300871016,-0.5528938136641388,-0.32901852643902807,-0.6999223612123823,-0.34236877246805886,-0.6065070114565402,0.42671030903757196,0.9999987653101594,-0.9413205716057567,0.10302992627479915,0.17117188932957397,0.671150795252199,-0.0029233507114802015,0.08399302344520976,0.023112470376531132,-0.4535873498445849,-0.97871265398209,-0.1538957552821438,-0.933480930420765,0.02463041906035541,-0.43218851446873485,0.09987289309444453,-0.644738730649464,0.8844755523414234,0.8183958267508836,-0.5832098473889794,-0.3030210228517667,0.2672300545459624,-0.9480452863893739,-0.28044383108124465,-0.556186525678997,0.8926460532594489,0.6873015241025395,0.15962044384978336,-0.05272058293907742,0.9136739585783763,0.8929904875303278,0.9615463148471247,-0.7902569701636694,-0.7183295788679078,0.3629478088481955,0.038979457140450105,-0.9244245120603567,-0.9987227986301713,0.736555932957521,0.8396273004759846,-0.25483039376285604,0.7828188803597944,0.3076124120230579,0.46010884122259316,-0.1936930082063529,-0.7884992741027179,-0.07793255857848262,-0.03029620819059459,0.04717796144192021,-0.7175646245793678,0.9458677884351042,-0.43065871187548505,-0.6592605281311058,0.04533668764548176,0.043244667512765934
NO,-0.5510500814348389,0.5802499742971056,0.31156416743091697,-0.5813986908249641,-0.3600226030806559,-0.6793427547928103,-0.22032551742565185,-0.6173158211006201,0.26548283887771473,0.9881696530323754,-0.9580116902473862,0.0724621021628368,0.14816679277528033,0.7317785386791242,0.053587780022835006,0.0984786868529398,0.005907885341777489,-0.4610405845469467,-0.9941317547391216,-0.20458131714165584,-0.9050732120751549,0.14705253644571156,-0.5135341481126494,0.06960629270392218,-0.6975753264584059,0.8218833137271252,0.7917476788247646,-0.6575697074564664,-0.3578243599283117,0.20096205311729845,-0.8509403128826977,-0.24752574855489046,-0.5423679119778511,0.7726896792178959,0.8135039228592165,0.21916943193703692,-0.07546518420827117,0.8116452785103417,0.877837426848959,0.9565281593468254,-0.8403187951832543,-0.6049771115695146,0.4040501630483588,0.11270892417759712,-0.8761048716463115,-0.845689274344673,0.8022121179234837,0.8330353266907823,-0.21609723256556515,0.727706419121198,0.22636474242858862,0.5688869285292738,-0.11334773655675275,-0.7415800743195065,-0.2184720060747116,-0.09278616948676548,0.1181745467608,-0.8140883735973918,0.9999987530853003,-0.46021900557833867,-0.6033144498403773,0.06747634508047173,0.1604832723160959
NO,-0.5689328647461928,0.6057161385080677,0.2464833341748323,-0.5532159988238959,-0.36170123641235447,-0.6340385445520123,-0.22332170605812612,-0.6823431591443985,0.17559405258371108,0.9999987922606199,-0.9774174644438891,0.10544783253557821,0.14925024452629043,0.7903350851186357,0.00578564089548409,0.03218963153388389,-0.05573041184903991,-0.4818611819040676,-0.8804012019157477,-0.19605252764279713,-0.8782539580886681,0.1532580499617545,-0.38022016411963666,0.12675099100322074,-0.6138119327170872,0.8876343107045898,0.7946410822058619,-0.5793090715477757,-0.2502692172357579,0.22470772801361802,-0.7218339141507378,-0.2439466830698163,-0.5026760626113199,0.8570351854548398,0.6867097640036848,0.14785844245558463,0.010560691709050466,0.8423525815241001,0.8957894571003298,0.9606059519523459,-0.7025710985097848,-0.6197216567487571,0.4183169081546714,0.07101126877171285,-0.9978651363525691,-0.767860709500914,0.7179282335475151,0.6711122306076153,-0.38427418325947904,0.7901576194623285,0.0831015126675402,0.5458210189996965,-0.1047091279258681,-0.7034678668278636,-0.16741913623214258,-0.09061425758915582,0.045750355919118774,-0.795281283486488,0.9656525429385767,-0.5247185822977782,-0.5972596192800209,-0.036655692015669275,0.1403162424266804
NO,-0.560819164996023,0.6348062056245604,0.378292569930103,-0.6368836076218222,-0.39909086825011414,-0.8174022547395009,-0.03613263386366974,-0.575654369086949,0.337442506067694,0.8716542215665801,-0.8736451835474572,0.18926026401216403,0.13727090042872786,0.7316850512411706,0.003189629578957633,-0.04949987067792997,-0.05647268282635673,-0.39286554909270555,-0.85114609935854,-0.1916547623474167,-0.8240558254904712,0.13265348214184638,-0.4677093491592208,0.06956618416724385,-0.5537634103962042,0.7475418461797352,0.749341705071714,-0.4767842449976503,-0.2333977098731127,0.18635278527919338,-0.7608541022198305,-0.2782373763098843,-0.5206545752194401,0.7901588680229604,0.6573783898879314,0.1594026606930334,-0.005814636801025691,0.7473903296313545,0.8244683748264646,0.9999988048072251,-0.7114787044157521,-0.668934087689339,0.3830389757695878,0.0697743764596256,-0.8092087413053626,-0.8378726455984297,0.7839908416898668,0.6602998501690319,-0.24287758841803345,0.7642488818898402,0.17575884976014036,0.5550010879899844,-0.17690262728106482,-0.7224283482062218,-0.08914912343827755,-0.0892551594330661,0.11458803949836893,-0.7565132743264332,0.9455998096262368,-0.5012678367195366,-0.5753867479791761,0.21248937093869324,0.08977666859647843
NO,-0.5617510398311373,0.6236042149454015,0.29012640536482126,-0.51856107388926,-0.40151542667943124,-0.6515723173332497,-0.24775037128658595,-0.6342593914659609,0.3020507971737629,0.8939753735993569,-0.9158743661269392,0.007001146527602498,0.12379573140813889,0.7180563983250962,0.18319457601857683,-0.015518422407045937,-0.054496508178026634,-0.3796949340685779,-0.799909590925798,-0.1258175064034266,-0.8888012121580018,0.18018886011452517,-0.31904915609877105,0.07819980605989799,-0.6961292485971479,0.822354148897528,0.7115017424434366,-0.5273518604878141,-0.2245689097356377,0.16687664784745404,-0.7951203849860821,-0.29135687033297775,-0.4856944581302638,0.8114580822578283,0.7426081759822635,0.10977267088170554,-0.01185919739673036,0.9122168739010915,0.812321363885844,0.835429740516478,-0.7575368517994436,-0.6797484346867971,0.4379255262535646,0.136696042644832,-0.8661637351434744,-0.8014973856586762,0.8117001505727348,0.6751071670666218,-0.2894546605537481,0.6998818904230072,0.1692728993788617,0.6360735005374688,-0.13286329382603349,-0.671705411830242,-0.19812375215560285,-0.05260594632387767,0.023195047649783508,-0.760826883159179,0.9999987853178728,-0.5102955109367787,-0.5523886305358429,-0.006197243314992767,-0.028728947290669785
NO,-0.5394421766622728,0.6686261870176033,0.23361176236713077,-0.49740785392448533,-0.3625958801098569,-0.7578971916314412,-0.28172309953111363,-0.5469431924437735,0.24283818816884237,0.838327352656293,-0.9999988445828829,0.026731424075609248,0.14738154869822132,0.7653645040219147,-0.01785507925650858,0.09245258527168292,0.007678692010682407,-0.4044500496603253,-0.8277625680015095,-0.1152460498552285,-0.8825609293233062,0.08034998730368836,-0.3678669791864691,-0.009340184555072692,-0.7003197650302218,0.6799167117712466,0.8398067188631341,-0.6272485402022195,-0.19778827690697134,0.2120105604966607,-0.7148090383982532,-0.2970941088433617,-0.44809832217321777,0.8057315684418366,0.6900666786887588,0.19234350704607797,0.016334713527023065,0.7685179398096273,0.7073182090287424,0.8978621066447514,-0.630019895001473,-0.5341590603974782,0.344357455254136,0.03231837314182258,-0.9882390741106696,-0.749584487068242,0.6136591116906356,0.662242420729851,-0.27681698913556224,0.7189100395102624,0.17524240187943463,0.5734986957716331,-0.273693414910283,-0.7138512196211332,-0.2513211070400669,-0.036637606118844236,0.062108814365952995,-0.8537602333212893,0.8614012971833165,-0.5059396552054934,-0.4884886045665401,0.06090961260432985,0.08868442701314806
NO,-0.5293796761522739,0.5913603348665742,0.35201133915128696,-0.5558030631859419,-0.46211941526129613,-0.6263998523200245,-0.31381861532035116,-0.5204154108860539,0.1877836884407297,0.9979166779030375,-0.8356045040979249,0.0666145780765135,0.12764367713104466,0.8423682620696011,-0.008337078973406664,0.19543040874721263,-0.043434479403201325,-0.4687349100592505,-0.8959678100145015,-0.23426336791933589,-0.9079652796870523,0.07685962222746263,-0.4042750562858267,0.02534079015592668,-0.5834651410952707,0.7785118115191652,0.7759144695625654,-0.5666929420370966,-0.26608488272101766,0.21708558392292673,-0.800667762791288,-0.2553074807404126,-0.4676810269407451,0.7920912072395967,0.5904401129097411,0.1267778358134614,-0.030101864305235627,0.7968597895541196,0.842720092778325,0.9342399071521796,-0.6201466954252389,-0.6925741474384237,0.39066347042779337,0.0991430082016568,-0.8574336788055473,-0.8165748774084619,0.6932141576632803,0.6124549635709968,-0.25857525554508587,0.7281527200117748,0.12255932626864413,0.5177134261033137,-0.13130442305350656,-0.6600091004943678,-0.15367277229030007,-0.047153750022301245,0.09282968047777844,-0.8451395174453352,0.9999987849103578,-0.563942166359311,-0.5847434486447627,0.03135982258747293,0.12659649443765297
NO,-0.6558845356628812,0.6120397704648254,0.25150862053398987,-0.6193868200730385,-0.5961379422117831,-0.580338427060056,-0.19129561323116012,-0.6138343639131124,0.20858858283191284,0.9179147842137139,-0.8921838919012981,-0.03489078296774263,0.1326851760610063,0.8997588237214785,-0.056396186565898176,0.08855654878335528,0.07762008766046327,-0.40498220575245636,-0.8432187025969942,-0.14469593524490193,-0.8813517477680957,0.1745818129548714,-0.39318665508288925,-0.05293071566848639,-0.7242109456289988,0.7711365737311587,0.7391628214681829,-0.60955901719284,-0.2282948777939908,0.2591166700312747,-0.7590014089898507,-0.27886085901045127,-0.5403386052526399,0.6656191828474831,0.682275009749255,0.20056488863057884,0.032501338187463195,0.793349912458284,0.85645564008173,0.8943639001116253,-0.6169207575378899,-0.5766369928979381,0.39612983467935325,0.12477409553843506,-0.9999988023434635,-0.7996636010336784,0.7661946725548486,0.7431632580391153,-0.24400581256214027,0.7764636275956003,0.3412404233308418,0.5816296230497751,-0.08298971392927802,-0.7690298336917827,-0.07964969353589833,-0.025575151342277874,0.11944469846808646,-0.6558430816225891,0.8886960965810453,-0.5194741016944984,-0.5649311749960497,0.10410630981814026,0.08204493777309566
NO,-0.5392227015050953,0.5742469072059353,0.24423061126552187,-0.5965462161538072,-0.4006831435734586,-0.7040531956775857,-0.23629008175671462,-0.6152857688998467,0.28392688177022435,0.9929625773510323,-0.99720149338527,0.06929386342104338,0.12237349457114938,0.8838723315043476,0.0241893412527196,0.22894543167501424,-0.046751558778940085,-0.49769727131537594,-0.7225885986962006,-0.15717319555491385,-0.8347410936737887,0.13829071196300022,-0.3472261110076761,0.1009015873684494,-0.8020223706693209,0.890157283167977,0.7077706576199441,-0.6322732432701041,-0.35924011613500556,0.2498682816613871,-0.7894535032013357,-0.2613584619583638,-0.4808602345706447,0.7948273137025302,0.6902025294865208,0.21766138064139057,0.10766676572056184,0.7914908636584621,0.7708411098192869,0.8951672948695277,-0.6854003383364713,-0.6042620795390491,0.29632030370622126,0.10229721483586059,-0.8502566513635917,-0.8519370173940084,0.8668811237480251,0.801897746114599,-0.34308820528403344,0.7718982039147928,0.18993342328441137,0.6196609152262175,-0.08805790345553843,-0.7492824037548059,-0.31674404067989237,-0.16781616685515544,-0.034898458817572295,-0.779561643538597,0.9999987472884484,-0.49509645743502995,-0.6642660439394757,0.09594752083598594,0.11944130098653728
NO,-0.6278146917953287,0.47093799179867124,0.2837705604507279,-0.45273447114757726,-0.2601469725352495,-0.6317635567924949,-0.251978013532007,-0.48403992838649307,0.23398546967847017,0.847799327316424,-0.9999988738544461,0.07949552814997252,0.09726878233832165,0.7517647511439903,-0.11864996264132872,0.08830513270114376,-0.18796672928150182,-0.35513686993866306,-0.7705750335658706,-0.18027444676070795,-0.7744701772448237,0.03590629287555434,-0.34314938272337847,0.10529747460919031,-0.8331667601335353,0.7543449135987159,0.7095863215956472,-0.5696272437892691,-0.20004180172222286,0.14121119592486836,-0.7634816740187348,-0.3699218519068472,-0.36341393670335265,0.7348237791009804,0.6104796461875378,0.14089010164048366,0.07248540635767409,0.7956549891538987,0.9282577519738822,0.8712143484500199,-0.7012013500415158,-0.6432265692234942,0.29633480847379434,-0.009906346187569135,-0.8653993233722853,-0.745132828896058,0.6647191606428768,0.6191821571163245,-0.17181520224039884,0.6242864785171014,0.052353606121834075,0.48627408496913027,-0.2174946552673748,-0.674844269393004,-0.1397230464590367,-0.08930860766475979,0.15671150868551514,-0.7496012227672709,0.9290672119098106,-0.3759242180910581,-0.5688153075723356,0.08979413123352788,0.053426812916236646
NO,-0.5540339353576321,0.5100421402987769,0.2096366684570659,-0.631416440412379,-0.4452256601993275,-0.7596680709587845,-0.2448582580612631,-0.5412295917904212,0.25941491448419346,0.9264400666973507,-0.9861583109533447,0.03336900420383127,0.08790662212793,0.7190058158635536,0.016159805180968354,0.051245909727436006,0.003654323722226746,-0.5461228504984226,-0.9109286388755082,-0.06855808419373939,-0.9422744869974813,0.08518295251798927,-0.4559504901731231,-0.016870174942615328,-0.6271987940382755,0.8655986603397019,0.7879744422860583,-0.7174471726358379,-0.28725496550117435,0.29578725105607084,-0.7280785602552596,-0.24614995300334658,-0.5616517765644299,0.8405519519998482,0.7379209241206377,0.046951292634197686,-0.029040026312939712,0.9061255425866608,0.9087412678034591,0.8319252542382994,-0.6912866567843026,-0.6649758197034911,0.3975325739105445,0.04270073485996545,-0.9118400063022641,-0.8135814368230638,0.7452898020262047,0.7301200038326787,-0.32213847316420086,0.8748665983258586,0.17770803559189968,0.547635884009409,-0.18763317082500083,-0.7562367449762433,-0.08445275041712784,-0.16689378675010424,0.21479847578911845,-0.7604485636245857,0.999998764771449,-0.5116817715046469,-0.5945812231250734,0.04381419071298263,0.13639750083127183
I_LOVE_YOU,0.9235694485343189,-0.0498292245021807,0.4285695281085936,-0.8222911858765519,0.3780843253281878,-0.31197854192931845,-0.3300018924477663,-0.7340100932547902,-0.7634927519709015,-0.6670740379733875,-0.26959399221692565,0.8569008010440694,-0.3267144268978857,0.5628994641824753,-0.9992581249782764,0.19627157875033996,-0.11689044836526097,0.9824447443201968,0.6783535769297396,-0.15446452577521944,0.5059061084913695,-0.6653336824621885,0.12988529508711538,-0.7925178238291831,-0.18201094625576875,-0.5608504824867641,0.4580423010076434,0.054503922296201636,0.4756888020422691,-0.018414103358774987,-0.7076442042281872,0.4610567833455425,0.6823463234487191,0.7092157460677556,0.11162254545379738,0.6272350379952786,0.5348201328848472,-0.6926320608765257,-0.5864317470421591,-0.9643039632490277,-0.38740279796115507,0.08950620841039686,0.9960362104565278,-0.14204838907614395,0.5279646892794801,0.4664100759362683,-0.674661038194821,-0.859139040882453,0.20243401954611956,0.36163966173656437,0.9765243159372241,-0.28192878238296815,0.8389587934469436,-0.32646660952009304,0.1849148983448147,0.21068567563767918,-0.8239575051146204,-0.8656438302778923,-0.9999987457645222,-0.26967791831855964,0.5934527875219174,-0.6983826963447776,0.24818669232627127
I_LOVE_YOU,0.7784944977669458,-0.07678941034176848,0.4342565414487623,-0.747208857799269,0.5371971507397699,-0.4451882431172606,-0.31839059469041225,-0.7358810417988969,-0.6914050681376412,-0.7365754362771574,-0.41791840732778235,0.7221759921328847,-0.26345341486185586,0.322641184331487,-0.7843340725275434,0.17358504391387364,-0.09980715489275854,0.95264222590306,0.5928473107707672,-0.09210943867768431,0.4307890122092525,-0.7059545384196246,0.09476551702590055,-0.8813068613723841,-0.27536038291670584,-0.5407161120973877,0.5600566819181996,-0.03581330646816585,0.29122823416890437,-0.0950219387054323,-0.8874678993981713,0.6714340001047625,0.653615885942565,0.8624286038272132,0.2036481745081495,0.421192193309705,0.38579280881312417,-0.6380594840700186,-0.797468183879366,-0.7844663039105937,-0.36165267257255584,-0.014249489769271472,0.9986456307457825,-0.11387394280220377,0.4517260505337858,0.3979720588150794,-0.5788154009554144,-0.9536265478979078,0.06632701881008833,0.5277062236495419,0.9999987698510017,-0.20801799657859402,0.7196693238252205,-0.29392651490491334,0.29878610770058944,0.11147147601652221,-0.9796338977210761,-0.8154876539070026,-0.9651360291722629,-0.20037985664284402,0.4647033660300039,-0.7919125499434443,0.23562961499082413
I_LOVE_YOU,0.7239277914989185,0.004402705440566579,0.334542713007526,-0.8327039736387399,0.39337889591004005,-0.2707523616718474,-0.2899935220226365,-0.771071596765345,-0.7986093064646843,-0.5066957089125429,-0.39356085790857026,0.7869734494884509,-0.3173802713277594,0.673353031306488,-0.8113508953429274,0.14137239585597558,0.001614889882450659,0.9860055660919342,0.7050723675242354,-0.10870925073633199,0.5681431797029373,-0.6131902792785052,0.12103097765308853,-0.8847844881966299,-0.3886686475928272,-0.5044826312494314,0.4677488085885292,0.0601963140109182,0.4967153139702578,0.016821097622526034,-0.8998227088626204,0.4604251785237141,0.6774358854508646,0.6817207994969338,0.20726852304076715,0.4549221964722358,0.48359795164416874,-0.6402381720347552,-0.6607645437409261,-0.7576185807532659,-0.3155001723944001,-0.0612113068535243,0.7873731285644466,-0.07448338457303222,0.37242146409791865,0.43266835854592167,-0.5510168415710345,-0.880418512247793,0.14905615573831899,0.4259237611184878,0.9999987709279989,-0.38351799477578913,0.7819057544725124,-0.3085577558654481,0.30513168199442664,0.17102237872376477,-0.7891417278444165,-0.8066509883996695,-0.9159217043739102,-0.20666123746348125,0.4296192455523215,-0.7404075501940145,0.10037291269975268
I_LOVE_YOU,0.8735731422197671,0.052504366118856755,0.44345307742890167,-0.9091671222991919,0.5723850916387361,-0.19541760789626308,-0.25811597769861955,-0.6666623603584686,-0.6487251315851859,-0.639891458552043,-0.38335809112706193,0.6799900734507587,-0.28994157191210784,0.431933748434122,-0.844037404441344,0.1743580782609764,-0.1787502045626747,0.9999987557317095,0.7449269683570896,-0.06684309208612212,0.4750132926074987,-0.5882760200053503,0.125507631617885,-0.81734164420953,-0.20592816760345697,-0.5568647569540686,0.44710538768513064,-0.07350262237553326,0.5571790877492002,0.0741702527086519,-0.8097659029398336,0.40305793691443725,0.6208919374016043,0.6894329210831384,0.1000789614950195,0.5489773216003005,0.5263989350836749,-0.6754087192930341,-0.5761359673075577,-0.8353478574693108,-0.3944279785149935,-0.0962852381073849,0.9768138368730711,-0.16538864243702944,0.5096985989379561,0.41124012791540043,-0.6082139372752249,-0.8964564172648237,0.13534265652031016,0.4616683955198696,0.8772499340569124,-0.2921329693126665,0.7947861637706859,-0.20095076179394133,0.384116017400328,0.22093810658616694,-0.904684937493978,-0.8894920196401467,-0.9052894201114903,-0.20638698690243726,0.5299007233919398,-0.5998640185145846,0.15028069771570493
I_LOVE_YOU,0.8170039666914208,0.060009311970423376,0.4035821605293601,-0.8430081037632076,0.4663200297783005,-0.24051432026525094,-0.4008509631055606,-0.7313850118988598,-0.6981130962353967,-0.6944923134169767,-0.2383361357700833,0.6050849386413252,-0.25145778573704625,0.47338938393110863,-0.8798982859260526,0.1960619086911232,-0.049375201146459755,0.9999987717042633,0.8961845261449993,-0.06797717373324909,0.577828152712444,-0.6631517231812591,0.1356997479947356,-0.8588981918570394,-0.25071605312495715,-0.62633560313345,0.3642881364920948,0.05299613577216641,0.5063184582049699,0.11136211972648553,-0.7903317350069856,0.49386970578196604,0.6358784505768991,0.7811575120137156,0.2007133317973459,0.4895677242639265,0.5680225521525667,-0.6832924015559226,-0.732345381277197,-0.9213704427938124,-0.3644660330752098,0.004177103810810909,0.93765881550463,-0.09067442291230755,0.45081512473862356,0.41730823273194584,-0.5985647729391621,-0.8564145367271434,0.14806854681184214,0.3926006278666418,0.9469670350345004,-0.3895043521968365,0.8122227456538558,-0.2794259801390801,0.3402763372391031,0.12732737653358028,-0.892649394393247,-0.6997617038649792,-0.9202090738076002,-0.29340591679709804,0.45504243284021123,-0.7314843279470032,0.1385937093445575
I_LOVE_YOU,0.7056011421959959,0.007189615161022211,0.37542153649069027,-0.7723276224132452,0.4629272359312383,-0.33532228876731,-0.3327558510954459,-0.7527500035121673,-0.7043911826497525,-0.5464624799416387,-0.1963191398162894,0.6478271893525962,-0.25683801395714956,0.41603016243990604,-0.7681603413833524,0.18304266471378172,-0.06508112015859299,0.823568959779411,0.6140457713949503,-0.06305320193412119,0.5684417770297405,-0.5323227745726777,0.09820203218165183,-0.720277194185027,-0.21758392014213648,-0.5114512304681562,0.38653815207406106,-0.041938370565546834,0.49901972069366307,0.031763378853820384,-0.8249043695982897,0.4473302619043994,0.6848632320636949,0.8160898022079709,0.10282468817534694,0.41803757853138906,0.5614666922003163,-0.532501926068716,-0.5791813463677862,-0.8703162888161817,-0.35892057750583717,-0.10939825916067639,0.9999988729287828,-0.21041252987810058,0.5096284363126397,0.34280885510270304,-0.6004064441107045,-0.7405406058464574,0.11843885395019194,0.2898577124060739,0.8970818663652527,-0.1774504843937862,0.6916702199759136,-0.11825416815747027,0.29959760996085116,0.08577391775963816,-0.8035715101988431,-0.8426104473403556,-0.8571749576490222,-0.2326368624567082,0.40048824654322074,-0.4842543147966897,0.19066209103676862
I_LOVE_YOU,0.8850738789879525,0.047403426980535,0.48106260907713616,-0.9042051582192296,0.36714386842877067,-0.20868694660685663,-0.25182738427279255,-0.7283735961969617,-0.6896028547067066,-0.6252187738019631,-0.2796220499507864,0.6694222612555,-0.22546791581844433,0.4952195803710559,-0.7604673246415417,0.17151434842732652,-0.03511036680950842,0.9999987937541244,0.7032756526141092,0.018680751238091688,0.42591768346029635,-0.5377471009270571,0.07137922231439817,-0.82537984331631,-0.21019705782839082,-0.5895383353183357,0.550091982793346,0.04756003406832366,0.5194980284718433,-0.026693187556270436,-0.8089220071140188,0.4326434056166327,0.56880668537643,0.8447801181047836,0.11455577904159546,0.478830371784134,0.47890262148339685,-0.6773181439000917,-0.6160586709740188,-0.8657429775380422,-0.28614836553105955,-0.08707116395555502,0.9592190739976494,-0.21198605186376387,0.5012812155779314,0.4532182730302137,-0.5271720334662687,-0.841800208786518,0.08661282360125364,0.29236650370000766,0.8799150900805935,-0.22761559886018254,0.7540780286517974,-0.3098475451037358,0.2808040414146518,0.22792056214041256,-0.8100365736198771,-0.9062217484762295,-0.9157508965170768,-0.22589496640504886,0.43919250107663943,-0.5568087705900666,0.18350274547225492
I_LOVE_YOU,0.6995429330512183,-0.019516134308670604,0.4386393731627927,-0.8172242443791975,0.3932215546810466,-0.26353225809538017,-0.26018834907988536,-0.7060397789614722,-0.6260707013522885,-0.6216718432554564,-0.3526988610766606,0.7676211910458401,-0.2997507517394277,0.5087091659153224,-0.7012252264682186,0.10244422513254825,0.0518471944358592,0.8935063963839892,0.7209341255750551,-0.07589241404640985,0.4990417699684438,-0.5844679923179069,-0.026309129226128835,-0.7337552969691121,-0.32208955208809087,-0.45191068989430205,0.5020316432260873,-0.05175035557449698,0.42790843606436,0.08660668366843108,-0.7924644067205564,0.5118615557164523,0.5768277559329523,0.8301303843605251,0.11557247940095597,0.4884908059846045,0.5233531529966486,-0.6076218319047818,-0.5595982561100743,-0.8785133236341423,-0.3568950593006546,-0.04537784193015189,0.8773311922336423,-0.0715777272822279,0.3891458468008409,0.3138167227324189,-0.4926059062324196,-0.8776790002758764,0.027504652055058653,0.4001675101814085,0.9999988431214036,-0.25235961222319475,0.6402063107159307,-0.17892437500284675,0.3163239486660879,0.24669582351607147,-0.8493994813976851,-0.7142351404156485,-0.9112361548179231,-0.2789258365016576,0.3440596824040301,-0.6438850134052256,0.20618845583561152
I_LOVE_YOU,0.8705790159900073,0.029343887180106196,0.46682266211676765,-0.8607560413721985,0.49518826485668527,-0.2547880448930957,-0.28321630090336725,-0.8214669530017369,-0.7398928252731443,-0.7626044068026456,-0.4026637672852367,0.6791888916472016,-0.2418603081628752,0.5251372809968888,-0.8944854432709085,0.12588615270031314,0.022758810583527873,0.9289582219332388,0.7093960099212197,-0.04395247996310508,0.5066976688736569,-0.6578295871589815,0.09314616064309374,-0.9491085112843255,-0.27376499499609336,-0.5113944698121795,0.4433837983220536,0.06524706209922314,0.486457190903618,0.06928143832920443,-0.7977164853144009,0.4213454142473696,0.7396112253095887,0.8161476830696541,0.2051670180626493,0.42642367307250467,0.511621700609393,-0.7182329705924413,-0.7257296148264204,-0.7711504099112044,-0.3484253152575426,-0.14548487772787566,0.9659855151556505,-0.07942711920422214,0.3997064159058793,0.32753860165003695,-0.6010174940093459,-0.8547790917925752,0.04655776591568027,0.42559146970475237,0.9999987483524768,-0.2733604736416543,0.6432793749837912,-0.23545032247387923,0.3636338961901623,0.22119381163131202,-0.9361373456365343,-0.8675491807019521,-0.9263722134950366,-0.16819584223529993,0.40935510779683637,-0.6232378695742462,0.28833127347137655
I_LOVE_YOU,0.912962337209979,0.06355629034109209,0.35697662370284994,-0.7896415566307438,0.448160185121984,-0.322821194910532,-0.3309973719076237,-0.7971531667069974,-0.8196050782029197,-0.7570171623048652,-0.2719414678931531,0.6762338614007031,-0.24957311717744302,0.3701254426542958,-0.8937934799993558,0.22655168550729235,-0.026274253031084056,0.9546492707466802,0.7693394740464231,-0.10920924241092467,0.6315782537642163,-0.6855596068907274,0.05066524261427325,-0.8654529467211571,-0.30575656093220843,-0.6061662210454245,0.4235264421658341,0.06594056378513531,0.4808560163618028,-0.09106941442424245,-0.9425845646956528,0.6053852632370219,0.7624543800629803,0.7853070992742915,0.19601753195000965,0.5271352305670187,0.5876067269998847,-0.7607749934758777,-0.7419354903857449,-0.7812347161359955,-0.4566959041488823,-0.04896274062865015,0.9999987411921587,-0.08962406470438372,0.4644775013640999,0.38120887941416093,-0.6191520209121553,-0.951820940973625,0.082207597007725,0.47676581427167886,0.9855284724511032,-0.19625985867593587,0.844324603803361,-0.20780286649902593,0.3713074926634985,0.15833818212190787,-0.7945022486761436,-0.7992162310774932,-0.9739981314864465,-0.153209141975568,0.5346579574722932,-0.7485075778047272,0.18635218449510446
I_LOVE_YOU,0.8862549222519494,0.0832032399846627,0.5228480493234209,-0.8386718014192107,0.5158136559815679,-0.3533235947851735,-0.3440695781747608,-0.8467048447421512,-0.6651410163796339,-0.5359378519842173,-0.2878380135070169,0.7699729806045189,-0.1824049887812213,0.6175776092931018,-0.864684994848748,0.029968105519942972,-0.014453179061993657,0.9984007361100875,0.5810572246223207,-0.03735191886649137,0.5162016703633651,-0.5782897679149027,0.06558047800203527,-0.8896166817248571,-0.36369183625584195,-0.4940989200653593,0.3889920912389416,-0.002886532624677056,0.4915910646161265,-0.04210637319382116,-0.8020542179261472,0.4736073422159894,0.7148499402496307,0.8783141029442902,0.07829258386925823,0.5163295000109046,0.3565181954541412,-0.6196749161537647,-0.5881486676435908,-0.9999987807404338,-0.3719946789801565,-0.10636945385658893,0.9504708023648133,-0.16753495898081536,0.43869790492120475,0.4374718901044665,-0.5956277713090969,-0.9214685295516925,0.07770207357978558,0.3753205881678451,0.9667181674031091,-0.314107055247982,0.7953409368829677,-0.15147682117184197,0.2921456635919529,0.2191502872745514,-0.8135478336419971,-0.8489415293841679,-0.8585628675169937,-0.2556717954746214,0.4108694962725669,-0.7159118142129575,0.2543439038130649
I_LOVE_YOU,0.8364269272350354,0.08198201232076742,0.39711905883548965,-0.800599475803524,0.4802383891544465,-0.2948180673416973,-0.2934942323218264,-0.7354463523741926,-0.7510874847828548,-0.6227266486225733,-0.3181757089657742,0.567305869869961,-0.27281638902014976,0.4671480939419382,-0.6925662916792211,0.13770279901644236,-0.0660036509587836,0.8405406106150637,0.6067171808360741,-0.017462777481731678,0.6017296710231614,-0.663868243197572,0.06824231627924378,-0.8925019208170413,-0.2820003856506749,-0.5340812529975882,0.42469359851044586,0.019961228522131884,0.49519578126585695,-0.06669601078707674,-0.7646179044094485,0.3365724381691468,0.7151364384902872,0.7242549988719489,0.054054116250955644,0.4365987693703602,0.47713220444439364,-0.5930203007984998,-0.5446841933299845,-0.7882950956598733,-0.3515987265964018,-0.009380575981548,0.9567883674131693,-0.1205004548974238,0.4642186759864268,0.3217169237466515,-0.5467587612820513,-0.9320114849421184,0.16506017789287705,0.341303911204061,0.9999988465735928,-0.29877417976126897,0.7489134241460353,-0.2147344010306172,0.3148381488338218,0.20898371138087118,-0.7513263534520024,-0.6748570822234677,-0.8415875470770248,-0.3081576032920121,0.37255988125765904,-0.5382401796861608,0.13783465619217034
I_LOVE_YOU,0.8707404062736437,-0.0005318254970380353,0.45472466531049927,-0.8011028277562814,0.4716481998009713,-0.18848857614897876,-0.2374010449766979,-0.7030583237966628,-0.723271763147145,-0.6761433631839807,-0.3474689488285613,0.6665984142843183,-0.27388008802110103,0.48168475519627024,-0.7466368268932146,0.15530872775106616,0.1422315404695879,0.9999987928547761,0.6668680170209118,-0.018350047361317748,0.4964430231282746,-0.5775492503623643,0.0986355794033909,-0.8947340566208093,-0.26125760216640515,-0.5298348961810648,0.4269308923502867,-0.020776967957877562,0.43071871802173683,0.12540983211740972,-0.7836641707149041,0.43848336140537175,0.5645894319367336,0.864097472605887,0.19441438856495646,0.48987407111786224,0.4093000463348309,-0.5647675061601439,-0.6705527898428654,-0.869336174867949,-0.350789545346212,-0.028524184958663323,0.9514778032728672,-0.3377258945514662,0.4520389994558171,0.4292177950461986,-0.6245544924966531,-0.7585228709651397,0.14166373853370606,0.4151706900642178,0.9011320356606372,-0.25625145466759286,0.7869739389068073,-0.23298412760427023,0.4196347225444847,0.16799618075723663,-0.879785944302045,-0.854534587813287,-0.9528471583911621,-0.2585282413954357,0.46351503865450494,-0.6459955777375112,0.2602238691290743
I_LOVE_YOU,0.9080181382417549,-0.08447401570539954,0.456265520681073,-0.7772685871430086,0.41221588393533365,-0.32696154508821584,-0.2652050018512258,-0.8217326646614582,-0.675227962283507,-0.5651053983781467,-0.37011533667643726,0.6560079610050984,-0.2381957488285745,0.5566670627925486,-0.8340237630782017,0.13211951017603318,-0.046249749740299384,0.9999988140700045,0.558943278223985,-0.04006208800235049,0.4941554008145197,-0.6052666666282503,0.05838308207772336,-0.8219183526514683,-0.34643681916576796,-0.5523308422772605,0.2691835820613475,-0.12161773049285292,0.49636971315471823,0.10386853767866408,-0.5931232437520703,0.5014300850008085,0.6017787723219499,0.6480732526921347,0.1686101118092078,0.3950454990442943,0.4303883053265305,-0.6006723745352869,-0.6196918858675535,-0.8693298993075727,-0.44289522723986124,-0.037681840737763074,0.9646608295339071,-0.04176557071629349,0.2815185605380749,0.3739784411678978,-0.5063808014878918,-0.8626464914660296,-0.007379078938968099,0.32524068478180546,0.9476453862167871,-0.29716125895887735,0.7701164777573924,-0.14817061163880726,0.3357277856347231,0.2587592308583563,-0.8550752159838121,-0.7799055712467382,-0.9162882460864498,-0.22345770335672044,0.49834998982084416,-0.5828855792525436,0.2010471147551801
I_LOVE_YOU,0.6138513908283689,0.02652211377951017,0.24864595368258896,-0.842870320850387,0.31944684313945443,-0.2041684922510914,-0.25417036738068327,-0.7338795308702925,-0.5788215106819152,-0.5578523884704005,-0.314714006813326,0.7578577231662713,-0.2693135899032461,0.34793265808529733,-0.7258174300998282,0.1665993746769937,-0.13698433457975587,0.9256085437235524,0.6513282400300828,0.014899934269815127,0.5314594997816029,-0.6445517349460079,0.011985096348829525,-0.7232815555445099,-0.28847012100344854,-0.5645611970495439,0.36817198715813837,0.057476780637694375,0.4982451819325368,0.0929374018723633,-0.7607338638390836,0.3921699035323203,0.7292572856834189,0.733476811198891,0.1820609732116026,0.5388309611365238,0.47280128290414425,-0.7104731963110682,-0.6691112108331955,-0.764669978260681,-0.30628688292780715,0.026530984476649738,0.9999988284942196,-0.18516727104681974,0.5086329169520118,0.3023966008610356,-0.519081493712052,-0.6857002584728771,0.10453937965160882,0.2712620008380309,0.9148382164597539,-0.13762900398807443,0.730818645360574,-0.14357783763450332,0.29900055232976186,0.1633322982438323,-0.8505356069559272,-0.6759972703420178,-0.9162047378010046,-0.35255010662731273,0.6002570648228831,-0.6000663550744616,0.23675891374768496
I_LOVE_YOU,0.7399721072448371,0.006973860003130582,0.3780182398655234,-0.8943054326986756,0.5161777895005504,-0.41780852751617475,-0.34742979422659376,-0.6664475291290337,-0.7292262121718991,-0.6396472323677856,-0.32788013824041917,0.7379992120497876,-0.213726851705026,0.4460090046963274,-0.9009650452643877,0.13220265989781033,-0.08625505182969388,0.8992989032521144,0.6785483278069213,-0.06907342844151385,0.39028774644413755,-0.5334523326592115,0.11544347018119064,-0.8933167556595445,-0.23701360278359745,-0.6595916091146758,0.3292133599318952,0.10987490590445866,0.49603181140934416,-0.01502501363678427,-0.7957792887224449,0.44568221845401185,0.6487451996793676,0.8126440744263705,0.1276810665984287,0.5135470316167594,0.4794682144059249,-0.7177339440569375,-0.718590813590966,-0.7526425264405149,-0.31017179435703435,0.011480535382812724,0.9663163112966097,-0.12021228217108751,0.4281708955352608,0.4454396909834936,-0.5943134876041082,-0.9163105721140775,0.12087632092879029,0.37943484717760056,0.981928634941241,-0.2312223134148653,0.7339640458040433,-0.24236486822549203,0.3486999971430153,0.2686685819097819,-0.8665019985010375,-0.8085851044311894,-0.999998787291499,-0.20631292522628852,0.5028945079750292,-0.6856087382379917,0.3219915968714344
I_LOVE_YOU,0.8606988279907506,-0.046622972043532065,0.37793805047364365,-0.8609135091560439,0.5711798231125657,-0.2586137522451293,-0.2617486833410074,-0.6379443212413223,-0.7506526093998134,-0.5645536411839777,-0.30115116894212773,0.7490576117559381,-0.2702161417716031,0.492947099171296,-0.7605926806559657,0.09082326871880653,0.07525140768289343,0.9999987832650026,0.6568610819790812,-0.13607336447242738,0.6031972506328023,-0.5673853868225999,0.1649387631072048,-0.7933924753898219,-0.2218475065862257,-0.4816125321349134,0.3936890191038446,-0.05533447691441357,0.5104328965167795,0.1690775188873609,-0.8141346685632643,0.4802992539750626,0.7031469764102497,0.7600815096124665,0.18866853265748076,0.4945243038331252,0.5667135058281815,-0.727643749270543,-0.5129177242806194,-0.8544007547362855,-0.31886355439455105,-0.051275886667833295,0.9036739066748481,-0.0836479407179634,0.4243637397732422,0.40848377275307524,-0.624289058989191,-0.8752940733915326,0.07165149217527403,0.423447743782887,0.9887128432966343,-0.2859959958787524,0.7491268136157263,-0.21069295188316856,0.3807705281030606,0.19911972197267216,-0.7504418893617185,-0.7872052769013694,-0.815913021712894,-0.2556856196904849,0.4755742761563552,-0.6678200560093851,0.22443908118759653
I_LOVE_YOU,0.8364237129705708,-0.03789289964527661,0.267639453881463,-0.763974157044149,0.4628203084697278,-0.23006797906364593,-0.3010023322307516,-0.7169352002144632,-0.69633255596465,-0.5980033932757463,-0.40357520512710904,0.851345291618111,-0.2842397456091824,0.5027468119522723,-0.9187912060306517,0.13401889705079006,-0.012882925271036872,0.9385326204017408,0.7155137769323036,-0.07678103217340827,0.6595033522319478,-0.57576084512694,0.09689133749741345,-0.8687152996976301,-0.22683436385060896,-0.638925248663746,0.4691917802133572,-0.08887721060722475,0.5671432716449796,0.003549259268185141,-0.7881319434463085,0.46948014328477955,0.5754026580948831,0.8406724114363335,0.09818112934364946,0.5530692787894088,0.4381230435809799,-0.6682758469045538,-0.6640537540057797,-0.8891110992618162,-0.27186540595959713,-0.050501376039789735,0.9621063242980219,-0.11843803349820708,0.35876948994984775,0.535938743942484,-0.6539061182364714,-0.8420779971114473,0.09510814500886694,0.4707981710416034,0.9999987594589931,-0.3202294875184404,0.6714856162937244,-0.3447627612437124,0.3611931314426457,0.28001718541090975,-0.9909954930193571,-0.7221314214035846,-0.8837993260602794,-0.34003396564766636,0.4205715931657161,-0.7105977250747421,0.22866781577144055
I_LOVE_YOU,0.8876508417359643,-0.015255072067412669,0.3685384028278657,-0.8779818613619851,0.5603040545015257,-0.3428383059644135,-0.34973468772682254,-0.7235113991761595,-0.7435831119170766,-0.613337147618439,-0.3612295608996144,0.8795070551982935,-0.19247523356962398,0.5406798964961063,-0.8973111550546741,0.1518569698343735,0.01899036386036963,0.9828941877785966,0.7127687033491547,-0.13813111659471708,0.6591743939914706,-0.5667758702894895,0.12105615699758579,-0.9201329910245898,-0.3582294253877262,-0.5575409875086458,0.4770455256866682,-0.07612193975948627,0.4381623349785002,0.0367281918721262,-0.7981754575897851,0.4908378160892104,0.6720799642013053,0.7604322371726703,0.10775991864125636,0.580385099912199,0.43963550509731464,-0.5965282406601397,-0.6879493503270198,-0.9885683864996617,-0.3394308510985251,-0.02565344565255204,0.9999987092721527,-0.08189085235018416,0.4272251223113742,0.44018285340006474,-0.6125379821027175,-0.9300570745951869,0.1816835698588827,0.47713850668971775,0.9575004133862847,-0.26744813703709047,0.9407546267078187,-0.15548603460527632,0.33247890866223323,0.3059072439629778,-0.8631511061797645,-0.9383683610597586,-0.9762984345302629,-0.23592227912139374,0.4381183239058731,-0.6302451932446017,0.37541148662851676
I_LOVE_YOU,0.913963079412824,0.0011585410311617014,0.35736619674998943,-0.8102872248740608,0.4137264397564523,-0.3409763797108228,-0.4046111609149564,-0.7087596722928581,-0.7009074082944015,-0.5683866583549405,-0.32387001075014377,0.6945331237173697,-0.24181597602725324,0.38942558255520404,-0.7044350902822384,0.12476749553744337,-0.06320981598839845,0.8600821824482906,0.6009544714299248,-0.08524206961967458,0.455248419397021,-0.6028955504636232,0.14603359012804742,-0.8453135610233065,-0.42543707130636327,-0.44798346406764566,0.43794079812934084,-0.0023201140926730084,0.4698900778501721,0.07831390427809622,-0.7404411824089501,0.5161156559198876,0.6583875206552285,0.6948217482027382,0.16314544426921643,0.504819109797279,0.4527003418809409,-0.7117354303050614,-0.6144133631224082,-0.8315620755481917,-0.37055984755392557,0.0496667234689698,0.999998795492242,-0.1068203681195669,0.5093980816128131,0.39261434205508045,-0.6119310953226392,-0.8743139699122131,0.13274631645668666,0.42366258306495774,0.9871164342080123,-0.3410050794315619,0.8128633816983688,-0.23145671927593794,0.4011683117025099,0.13935731099063622,-0.7430996409899232,-0.7976295200457991,-0.9487363434177012,-0.21001335222883025,0.5253877216957998,-0.5924823538088366,0.1440886832673121
I_LOVE_YOU,0.9089495041976922,-0.029640207635616114,0.3768208148347139,-0.9720602292419588,0.448652993133196,-0.34371561557995617,-0.26174073099539447,-0.7736908869264895,-0.7854933948173733,-0.5964288319189529,-0.34939047312790533,0.7181610833144615,-0.2509354673238447,0.32823885449045254,-0.7739103733464076,0.16609048817015779,-0.05147287756807122,0.9876255681782748,0.6408614058243729,-0.07214086311352336,0.5273258491110143,-0.4016049107326513,0.15094268047397552,-0.896822274677279,-0.1889815087030865,-0.46984402802059305,0.4285492972268266,-0.045858874839578546,0.4077483353617019,0.055923069390231644,-0.8453973502946154,0.4043392931921698,0.6953211078208104,0.8788450929616117,0.11108542225318818,0.5422533930965965,0.5031684740452643,-0.6478124111776578,-0.7029080572626265,-0.8476074556463331,-0.4169588552669591,-0.1258476204046846,0.999998784270393,-0.16609917698228874,0.3844550267526698,0.3026677997880453,-0.6668468477254359,-0.9777006066452196,0.09623477573049272,0.22991599565613088,0.9978329583449916,-0.2468035460392965,0.7649699660283618,-0.22515478705801928,0.3510914360462971,0.2048070435437326,-0.8565490832546455,-0.740990780209919,-0.8390187698978352,-0.15993622484638076,0.4296327453952313,-0.5904860834272192,0.2366635980040855
I_LOVE_YOU,0.7965335336820323,-0.06228126120759608,0.35334399492503993,-0.89832718945493,0.3906900831718771,-0.2836409941863181,-0.28588229470601684,-0.7368547202418094,-0.6278250971634215,-0.6204241322097883,-0.2824481931287461,0.714379708278007,-0.3002321871442158,0.4353551128630319,-0.6796838981693408,0.25421740420369954,0.03138212994834261,0.8426001880177203,0.6792595624429375,-0.037784981137912906,0.659054643985184,-0.6963706687040269,0.16496021610074174,-0.7593917001987622,-0.26685665763921884,-0.6126257535948718,0.43927546545626533,0.006761557981573375,0.4969912380128711,-0.01183238072071218,-0.8497796581964179,0.4834282023172445,0.604409744839167,0.7419397257884963,0.1309708747684265,0.5007714120268961,0.5509818020267753,-0.7390721326071935,-0.7286468417919003,-0.8541622260814125,-0.4577082808541855,-0.015805713973659048,0.8435951311825332,-0.09083055006386632,0.5052661376022602,0.3902568442445052,-0.6847150685928747,-0.8485876442022998,0.04087968054464918,0.3151736825547428,0.9999987896034473,-0.22740842432600017,0.8454231644923873,-0.24588914663380057,0.37722711034213335,0.2910672416867424,-0.7389101845313911,-0.7511236637465926,-0.9492842045875868,-0.24970808410171402,0.46524243108814684,-0.5910485081274041,0.15539302289699794
I_LOVE_YOU,0.8136819036749383,0.010572861158102477,0.37995347065431595,-0.8524441328958668,0.46592446553494427,-0.1966190585652042,-0.3001808662582124,-0.6876699703957231,-0.7567249866921097,-0.5644265843914144,-0.30405985050711665,0.7289094146336437,-0.20067707555526093,0.397321052547029,-0.7010512783905934,0.11700026532516704,0.049736050317950836,0.8928799501310603,0.633761583645702,-0.16566619566909077,0.4430552397270881,-0.5453743112817914,0.0735820646532354,-0.7264696150987524,-0.2633454013849118,-0.5871473686715215,0.4471623489502722,-0.027609170106483984,0.4599616320621573,0.08832694153556052,-0.8421818388739992,0.36890978874874103,0.6327198682719352,0.6456929958684386,0.09768653222572189,0.5235678209897969,0.45813032401917886,-0.713416699494808,-0.6077842384048708,-0.8139542100013932,-0.3722449503285219,0.15596343767629364,0.9504723382702651,-0.14346568338440674,0.46857374667432156,0.3395788471222625,-0.5743241040634678,-0.7962073860773832,0.11405662465902965,0.4223648180006538,0.9999988484398834,-0.1921343972096413,0.7796197931228173,-0.16230629248886924,0.41720301445421565,0.22190101470079956,-0.9149190757641766,-0.7481643196350146,-0.8037067401793261,-0.284212433586576,0.4303137406993948,-0.6064075461762134,0.20597950334103474
I_LOVE_YOU,0.7785815523765975,-0.0050213957988842805,0.39520818494488513,-0.9276282251634927,0.46517534371170277,-0.3269715549178664,-0.37964024480680664,-0.6836290499587444,-0.6454773855828843,-0.5809548639193768,-0.2870428928767616,0.7556097153795943,-0.29095791450140646,0.46417444526526297,-0.7317363663192706,0.10745078715544902,0.017681834501467843,0.8817079237246825,0.6867219292221008,-0.07597604779871919,0.5070498156436639,-0.5452879440755746,0.09759906303546169,-0.7360861412807804,-0.2124176728965471,-0.5473985937890036,0.40163696071998284,-0.04060151643372592,0.4939494765851921,0.10569784324875858,-0.8751853202892504,0.359086449642857,0.6214264127829535,0.7693919070412625,0.0800261822828727,0.4872511743646148,0.430216977874203,-0.6732896824980114,-0.5565512723074032,-0.8267114369117428,-0.35967538282773626,-0.042053541876687625,0.9999988252598724,-0.13223082668953345,0.39245258717507636,0.3975220872744606,-0.5077133984324743,-0.7625889969330202,0.08437884595428773,0.4044015935430153,0.9829314315828739,-0.255070349680047,0.8225006041312509,-0.18365753538154908,0.4666091528002316,0.2385782251493771,-0.9533831529037894,-0.8158536397183471,-0.9957916279074698,-0.2803006260174219,0.44019106886855697,-0.5640574262785117,0.17313549857056984
I_LOVE_YOU,0.901601697281554,-0.04810711473799553,0.35143936419732047,-0.8907889156627794,0.5508391135895463,-0.21381468370368734,-0.28988436969250514,-0.8114092051418773,-0.6824416640570585,-0.5825131861501673,-0.36362854950694756,0.8831717733402663,-0.14174086809880107,0.3220324973980205,-0.8601639714855024,0.20006322330682139,-0.09792161050711819,0.9177820125628534,0.6575719321411171,-0.08805782059072462,0.5825020972849051,-0.47529041770981356,0.14177105611758636,-0.8790434916697424,-0.2797224775233429,-0.554821555287155,0.5335234204636146,0.02229966824906419,0.5002804313973215,0.06754351073687742,-0.7869301159515502,0.5208593712723105,0.5984578352091539,0.8226376837985365,0.2310082983814354,0.4329188467092976,0.49828215065632625,-0.6285220986588264,-0.7008650919143061,-0.8954319101980436,-0.3960344799389651,-0.05335599477888916,0.9696104062964345,-0.15285936681743573,0.543782928172107,0.42782506145362,-0.5339094984109944,-0.8632673064503386,0.09143971347178617,0.44540399855315255,0.9999988140481516,-0.21437550107843434,0.7341042064176221,-0.2550422404114382,0.27477316610536123,0.21777864282203813,-0.938277807187567,-0.8009373664715977,-0.9342817290311861,-0.23190365904869187,0.5355276464058012,-0.540685930533831,0.24250822000718444
I_LOVE_YOU,0.7578401096214916,-0.00958961540354581,0.31027672537492457,-0.8386193340405663,0.48372130111158684,-0.3577304653624183,-0.3026960476381953,-0.7710011282970519,-0.6181970719903337,-0.6050681409348755,-0.4480826768155554,0.8235064177290276,-0.18601753223780157,0.2999881595552591,-0.7329210023013507,0.2577899382155542,-0.04449257741271406,0.897105364553931,0.6250317151924334,-0.05377328160860535,0.5714627737337534,-0.6397816798100003,0.07485326090393168,-0.7848114223584514,-0.26435826648113997,-0.4859102476048831,0.3957354949943032,-0.0696576163775418,0.5239330648620077,-0.04253227244326263,-0.7972558519678294,0.43854601277921523,0.6476017124345984,0.7331463932514151,0.17756692037712585,0.5440319564268241,0.43233136313721676,-0.6171608816555926,-0.6098609527146563,-0.8174644743472025,-0.44548220300890917,-0.02866892647589184,0.952470424317582,-0.0651135930832753,0.401087180015594,0.32074549119738605,-0.6024473644510832,-0.9948277623091194,0.062009750332905685,0.5330390120750976,0.9999988382237275,-0.32045455316815014,0.7068816462575905,-0.24973488667050378,0.43332552464706275,0.3118572380098369,-0.8257256618239097,-0.768393075383117,-0.8605948649934835,-0.24102003909039008,0.4732854520540516,-0.6054976996355678,0.22452865621249923
I_LOVE_YOU,0.712670958348997,-0.037552387301743775,0.30367402184578257,-0.7901491947587365,0.4260332275335252,-0.4073108856124869,-0.3949919319967844,-0.7093448623650122,-0.7380533652410802,-0.6152125000834309,-0.23624573611086808,0.7796287370839926,-0.2852070653298324,0.3623748275460053,-0.7795616798669328,0.16814171281912285,-5.4031803259823225e-05,0.77919502519639,0.7372552063250645,-0.19060415184698243,0.5021457583117824,-0.5089272477531303,-0.014414423474388562,-0.8267493358945273,-0.30995804765268087,-0.531160310448577,0.4442634263278472,-0.01822728956669331,0.4040054204114759,0.03541159576007339,-0.7997006043942241,0.45091630405061334,0.7694367710445494,0.8600288301290482,0.24930429234874527,0.5104994351652012,0.5945040600571453,-0.7164887662046217,-0.6701491306756358,-0.8637333975884379,-0.3777171158713273,-0.04866856053740248,0.9738673813058886,-0.1072572897603459,0.5422194881201304,0.2814819598673734,-0.6434528346742471,-0.9999987929780326,0.0380356472684866,0.36003120844278896,0.9200908083695072,-0.34179208060745486,0.7708488734780748,-0.2513531352979184,0.3124038295219361,0.1988658936354693,-0.8978960627548113,-0.744433348277467,-0.9353923305973306,-0.27057049259792926,0.4904839892443087,-0.7530388936488254,0.27766622622745485
I_LOVE_YOU,0.9014337310531155,-0.05779770234081941,0.31402833114071527,-0.9136159725920826,0.39742986825193105,-0.4249728333035921,-0.38285494351509025,-0.9171668994660113,-0.720398044807932,-0.6294902994745667,-0.2604068868337778,0.8356414216912648,-0.3056991369555951,0.4281281119502918,-0.7565165921942496,0.1523447118723916,-0.025253856581869606,0.9071976610166516,0.6866580322949382,-0.08410426597276711,0.522233937258145,-0.5408367520470063,0.0698186502266853,-0.8335865454498649,-0.19008052585491308,-0.5225714547773174,0.3834523792154684,0.0018786580286087734,0.6464139281305541,0.03265217809202804,-0.7682444616698325,0.4654936257015433,0.6755965896042616,0.7926938198260597,0.07940669714219731,0.524274701530913,0.422597568793882,-0.69966261672877,-0.5455546294009445,-0.8525336974436036,-0.41293812625389154,-0.03747936022434805,0.9498402596286979,-0.12967467731067572,0.37447361173128413,0.4303780145086565,-0.5763550693595836,-0.9344320242274836,0.11314340992029623,0.5153975336291629,0.9355754342695433,-0.23264454290216408,0.8091753019626337,-0.2084367851617329,0.42994900869761565,0.1770761128814086,-0.8740708174994394,-0.8271918084654349,-0.9999987647687886,-0.22694358272010448,0.46340883109721853,-0.53371925660287,0.17783842426624194
I_LOVE_YOU,0.7491928072500991,0.05864283019996118,0.32816085410851653,-0.8994941334809287,0.4937992971456329,-0.2310307940462279,-0.2410797412567263,-0.7662628270254763,-0.6701259233211915,-0.6204045492336988,-0.23012596045795153,0.7261327608934297,-0.2469286731427024,0.4408031439899315,-0.8704847525243822,0.16328719412858134,-0.04535175463370062,0.9999988003487572,0.6762307303835209,-0.10939438115266145,0.5194159908760736,-0.5932107211856973,0.11731681807763421,-0.7608644320562145,-0.2328789887607515,-0.5856165290066464,0.48424364875143455,0.026047402416397296,0.47875263351242575,-0.05905344281774852,-0.7809642836900196,0.43054417266102823,0.6728975034135182,0.8133397071254456,0.21730589847477177,0.42308962872240663,0.6120492291223574,-0.6070667378485418,-0.6016663155868165,-0.7087092673181241,-0.32660061474401025,0.011152077041671975,0.9658693680608451,-0.0820198044583224,0.5039356844367159,0.4347315910689783,-0.6579225046687457,-0.872241753163944,0.158594987145109,0.414354451571611,0.9534005264136601,-0.24093772936939847,0.6945963430481522,-0.1794488050405239,0.3858458520454411,0.19370431232008326,-0.8687628645367621,-0.7953995020419244,-0.9363171342212657,-0.26735376814219824,0.579101649449601,-0.723291030228019,0.10924781148175183
I_LOVE_YOU,0.8672582446347746,-0.08097779647339547,0.25031457153373454,-0.7588726907333387,0.5411401651014198,-0.38585392789687,-0.38940075834900256,-0.797707984590931,-0.7132342114173255,-0.4838979856592127,-0.3522730512187774,0.7949208785617103,-0.2076560710497209,0.5053078507399009,-0.830769311294766,0.17265326507278056,-0.04746857963792315,0.9409946090714221,0.7307108361049506,0.04356313126109777,0.5000724467059059,-0.5754012147036789,0.17006866861237216,-0.7726645120506317,-0.18698247721494698,-0.5277882962007704,0.392719329001053,0.06295217768680138,0.49551779303241505,0.061198663640817004,-0.7907774920610324,0.5027423595914935,0.5823478330830838,0.7402316992783501,-0.020474643537547483,0.44499038617683584,0.5347258368721434,-0.6519645388359101,-0.6935245200791887,-0.7311664865285848,-0.33427075418601393,0.05028250943558795,0.9978590374705504,-0.12005693516320794,0.5393479671885102,0.34555070682591627,-0.6271138763953351,-0.7446116715981969,0.12342893518619957,0.4637965193503036,0.9999988113239262,-0.17122700873836397,0.7234368655775216,-0.23576177925018463,0.3484012234605952,0.17582951639852734,-0.9433169989477477,-0.7921416411140447,-0.8644333937238223,-0.2861040706115965,0.4131817149113878,-0.6304604377302881,0.24794831130450595
I_LOVE_YOU,0.704502272964838,0.12129286368927039,0.27196039558026824,-0.7940420678170145,0.4967240632394274,-0.23326649446325884,-0.21445340116429581,-0.7130025775983186,-0.6525799873383983,-0.6036705379130011,-0.3218355310221699,0.7150679889339515,-0.28086197026635507,0.30047181933840966,-0.6739686903741573,0.15130283162880873,0.009327481145782177,0.8290142771116473,0.642910576547657,0.04872356480520101,0.4238302064987839,-0.586440990711549,0.06052256473514502,-0.6366353133753435,-0.2699239815636366,-0.43620279625176267,0.24127109200990612,0.0031732669795028934,0.4245030870776761,0.10389647139932402,-0.6955924032510432,0.39344630457832314,0.6773042967261788,0.8068369991192035,0.2107417496237377,0.4910974257574245,0.4308478746356559,-0.596578473492717,-0.6174744403972402,-0.7474073169359648,-0.3516977128257597,-0.056283919716299625,0.999998893578888,-0.1049591234298904,0.376730308712127,0.2814985978316368,-0.5286692673258688,-0.740329168147041,0.08900722865993531,0.3516104665551775,0.9055848424185297,-0.2284846329021879,0.7406908183589803,-0.1685209450195779,0.330410780751589,0.16626740644441573,-0.7913045228724255,-0.7153731584681172,-0.7863552644458262,-0.2472952281969263,0.4260775483146933,-0.6243137193517486,0.10466967604540708
I_LOVE_YOU,0.7406278416670582,-0.06753611522370438,0.32690410806999026,-0.7848147097246831,0.3990131440586615,-0.30434408284755654,-0.23084044323794406,-0.7677383120683609,-0.6946679109844228,-0.6701220596724342,-0.3799510064436823,0.8195833561643752,-0.21858819840282276,0.5495608411877111,-0.8299574777953678,0.2605838563094793,-0.07706934926675783,0.8714521194704199,0.8129848312508007,-0.13433955441181236,0.6121254018027129,-0.5805221980287942,0.05406699114381084,-0.8861442566177986,-0.280163800233587,-0.5829473845586088,0.39524628915450183,-0.13087099513273173,0.4941583566659412,-0.062029438653092295,-0.7830374861687959,0.3621637577380572,0.7003681016137896,0.6363868678370563,0.11904081908087247,0.5109749059970512,0.4962576444931148,-0.7223774115413135,-0.73544583061757,-0.7628726755237533,-0.3467572677978523,-0.11307027286878854,0.9867375922630394,-0.163228653122956,0.38775391099651946,0.3135091126326661,-0.6018046337725425,-0.8790977566510222,0.10606494879614538,0.46893092973673367,0.8569517800280353,-0.28661336619304434,0.7375034475923561,-0.19519696829459227,0.41527074540865794,0.17582412055264024,-0.8801872723860442,-0.7607064823295843,-0.999998821843036,-0.3697825038515994,0.6159409341174114,-0.6644631827748252,0.17516659047091324
I_LOVE_YOU,0.8813184564702993,0.012539993294248672,0.4359482940514086,-0.7886514707928189,0.3930913824790137,-0.24036185236003293,-0.2606816898540405,-0.7260255008544717,-0.6678854747190553,-0.7544526895552365,-0.35041563319623653,0.7107660371014292,-0.32702074135743814,0.41085556076527574,-0.7691038670518813,0.19661664387633385,-0.008718812125220535,0.9116501056760646,0.7033052932108149,-0.10096802993299304,0.5988524948357673,-0.5603813431652249,0.13228587315194665,-0.8849521291705489,-0.281701707283159,-0.5237182289940606,0.4374234380875056,-0.048685834852410556,0.45309609208713264,0.04984400448009787,-0.8651028666338372,0.4469736035539705,0.6907346403660211,0.8199323893363271,0.070390717180811,0.516553059208845,0.619949182462843,-0.6348756554354043,-0.6765715750287399,-0.7628131661398083,-0.21879470386213865,0.0009597244131998982,0.8719168725534093,-0.097708010627848,0.5273156920215504,0.253250425189087,-0.5230738374272693,-0.879881272287693,0.17115507153832984,0.3891757229817151,0.9999987720496146,-0.2556871255103415,0.8225902514832321,-0.2045186588292195,0.31693875503407937,0.17688436500247484,-0.8786758043072066,-0.752808037696738,-0.9118282926798713,-0.2941493489687242,0.42646337700946446,-0.6027443690533819,0.17881850686008743
I_LOVE_YOU,0.8679861183675232,-0.011832728997622343,0.4574424327222492,-0.8653620773768677,0.5532976789752543,-0.2503561324916207,-0.30973246076726985,-0.7796399842287879,-0.5586179456974206,-0.6531101051342538,-0.30938151704942085,0.7681401842755687,-0.2506551647941013,0.47446761830433176,-0.8512369959963997,0.2889512695933089,-0.08367746688566732,0.9029734422660082,0.5745660548025024,-0.023800065855653398,0.6372769660274737,-0.46574634056246966,0.18651524997138189,-0.8333978144047317,-0.2896190644857752,-0.5420750344337352,0.3451973777159331,-0.036509300397116355,0.5329981794594779,-0.022500551642636733,-0.9245939404869288,0.37421023660259173,0.6842934222415182,0.6672027642948233,0.10917115307363012,0.46076926938585583,0.4960705862581329,-0.6425648318711934,-0.6165387855904605,-0.8272597111605645,-0.3997504542094016,0.0031991093694744292,0.8444639344086946,-0.08504567237052048,0.4996725188975594,0.5081115376545385,-0.6085554557770301,-0.8753933215580567,0.0909214642584991,0.380751472031814,0.9999988080125729,-0.23851562385271277,0.7349665628646678,-0.23102187394828022,0.4168675320047195,0.11192153231057453,-0.8664781551700106,-0.771027950514601,-0.9775618736189157,-0.45738169376585325,0.5550018627282093,-0.6253345194490353,0.12693045343170167
I_LOVE_YOU,0.85484572782408,-0.02037226769618046,0.300620793364081,-0.7783613037693105,0.45823453359878324,-0.33642270615765063,-0.3206852538678156,-0.7676979215921699,-0.6130962041650142,-0.6559837044991863,-0.365298433268725,0.7337521812571574,-0.1599785962583995,0.42435039552995424,-0.7406993422613011,0.17510034085703072,0.01897352433993093,0.9999988393845806,0.6175009690603459,-0.0830656206765409,0.5210058603323551,-0.5392770654527983,0.12344174759547406,-0.821479609021544,-0.2825081166791864,-0.3679579057042909,0.4247270886994871,-0.1292849160470238,0.4433180285052399,0.02918072292399809,-0.7760496953807375,0.43310258631440585,0.6354139307749463,0.7788664223236044,0.1487084150753296,0.5260695997326739,0.3812661783436852,-0.6539293120878986,-0.5983361718172233,-0.7819937003257369,-0.37227105636179797,-0.08006040848399608,0.8757428881725074,-0.07146759628206384,0.31265003902515387,0.2847669392381525,-0.5244783519703339,-0.7883245771150735,-0.0065113472471955,0.408317196145364,0.9357207597822891,-0.2326327984422182,0.7402474269259655,-0.19455918672333228,0.37843042352618966,0.20983951108072182,-0.8159482071370041,-0.7878914479075035,-0.8945554246094897,-0.2265024026896856,0.5043481973462777,-0.49367278196819087,0.22723476284840838
I_LOVE_YOU,0.8535996204084509,0.06453655657155391,0.39778256538205053,-0.8930101659505064,0.4278572504958703,-0.2018625177124369,-0.32909348114886877,-0.6998791196223475,-0.7393714396440919,-0.5277230405842968,-0.3584310844571824,0.7596189776680132,-0.2673633685916422,0.4623282458409092,-0.792993007160341,0.23013466320487272,0.004559602354209142,0.9371428764332264,0.7057252325862285,-0.04482682249263685,0.5058048825593042,-0.619476246931008,0.21339294798914835,-0.7764703178095094,-0.26813576073135564,-0.5760150028802122,0.3138672892726857,-0.03668595939453881,0.4561387572462399,0.010777080516319431,-0.7448080977773369,0.5450356702678696,0.7082982810563785,0.7404546887222284,0.17098089725215382,0.45889515318610036,0.3744788833603298,-0.6673666181325874,-0.5706076734764879,-0.8462876733726393,-0.2965805351829136,-0.09104795322968416,0.9999987967210471,-0.14751072259315354,0.5272245778875632,0.3534861900143281,-0.6015771379302842,-0.7614519771966247,0.05386946340814206,0.39844245524971683,0.9249860696535315,-0.21661124565893378,0.8411248170332135,-0.26789137736807556,0.3975340978108894,0.22761529906856276,-0.8530332146396742,-0.7199205451737394,-0.8313167205828922,-0.2999746876142008,0.5459452088950834,-0.5995464769517117,0.2184735005935856
I_LOVE_YOU,0.8302272524668363,-0.09936118898325998,0.39732440219637677,-0.8238973328780025,0.6016288813291599,-0.35819491426484323,-0.38910530963534723,-0.8182365597301859,-0.5936655961071495,-0.642222984861369,-0.25274227468567395,0.7673104230198214,-0.3173578055915748,0.5613558223745145,-0.7358219869751277,0.16726748160184884,0.02551632132939912,0.9426964525029186,0.7041454511556633,0.019374875741138456,0.4454279342258896,-0.6225285549417352,0.12375325556017161,-0.8118477035645402,-0.3735781456153231,-0.48031326426622445,0.35776091144610633,-0.09580619420274379,0.4759102762764952,0.14582509253208062,-0.6536786858718342,0.49039012960078937,0.637431677102283,0.7991062655196433,0.16133699358869535,0.585825881759237,0.4186675383882191,-0.600525605111036,-0.7442214448965175,-0.86900866910616,-0.35251396391888995,-0.026694091594506267,0.9739659652517082,-0.1243142194642224,0.4451386271694813,0.2854162452585014,-0.5430443759323855,-0.8142181618471974,0.17211156196156238,0.5048542376431167,0.9999987771257278,-0.19033637790021712,0.7766331396188267,-0.3196947769052105,0.42936709333172185,0.23745878154524366,-0.8746028456219774,-0.8287328548086251,-0.9084457663029495,-0.2733659544832063,0.5079753018887528,-0.6966728397424005,0.15759602828150923
I_LOVE_YOU,0.7407306781158874,0.12462093778971146,0.37293437264730334,-0.7457410535777489,0.4002037078715666,-0.3182270519402332,-0.24938416139667802,-0.6364614514449426,-0.7059278777673158,-0.6202403433113518,-0.3729989917653631,0.7367291832715227,-0.3104998668584075,0.34058858117419033,-0.7765223952963971,0.21265839129597022,-0.10191943228614132,0.8670691025703082,0.6511071887564639,0.015497061783807988,0.35417760881304305,-0.5561628550412806,0.15858622831432914,-0.8495242048068333,-0.30900887914177644,-0.5005115800322865,0.4136905555134326,0.08195923551160614,0.48257022835329905,0.08010380814968208,-0.7580685801517624,0.48784750227229784,0.586299915102594,0.7777552268914734,0.1327382870925249,0.4387787454515113,0.5331903607236433,-0.7728458912607568,-0.5573605356180189,-0.9459618490153835,-0.35088571115263467,0.005541392236271227,0.8744342061454009,-0.10583068243713972,0.44808265463561,0.38640113607912957,-0.581515760062794,-0.8654623881966808,-0.0058066435921960225,0.3739740060723373,0.9999988138721059,-0.2953783060897743,0.7281308009015525,-0.12979203570094644,0.34976988356664396,0.20735019242212244,-0.8165873685009097,-0.8098716342855831,-0.8690932786966497,-0.1864538623672604,0.5200699301725337,-0.5608277112758028,0.0773698609436468
I_LOVE_YOU,0.7311633966100446,-0.03802190589081217,0.3135120257005575,-0.8390091347100768,0.5053015293572317,-0.29372578688404355,-0.28308977710876787,-0.7190151875895741,-0.6769068125854154,-0.5957370047622372,-0.2377599849669522,0.6235735921884891,-0.17015505662941194,0.5480463047067086,-0.6991524370162718,0.11137788020809433,-0.06167068205674981,0.9446011295697392,0.6265343479757413,-0.11289529017321429,0.5035180467089204,-0.6331652118037577,0.10786489283132747,-0.8572711286499659,-0.23942982629545648,-0.5563455904242414,0.40823782910776624,-0.0440563979172352,0.4868982662873486,0.07588927242034152,-0.7489490740595196,0.39521152251538477,0.5843130370361641,0.8835643878840358,0.1881488111947393,0.4580052102238854,0.4333825933543661,-0.7205410341468231,-0.5563434581213627,-0.835528185651061,-0.27242566312973926,-0.001172099644324908,0.9999988429644401,-0.08384886273227231,0.40669341294259737,0.3589478626105902,-0.5456604001232784,-0.8328641137186059,-0.008735713693994568,0.24614612731203647,0.9662916848062993,-0.27221392543721,0.7893126023747845,-0.24053035527992958,0.3505832270151256,0.23566631508501779,-0.7375720089441972,-0.7988028638597274,-0.9450452327240464,-0.16894461381036566,0.4384324587265283,-0.6338857796340114,0.17283228127722897
I_LOVE_YOU,0.7974032033512357,0.03843280078678185,0.2970472989720889,-0.8332619719582627,0.4930264987862842,-0.35221310107943943,-0.19304169023939943,-0.6885494686249021,-0.715983904173101,-0.618942044370515,-0.2803680186627453,0.7688501749977131,-0.17140187169557644,0.4717849869578642,-0.7978506137582675,0.19243620725851224,0.1564989237060666,0.8695394319363158,0.6081220386793947,-0.10274572832775307,0.6218291119898323,-0.7483595467119857,0.005534922110114844,-0.8534429921095456,-0.166949289044412,-0.5327635887039768,0.35586899224294255,0.03075571166325868,0.5905787557153018,-0.00908971041102028,-0.7782926762808638,0.4682952951681611,0.6843421076325845,0.7585552972955847,0.17860605274364874,0.5453247223593224,0.5347582558540988,-0.76978110024192,-0.7417908649147759,-0.8783531834402121,-0.3347082784265113,-0.017573621131331017,0.9062338658626692,-0.11474987791722854,0.4985649099229038,0.41763071664059304,-0.6039922426085094,-0.8829393127113385,0.010637518777991914,0.4964094221552582,0.9999987818327517,-0.37377513714522526,0.8472543318058697,-0.19001051057681853,0.44191874995945324,0.15747785521068142,-0.8967967114512178,-0.8712464570238523,-0.8051091236329234,-0.2822676172271461,0.42090247243791346,-0.6772267090413125,0.18650967428688967
I_LOVE_YOU,0.9247606191229082,0.008069462129013516,0.44826887741256105,-0.8122767204460907,0.4612608249339305,-0.37472254786729203,-0.19031994806455257,-0.6747473380403127,-0.6149622841174925,-0.5494812100402388,-0.37357174996360787,0.7707950705867375,-0.18829343702236723,0.4889033284618604,-0.7941116543679998,0.29429178574485915,-0.0027985898369624652,0.9999987963891414,0.6787639266286836,-0.10935456500195058,0.5881896679499938,-0.546995507334969,0.14089629419880673,-0.8701097358710282,-0.23170651147717847,-0.5756793499796855,0.46835330124552677,-0.08510031718817568,0.4325301099343868,0.04703376765295093,-0.7614964412980403,0.4663060706847703,0.6100005877116144,0.8441049062532239,0.14699500862644374,0.49998637185596867,0.4759020038645794,-0.7064425763162687,-0.578832188411771,-0.8650579407282699,-0.24465505741460092,-0.10066443552393323,0.9782746553291051,-0.12870603391584454,0.428915322145081,0.4134781139320519,-0.5215722387782122,-0.8179623093035695,0.024573589544472828,0.3152542310310802,0.8854116009083692,-0.28697284267614426,0.89061240885839,-0.2303311101055752,0.4911990563467267,0.18720298875274097,-0.8512351416440901,-0.776076145663526,-0.9404153732482333,-0.23506642898617844,0.37087962688550885,-0.6837074235783799,0.10263674452128013
I_LOVE_YOU,0.870631509208433,-0.09020905089917929,0.4568180135185456,-0.8042001547005694,0.5273399736113275,-0.3492404521104719,-0.3521873720916443,-0.751738690545952,-0.6131184698876261,-0.4756135405023421,-0.2988233044662031,0.6724743654399428,-0.3107146409964903,0.34088487665081696,-0.8074726869945901,0.15800110127346467,-0.042890988857833726,0.8517947387336944,0.5932723702188613,-0.08093934939967268,0.5563725396816595,-0.659311032832367,0.14785188432933913,-0.7586078100394396,-0.4307673361662409,-0.4310551088615727,0.46163740515616436,0.03827539892748883,0.42007290084672544,0.07646339367261785,-0.7385427117956318,0.4120974269921841,0.6854023597450647,0.7651615643447169,0.10099866872153813,0.47427339651399386,0.49316505433701324,-0.6779393044328813,-0.6910034223752025,-0.7989351204296639,-0.31163790723192214,-0.04202925472756264,0.8574215707548412,-0.16727776829892557,0.3830751018000037,0.4743643907229298,-0.559349620870063,-0.8629812702555384,0.05471484758755174,0.37644163829705884,0.9999988020803581,-0.38060004510398204,0.7734866088546303,-0.2565199348539146,0.3888354192614902,0.23618155153123382,-0.8984516366405904,-0.890100553836253,-0.9367701693159399,-0.17047840684249205,0.521172358671926,-0.6498384757660612,0.16486104715073405
I_LOVE_YOU,0.7564051452844177,-0.08222002378450556,0.39957360955838495,-0.7315220306185798,0.4257034642650727,-0.324501877523962,-0.3113716346574762,-0.7222838053969023,-0.6870278668037436,-0.5828623533877171,-0.2689150217624383,0.754992964583028,-0.28851461786081156,0.4184940275040162,-0.7252835026723266,0.11275882836109778,-0.025005674671067245,0.9423315652360097,0.6184157408540861,-0.19769592140700906,0.3588956507378335,-0.542963741336703,0.1199458187747727,-0.7662986470785641,-0.24955597670713567,-0.5851998392793436,0.35381327567641513,0.006048756749813809,0.5006184736859136,0.013275558100260704,-0.8370989481550952,0.4493362881427045,0.6116065111926432,0.6766963033650667,0.018272506429339804,0.4958158050287835,0.4251469709123192,-0.6181617903548845,-0.6048084551763325,-0.8493041114085299,-0.3050991080088881,-0.09746874157175897,0.8241169382339427,-0.21872172430479442,0.4130774683902876,0.44426044983841223,-0.5374614820433344,-0.7046587534326222,0.1667395285437577,0.3953556374941164,0.9999988583542142,-0.1748472955643423,0.7912953562916027,-0.32322797397537223,0.3324718451390863,0.13987427382370157,-0.7496929959265604,-0.7876682822197815,-0.7753623871776599,-0.23014134636119835,0.4473927987665011,-0.6193699562648409,0.18281631692560668
I_LOVE_YOU,0.8628939605659028,-0.012798865383434525,0.3524277311218131,-0.8695763346782561,0.5924062176634354,-0.19530266692743178,-0.3203735940072652,-0.6958715155500133,-0.7433294466372523,-0.6363296085585525,-0.40357923953337776,0.8312471499725664,-0.22867630765856328,0.4814239671243323,-0.7638881837883706,0.1253686358648609,-0.055398525287402266,0.9646730335402699,0.6578137775760559,-0.08433424508208903,0.49060450212654483,-0.5205244925512448,0.17977695271657976,-0.7584512743174682,-0.2575358761864924,-0.6046892406837446,0.39994302305772217,-0.06244251942326888,0.4766389660575146,0.09482655268187827,-0.9012623029159117,0.42583973542856995,0.6293617809061008,0.71088349842648,0.15374207215604466,0.4763798223507248,0.5624584153332395,-0.692015762825771,-0.6304125959576512,-0.834544922856725,-0.5052787935047811,-0.13991357957690362,0.9999987742312838,-0.11462477289867075,0.43950507164826086,0.46081782923442377,-0.5483232945613393,-0.7696280397068596,-0.06051933323438011,0.4991285458417681,0.9399748759083641,-0.2757723851250294,0.8500974423033962,-0.36116823579577073,0.3559534859239702,0.254525304733185,-0.9145293933586794,-0.7708755018215064,-0.8984374407708889,-0.24295608813446282,0.5187779978593241,-0.5624558708057824,0.2445283534697266
I_LOVE_YOU,0.9308193463625717,-0.06466934705195296,0.42924763037937474,-0.8394815027304608,0.566384073207201,-0.4005105250291568,-0.23257839633178734,-0.826150777338698,-0.5658271930551927,-0.691134561504344,-0.4208484985277138,0.7737579870711128,-0.20001820513637225,0.4758199290677509,-0.7371333898279899,0.16511835495434335,-0.06753653707760034,0.9194891373907966,0.6663894784136983,-0.17951653201769155,0.5150424763942488,-0.6967588217022472,0.1713745534919983,-0.7661460126755739,-0.29298914872769216,-0.5965426230401105,0.48938067001943547,-0.02250428818284882,0.5714586776161653,-0.028795143292218262,-0.8909640139036552,0.5214950313244556,0.6721190403757755,0.8740001248464071,0.09126677548450299,0.5398378464311815,0.5438493097629927,-0.7927409385992301,-0.6787681688429201,-0.9944906922469542,-0.2711009944077515,-0.13674224793509404,0.9942370325753539,-0.13976009511523935,0.39643761899579044,0.5076009324779662,-0.64087217281599,-0.9092186295673332,0.04942930160759905,0.36070430604478615,0.9999987369827167,-0.24132415188626294,0.8110968885237216,-0.28649590095693667,0.3823710859631708,0.11222467435776534,-0.8286288412558135,-0.8839563953178147,-0.9970265343399427,-0.38392303608054285,0.4647231970239859,-0.5550648476675795,0.25252869121868066
I_LOVE_YOU,0.9377344677044267,-0.0016430277280818342,0.2259582622188839,-0.8619055153402275,0.5057195216719395,-0.2695444033156426,-0.30127034333608294,-0.8155055845333002,-0.716510055497544,-0.6535438221083626,-0.3126157020172659,0.7822728504477682,-0.3272009479674023,0.48689130592491664,-0.8856579368238333,0.16336535955128123,-0.0655807532018602,0.9762253572664813,0.6101372313679533,-0.08883262350105607,0.621302552588475,-0.6113706034934576,0.08342687552747603,-0.8785495316546124,-0.28694936712462343,-0.5161560643154968,0.5348195231240159,-0.12211338610299492,0.5215350510429305,0.04241614812796861,-0.8358984379028432,0.4957345957435549,0.6557958485301911,0.7488425136538831,0.15821790128926017,0.5508429667020859,0.5039620887276863,-0.6258064508013287,-0.6902729045561099,-0.8341285538797191,-0.4616244216949174,0.08766147876177582,0.9871161951968802,-0.16947684130831758,0.43833767422269726,0.3293448321437567,-0.6678192306981836,-0.8853932909671072,0.09970574070640473,0.4169452122546168,0.9999987429396453,-0.2895974369594781,0.7215897253392433,-0.2681014551617027,0.39109971390784093,0.1637542743438821,-0.8807285371580649,-0.8564842355639171,-0.9728685092347663,-0.24676349567330486,0.5248715132558425,-0.6136846840079094,0.3375419210520527
I_LOVE_YOU,0.8781312747513828,-0.09713458021827695,0.30706637444358664,-0.8412099315212627,0.4237942157298379,-0.2868583896423587,-0.25492028459525157,-0.759181703064703,-0.605051969840664,-0.514727939067225,-0.4373958867110653,0.6650888229672076,-0.18661190384503676,0.48169092445238565,-0.768930045657321,0.1751025190296098,-0.04084770596867612,0.9473671982239936,0.6735244522438308,-0.008241655835227972,0.4861125531232876,-0.5867325941835263,0.172648803243114,-0.8047358931465214,-0.25061602608237266,-0.4855418965621006,0.3937739234999508,-0.0800540045627483,0.43603399624587874,-0.03556459352882606,-0.9029186016144424,0.5160454092289937,0.5252482829831137,0.8841269612337206,0.10627594397077075,0.46894111242784436,0.3919937666348399,-0.6362021910922124,-0.6586062456991086,-0.8180682462018899,-0.3919555843968979,-0.021956438458309354,0.9041352576054259,-0.1274294572771409,0.4608845433817144,0.457190483536629,-0.5176701375811421,-0.8400496048055132,0.08762291169980528,0.4023263560418787,0.9999988031684489,-0.31529079733958737,0.8130600532267536,-0.28216235197815825,0.39001674731889224,0.2205473851917127,-0.8962020489853253,-0.8996553414475765,-0.9335356808139912,-0.4047193681589092,0.4600183190034531,-0.7013473567132769,0.38900296747016655
I_LOVE_YOU,0.9333757821340035,-0.0044287300326574935,0.47378141404795443,-0.8209138049219563,0.41940280250467277,-0.364680848403258,-0.2339559462863871,-0.8263091206984374,-0.6845501326604847,-0.588865931273336,-0.36144700581994554,0.796920078766138,-0.21241454942615448,0.49990121496029927,-0.8100103727303025,0.18217883698568357,0.0004943443514900062,0.8331869550816673,0.7880604397651517,-0.09905531219924883,0.5065491289115607,-0.5789694779819757,0.16108632310307802,-0.9157641185250721,-0.3009070140818991,-0.5483226039536728,0.43797619024377465,0.08203877131214073,0.5030651845887012,0.0225698109009927,-0.8733455187272843,0.4210105445273825,0.6939739086554702,0.781089607205509,0.13281488816866724,0.5218216100817139,0.5102845410516841,-0.6830306260491422,-0.666243658165416,-0.82276328311715,-0.19595901455911613,0.023953080211149936,0.9773957002467928,-0.06231466454323029,0.38830900147541225,0.3529351367325631,-0.5492403104370956,-0.8444098470334683,0.13017462577111558,0.36530344305142776,0.9642242900999773,-0.2757781541960021,0.7803487106904681,-0.18141165876459656,0.3630662044155827,0.17810325333046606,-0.9999987445497674,-0.7919530785255524,-0.9424144986220806,-0.40295632616169624,0.5216805131219269,-0.6825257886835508,0.2613369099618674
I_LOVE_YOU,0.8138458886874259,-0.05624177282323095,0.4717404415305959,-0.7250878803102329,0.4548132909237723,-0.28571345278318677,-0.30971838692580567,-0.8259672629111628,-0.592798124197766,-0.6444943701914898,-0.2508193037840309,0.7862269753923327,-0.23328103317864707,0.42390620445556765,-0.7512140388794222,0.1178576095083035,0.0448292588189476,0.9167235851404645,0.7466437208748348,-0.09309581987081332,0.5312906822201736,-0.56762001869615,0.15265596720379093,-0.7007800439968954,-0.3146756882372437,-0.5285139877919238,0.4148320563519856,-0.156324396195099,0.4441350184307978,-2.3361810571793536e-05,-0.6291112021119053,0.4625959598952142,0.6625087652440449,0.6795818368070853,0.1330748213068739,0.5374519763212084,0.6283790376258221,-0.6947818389656426,-0.7458625057411099,-0.8614494561921104,-0.38800413157787156,-0.09558656348564307,0.999998812369764,-0.11077199477002975,0.3629008502818843,0.451590943811489,-0.44913452566369827,-0.9401744080319924,0.1573529323790824,0.3705204961076131,0.8908440501957462,-0.355080141772498,0.726288206508135,-0.2553415025132848,0.36868010976091353,0.31413630046073393,-0.8795945781792303,-0.8846737543817665,-0.9302545944943282,-0.1835662039251984,0.4523655126654112,-0.5831472380555642,0.2112373192613938
I_LOVE_YOU,0.8168136132392276,0.08505593644653145,0.3089657032535652,-0.8728499619779257,0.40842061812452696,-0.28492656941611083,-0.27693458648232133,-0.6767430975907911,-0.6698970169977121,-0.603634903950233,-0.30432528222785954,0.8384737141428728,-0.3166742454391402,0.3685793899272882,-0.7837994689534451,0.29133490823203445,-0.0972245753677487,0.9000167777528186,0.6006868140158,-0.06166700977571362,0.3968939477419006,-0.6394137412508178,0.19273252531467092,-0.8009868083450971,-0.3301310028790596,-0.5192492069473085,0.408759751887624,0.014350549441034128,0.3508565991218503,-0.03222192670953301,-0.8354045003173031,0.4805605650580496,0.6275247804135408,0.8451925580158086,0.1844756838800694,0.4574570121031495,0.4720039864269832,-0.5724742607281555,-0.5483084098207918,-0.8142046857985351,-0.3973352592881704,-0.17362371849500982,0.8144570104407376,-0.10222972864902774,0.45291862217179096,0.3246438158999647,-0.4802016460929988,-0.8440805218104207,0.0520424865650347,0.4463935974958388,0.99999882232665,-0.26945414815491453,0.7773348917009647,-0.18456777511729203,0.4849918854938361,0.1774208094271178,-0.9117871108738176,-0.7576026802729132,-0.8993499240000877,-0.23677069310135782,0.46131882888984627,-0.7103226312529719,0.21484730981251599
I_LOVE_YOU,0.8265106483877599,-0.027761846256337083,0.35742326606587826,-0.8492763220749997,0.49802657038539483,-0.32033694077972547,-0.22130456472736565,-0.7033460878052872,-0.6988499520690087,-0.6814866365001311,-0.30211506857529813,0.7513518721071869,-0.2695213849517932,0.36012160393320636,-0.7950006830627275,0.33847013313144536,-0.06671446350167101,0.9780284454677329,0.7572736556302633,-0.12094892243180623,0.39197799950867795,-0.5608195647285311,0.1274405112492654,-0.8172649250672539,-0.29531813010173535,-0.4677530926018061,0.4244337141660613,0.1139050524185855,0.5365524014546985,0.09222451847419114,-0.8126610258789797,0.48188554914169823,0.5513848919156391,0.7579806514729504,0.20776832063996326,0.4944968488363608,0.42645828766510524,-0.7189143569101168,-0.7027547026411775,-0.8461273116446186,-0.405347675899055,0.035351279053263185,0.9917723442479144,-0.2214293781387216,0.5392313188633104,0.37744897382185905,-0.5499645112854932,-0.849226763030832,0.11610793467190487,0.37273913956520566,0.999998771109284,-0.2871722788284026,0.8015913286761837,-0.2435592914985848,0.35460458711454035,0.10335345532937548,-0.8792641212410126,-0.8151819940656433,-0.8286824893405822,-0.22451484906252692,0.43877243889747825,-0.7057829687479058,0.22456336455804551
I_LOVE_YOU,0.7769637442083607,-0.04229437222741809,0.32510760310271763,-0.8391471149904716,0.5102818609321482,-0.42661166117689636,-0.20586531690851087,-0.7378116093509219,-0.7097138810163283,-0.5451872806458289,-0.3391771259589371,0.6836393861268201,-0.3411902644091816,0.4683029307440527,-0.7488244327843212,0.14879228598749586,0.0441149938945259,0.9116526172425401,0.7377821361984573,-0.14288735610895284,0.45936633933668647,-0.6146716621671245,0.09486108927896773,-0.7410200858113993,-0.2716322373276033,-0.5668154755455257,0.41723425857365753,-0.04431155515660596,0.42997345473333515,0.02436421478283516,-0.7982419065130156,0.4023564857312042,0.587945139615864,0.8163341501070496,0.16217495951534644,0.5386727251856192,0.4627496774344117,-0.7197690860574082,-0.6730935172657307,-0.7554851373834733,-0.43786294678619747,0.03550073986683431,0.8814486962599543,-0.08495028386915185,0.36984119782993713,0.3326289007061781,-0.6847022690014718,-0.7298920456689926,0.12173101777121477,0.4188520171443884,0.9188304927602842,-0.3244025153076691,0.8004328144669396,-0.29622039678240286,0.3504992846057045,0.1125919961635023,-0.843280533105603,-0.9162908884398594,-0.9999988106669782,-0.2969246450715348,0.5043001931208727,-0.654320190781238,0.2599223875066647
I_LOVE_YOU,0.9464964613681645,-0.027904016217415686,0.29281238637737605,-0.7923099516079217,0.3896523558923618,-0.3763062392957782,-0.3991900943125728,-0.6948174068675581,-0.6632063311973309,-0.5215790523258638,-0.36711199402517225,0.7244411248320248,-0.29304400215183196,0.36143577966083396,-0.737074488023425,0.38894199714962335,-0.08056605606899402,0.9821137034486228,0.6752405549676412,-0.06204647769906688,0.6097826556740983,-0.6778796688708423,0.09372570005972145,-0.7670933893730334,-0.2690485585177298,-0.5220529420554955,0.4645447428055915,0.017976085638192512,0.5682260549689374,0.07685301331340474,-0.8211334726969658,0.48741735539313125,0.6550107064536184,0.7521225218172233,0.13921972341695396,0.4945955689451072,0.39361114273354597,-0.6330757712460685,-0.6058391687367279,-0.8152379774354537,-0.3015485117189205,-0.063278340935946,0.9531402172408371,-0.07784703850560569,0.3820916421078715,0.314975641245311,-0.5568776371318491,-0.8473306326871584,0.14850306122570844,0.2905004411338823,0.979576884769797,-0.3495654436755412,0.8369423691083948,-0.1511070454779186,0.40587220980063965,0.15987481730654823,-0.9305525722829775,-0.8594709985842612,-0.999998763653402,-0.2653540067650189,0.43981596944751156,-0.7327502673342869,0.23292407755273697
I_LOVE_YOU,0.8318040961618425,0.09074958791885925,0.3370744854371052,-0.9136844793948311,0.5048637432196131,-0.2481349849753404,-0.2107162215574673,-0.6256286301842032,-0.5721905063143923,-0.6431643468418851,-0.23023504560452873,0.7121018108645506,-0.19921565641519193,0.43367951527782955,-0.8350990640083524,0.2375918678537897,-0.06037165652780987,0.9999988340537046,0.6013604377266492,-0.1428224995305753,0.47463912169758166,-0.4854743284983803,0.024925747982918273,-0.7403248146437598,-0.1765703507241021,-0.5212824576394649,0.3854634604538549,-0.013828235470054186,0.4029420712813603,0.18292054771566824,-0.7323709429164752,0.3679288601541481,0.5745870135370679,0.7632361995930814,0.05884057251329432,0.3853691755235589,0.48731814763638315,-0.5835566657008561,-0.5730460499734935,-0.8040016675423988,-0.3519568092555845,-0.04640786910339711,0.9866737932524247,-0.20199909199556576,0.3767373716699788,0.33876213223452395,-0.5654149838724044,-0.8267866300838264,0.08437448267102789,0.41296673199266604,0.8267282740676419,-0.3571227264851929,0.7006446229281421,-0.16991172457226203,0.3153432861059822,0.180897240310774,-0.8264541092304244,-0.7680947305710281,-0.802810806880874,-0.20046494256380049,0.516694738290189,-0.6178713057970321,0.28337152018281725
I_LOVE_YOU,0.8204067752598321,-0.12399227995940995,0.5125924512691867,-0.8117997157486875,0.49492534365148033,-0.36952551168192393,-0.15125548285662183,-0.76805606643906,-0.6906108906119117,-0.6846411865997704,-0.30334074738907585,0.7246339513517227,-0.34036232581538534,0.4203085546976922,-0.7834817640348287,0.15765543310664143,-0.14185747815318625,0.9210721518615987,0.5798129986319681,-0.03287221121935404,0.4875104126896426,-0.525686904236755,0.11871915688455155,-0.8005913145453812,-0.21185841771149252,-0.5666144467901385,0.34923140598616187,0.014101060139441382,0.3971521515177754,-0.01828053614612851,-0.8753425123806469,0.5131844401913156,0.570927762469222,0.7244683595770529,0.059907246794956466,0.45678837065552397,0.4682040304736468,-0.6022125362950387,-0.7131318147564066,-0.8470301148041549,-0.2564877067566808,0.011425728898133009,0.9015387704399913,-0.13342520503513378,0.5441643535431515,0.2951791468147328,-0.6724098571921683,-0.8666081538814846,0.08207784460084536,0.33139812860556556,0.9999988180358663,-0.254937290658265,0.7138613168384363,-0.2551357284649122,0.3140967313238893,0.2348460882342899,-0.8733067644349451,-0.8678264823344762,-0.8494568054423904,-0.26060605797164443,0.38447719527488616,-0.5176415275818305,0.2362652883714322
I_LOVE_YOU,0.8132906295265689,-0.020812331545366825,0.3483326578827876,-0.8265927627772965,0.4443796484068836,-0.3388824317463066,-0.28523890859846657,-0.7520010872604574,-0.6501471017975565,-0.5915758064906538,-0.3637708091286133,0.7310903268148506,-0.21556302053528328,0.28895600591759835,-0.7497349817580944,0.09911931734641576,-0.06094450358639209,0.731604211645171,0.6834372746505201,-0.12828389042990013,0.48742957535352216,-0.5712042879332662,0.001406377142325898,-0.795295297032633,-0.24726719166456854,-0.5046530232743336,0.38803362423430515,-0.0161959725837539,0.467122148014355,0.07324802278962424,-0.7029923853121034,0.41794745932392974,0.6394501802245075,0.7187178730068261,0.15967085434301986,0.5032823662425823,0.4635924726427642,-0.616097862939314,-0.6304631887773806,-0.8087709721719857,-0.38990386086174417,-0.039662391186963894,0.9012172575969202,-0.07856216033615161,0.3754322204072225,0.3790114250260663,-0.5703297989930027,-0.8135674024869696,0.0829866764510462,0.3281970779786328,0.9999988261438345,-0.317622891967178,0.782154465505446,-0.32143358686713847,0.33878971851356104,0.27428792117805284,-0.8557486032847568,-0.7861958902949558,-0.8060247180096587,-0.25097821563775596,0.476857921360172,-0.5791330032794546,0.1178318192508331
I_LOVE_YOU,0.7666888334467754,-0.0007411391053950354,0.26578555920372715,-0.7142062228000094,0.4948974901001372,-0.2633297198167539,-0.19772931162513274,-0.6605198472843987,-0.6634367032899836,-0.6724984453465587,-0.35550351455738144,0.6841697506250832,-0.2069565799206553,0.4177528202004419,-0.8583222868506307,0.21750955386165438,0.043146595567467694,0.9649190179192156,0.5724269187730076,-0.06466534535900946,0.44869069905226583,-0.4536031211960655,0.11653348757084014,-0.8045143524842959,-0.3115879158827676,-0.4855250294527422,0.4327257141393726,-0.11307057063815597,0.5426452845629038,0.055257350567386516,-0.6814582018495206,0.5317909181270756,0.607824205620045,0.7922892866099267,0.09942284519511738,0.43999189947587414,0.5545370809136277,-0.676362544488885,-0.6069350802169221,-0.8423191693177998,-0.3692984451815756,-0.07783970000718184,0.9999988492452017,-0.09749451956515803,0.4649982448688956,0.25212358931892803,-0.5421165092251943,-0.8348879004766091,0.11303514053474972,0.5072702538915767,0.779837728064482,-0.23734301516708656,0.8566478556426789,-0.24671890923380266,0.357367692232847,0.21983235455500955,-0.9471039583073639,-0.7609588202702852,-0.9280615271483141,-0.11999728700838905,0.44063910749641816,-0.6433966527148351,0.24361056806364995
I_LOVE_YOU,0.8124057661817111,0.042794022306657506,0.461677202819977,-0.8163457763705492,0.5433968361999492,-0.18787743499951032,-0.3139177367236412,-0.7315066009855138,-0.6393878321127593,-0.5826861092793667,-0.21524466232507178,0.6635786920005855,-0.22562330607657125,0.36443466586678264,-0.7524697228367314,0.2873184294059632,0.07065608367362154,0.8905118198064588,0.6652437767605862,-0.055337867542444345,0.4829812715084114,-0.4492116825540391,0.18831118821377568,-0.760094965016696,-0.28851940109021074,-0.5070608316639582,0.41726185939806887,-0.020008048201076264,0.5212309226582835,0.05502672162297261,-0.806027712112922,0.36278864144375494,0.6621595784110139,0.6679848839273931,0.11108584219450815,0.436080847496466,0.3878892168823749,-0.608277423416969,-0.6175360605980237,-0.8164387885390363,-0.20895094040700646,-0.1862853431363735,0.8562046580652192,-0.15823468579142058,0.334165985460238,0.4799159266952691,-0.4096103389029462,-0.8415948242224434,0.15573423735110253,0.3980820520068473,0.9999988636487717,-0.26315911735719494,0.7451779148888639,-0.13497667331277682,0.41538010089473576,0.18725525962813372,-0.8663117931540871,-0.8099302044879079,-0.9763946541301597,-0.1901139256300495,0.4589607559236605,-0.5785484345064185,0.19102795962198213
I_LOVE_YOU,0.7859755421697919,0.010539885623290283,0.42319710031219676,-0.909059417846998,0.4850016420510213,-0.3618958172302175,-0.3085079879162411,-0.8276272153870768,-0.717823664920218,-0.5229640849888741,-0.37224800003665487,0.7360255974655997,-0.29992895667759073,0.4336805802943902,-0.7172645883350767,0.2681025109178672,-0.044854831154511485,0.9091229948328822,0.5781464703698765,-0.14623348285344165,0.4237922656975796,-0.5635635153097573,0.20664096311204458,-0.8678971965019193,-0.27780661348932495,-0.611884011776759,0.31428932899374734,-0.016220916027403023,0.5222985026630568,0.13609869658526166,-0.6930381536146154,0.4500492912499463,0.7182382941221418,0.8207818620395214,0.1430844625236216,0.5011807371126642,0.49145249456464063,-0.6898499595710589,-0.5639160327581245,-0.8387136029607787,-0.24949056206269696,-0.10833866480574524,0.8128340421100779,-0.1657379620797477,0.39734020916665574,0.2913251001111101,-0.5060622916673088,-0.9595266528044666,0.12750959186401414,0.5226941117307099,0.9179529793455137,-0.2950639750232386,0.8709346383455614,-0.26020375236402044,0.396710463000785,0.23475318524361805,-0.8768112209232908,-0.8649475542139777,-0.9999987590318853,-0.3243946174450964,0.5250627537056339,-0.6905809629815209,0.28438467171999293
I_LOVE_YOU,0.8980008898556671,-0.07578153937148494,0.40547266465612763,-0.6836419165096336,0.40758029354903486,-0.23228921575942502,-0.24459885846518714,-0.6555862792707268,-0.7030791599372158,-0.47528209714135705,-0.3596209219722904,0.7687808469584315,-0.24951623008972532,0.4499587470206953,-0.8359468994086964,0.09842065775358133,-0.017053640216041006,0.8704625233510002,0.6226294644827857,-0.0525184323501535,0.42626214575882576,-0.502418203395818,0.12328987299095413,-0.7492856056579108,-0.25271731303104455,-0.47757888945040033,0.338603945288565,0.04942558178294077,0.4844164972103777,0.0008432253832403332,-0.7789335208578276,0.4603175430098326,0.6323215079691462,0.787823557137774,0.2307525101167464,0.4127454038336817,0.5140700806807451,-0.648634087037641,-0.5599449667717282,-0.7059388700386829,-0.32460789885933455,-0.013232256372519942,0.9999988337387342,-0.07055728740682939,0.49545889162198303,0.34350013987045797,-0.5815830174874534,-0.8900874135721296,0.07445849575509048,0.3688657754246182,0.9213729715711318,-0.23513097596149163,0.7698446638606414,-0.22413148907142763,0.3736669357306764,0.23155173224829598,-0.8807293092289491,-0.7323158479364427,-0.9299134506044738,-0.15710874221841972,0.4683633725586117,-0.6069063627859439,0.09316058345526028
PEACE,0.11868838939703386,0.8778149100709697,-0.5031160584271772,0.7739119746728131,0.6252009379858983,0.43025420182793744,0.5968072312933932,0.165357149971872,-0.41442143218278804,-0.5466715107522434,0.7353985282532588,0.4277374020179912,-0.5093476118135493,0.2493514477140377,-0.08809841818288797,-0.6044934383668319,0.14965016858895797,-0.5043762983288961,-0.8547545144035831,-0.11242866461266868,0.08449603318258493,-0.8909238493179654,-0.15497010371369324,-0.475769603235258,-0.951589927901616,-0.6639733203328309,-0.6981137579423442,-0.5998969159933373,0.6645837035937183,-0.126005491816915,-0.564900103346997,-0.8099530133374921,-0.27336078139700576,0.523829958555502,-0.23370490708241073,-0.7051782639969595,-0.11922731904875077,0.0790317113828418,-0.903202659219126,0.21010043512171744,-0.14803415989655463,-0.9999987763500218,0.4434431416840404,0.3548834091009289,0.16991880849624047,-0.2512570032908736,0.021763330076969865,-0.2213699496162903,0.37306972214543754,0.08332797502852445,-0.8234810731927901,0.3575450024079015,0.4279572792197039,-0.2389627777554784,0.8037797739357794,0.6067432178893494,-0.655884070660029,0.8157050706830925,-0.1237415391328003,0.42296474397328576,0.5414932893363502,-0.11733236495653716,-0.1475031438540936
PEACE,0.14705317940283527,0.9676233050001443,-0.5072546962382098,0.8508389374791067,0.6263301465417538,0.5288570391218933,0.5741273644232199,0.26789199174581646,-0.5899973736926996,-0.647860564549152,0.7476421283090016,0.5409217416563742,-0.5755028963993543,0.3483277640688271,-0.19416023351911804,-0.6924841915443918,0.07691641230456098,-0.4087810963556615,-0.8811417537725236,0.04023537650737635,0.18583487099011292,-0.999998716803908,-0.20204288238290388,-0.5176400259552659,-0.7850559015550245,-0.7011931892784752,-0.7379176679007802,-0.6582757934157829,0.68388828495273,-0.060143279720489926,-0.9113770747306661,-0.7793814768095012,-0.41305689392790473,0.5277370269081033,-0.22180498228211712,-0.5541544209794361,-0.16113646664660872,0.18416419247148702,-0.8500652510340265,0.20879367989144276,-0.33455150699945974,-0.9644441473676092,0.3411280076649351,0.34788927410868853,0.25950737324092815,-0.2778559459182572,0.05122413996303981,-0.2821607718370626,0.3975590628515765,0.17035002313717754,-0.9824091934141677,0.28462693841010855,0.2981691404639347,-0.22318015414876774,0.6713747662501588,0.7692216213617867,-0.69317202620295,0.7951675002110995,-0.1025035974934895,0.4038188869611206,0.6627611560585391,-0.036475573949287105,-0.24287517286171295
PEACE,0.15195240214540953,0.8074569432100546,-0.5407377684316071,0.8806043837685266,0.6023685065104791,0.4679283573559186,0.5886787232491038,0.21243710268349117,-0.46941713382664635,-0.609188041231628,0.6015658470840719,0.33785689902842353,-0.4488708876803115,0.22804539351975903,-0.0450926275853077,-0.697730744175319,0.059528135718167306,-0.4609596319371068,-0.6473004157791578,-0.049787270160806134,0.14542013091097356,-0.9999987616524312,-0.0717807286605087,-0.49026780539505727,-0.8838676038031646,-0.688694686376265,-0.7438591276117548,-0.5867025331655914,0.5636923458864047,-0.18121276393441707,-0.6271477244877308,-0.8017487184728542,-0.3682469513448688,0.6159180195572324,-0.22905423385118276,-0.7702411296297176,-0.22621964487118174,0.08950124086568839,-0.9835442316601842,0.2794668425409104,-0.13435345610064725,-0.8881173255265454,0.3235341532572478,0.4388933002151638,0.2828705797927506,-0.2747259804813537,0.0042859368506482105,-0.1108552109749519,0.4548707917431549,0.2245876626048018,-0.7540897892616599,0.3165915931589901,0.30737742229156106,-0.2647898516657711,0.6423365552848019,0.705333789464705,-0.654088058725176,0.7984864806441854,-0.04260429439812593,0.41503186853593704,0.6067272188637841,0.011490055605206464,-0.3138424853495305
PEACE,0.11018049334993806,0.7227324957695842,-0.497806020153685,0.9165266417436523,0.6305859977237988,0.41989343087018705,0.5698865233609799,0.1420668168601609,-0.5062971023543554,-0.4329993631740568,0.8386217311780296,0.44852751475625785,-0.5573197354759344,0.16708632452431435,-0.15329624265702696,-0.6527184411292809,0.030564970031941748,-0.37622476904538565,-0.7015232703413734,-0.044791277299113495,0.18450239736841034,-0.9999987638903566,-0.1474321428897175,-0.5499754567817496,-0.9541029852359209,-0.6810483609670634,-0.6502646716706335,-0.6560362427566697,0.5747394848112032,-0.1628932399075331,-0.7720185814658267,-0.8297566787055007,-0.4993286746147258,0.6316247826666069,-0.24368426079484864,-0.6380028615550131,-0.24862406274131232,0.035531926559986625,-0.927069367662536,0.2564087085842778,-0.21656923594534203,-0.9875437708547555,0.44964950248625196,0.44638572838796936,0.3766148963195064,-0.23419753650920944,0.1638232338069402,-0.2895844055495284,0.4334459476148728,0.13861736448473758,-0.9299138549415227,0.3754681207662535,0.35216372715178446,-0.320933115246592,0.7175975648325064,0.6291943471129624,-0.6853220050364932,0.7858516674665422,-0.009967303304464084,0.40134450846560643,0.7237653662686638,0.06257398823362825,-0.17506195012695253
PEACE,0.18626718924916838,0.9452354304180872,-0.4117650026472579,0.9684042742959653,0.5388337727671033,0.5117977357165054,0.6635723111383743,0.2054287367312712,-0.5369932978377079,-0.7025453770057161,0.6889780840221067,0.37655165726933737,-0.713568170048161,0.2898374039349439,-0.27763407835575854,-0.771840474618203,0.01690089866334934,-0.4844050362611006,-0.9840958462193907,-0.043518332267636434,0.10724385307246523,-0.890190409684931,-0.2500626619688207,-0.5228243900579648,-0.999998668036568,-0.78150006465854,-0.7668041911601371,-0.7042846293586197,0.6693869348843832,-0.09790684731292124,-0.8030662545306343,-0.8234284007402141,-0.3512510788859419,0.6821244997150157,-0.22676075543354207,-0.7133572325249615,-0.26668789188451014,0.06395591401301855,-0.9812187105593851,0.3348090793962337,-0.03801849793397984,-0.9794559832029481,0.2926340315407949,0.4015291519149723,0.42632090630323605,-0.35114698265100175,0.06625652063818036,-0.304444905284738,0.5317863183393463,0.2114424795165991,-0.9428322936377574,0.23876567190880965,0.41949077463388423,-0.2726078971847783,0.8562696886162804,0.7674392238966224,-0.7098800062781049,0.825332511512016,-0.13666119701734167,0.4401678308344032,0.6607143793538433,0.011990228447186465,-0.27482859910221374
PEACE,0.17421404431581322,0.8978465329695772,-0.5403557314494963,0.8857131008388406,0.6500412412223935,0.48579755205019726,0.6243083152561629,0.2777568887829329,-0.44762186553872846,-0.6274752576347771,0.6926792742680724,0.4509281115807019,-0.6620071628784682,0.3497908349327663,0.020083544548094114,-0.6679201040157196,0.1220979088522893,-0.43825567304924046,-0.816254553819747,-0.17261116243547936,0.1826729925509837,-0.9999986996240814,-0.18541250617424315,-0.5080847261294288,-0.8499490509071072,-0.7192490208136163,-0.7325274331501269,-0.6771684024950273,0.7401807182129249,-0.12784092655917903,-0.7127083615403562,-0.8288756996528345,-0.44668297885817154,0.6224251168390836,-0.4095697618659563,-0.8082480586877687,-0.1767634567580978,0.21704376303782597,-0.9561069219935691,0.21873420410411581,-0.3120661412405945,-0.9690560469180339,0.32491619324084525,0.4837164191148733,0.2934128165855286,-0.29778170598630754,0.06378064543374472,-0.2098357464897373,0.409647085289833,0.13259019240695757,-0.9327549272017776,0.14265026721432025,0.37779299438043784,-0.1702290930286498,0.8293293767127417,0.728481543530578,-0.7235731287226203,0.9059628711850793,-0.13077837856488217,0.5679341888695209,0.5897215817700592,-0.03812520490059964,-0.26501712483668044
PEACE,0.036141110395178144,0.8446155808322205,-0.4697899133076311,0.8458535176231577,0.3762516702011348,0.5397719134936436,0.4780874252483302,0.2527536055415491,-0.5203404968567403,-0.4986908413409483,0.8112880439054502,0.4273241443172797,-0.630126980735714,0.3307505856940221,-0.20119003365266525,-0.6845085319846909,0.056657192010229784,-0.46780975459017643,-0.8015161820833273,-0.05534760993700266,0.21308461512515306,-0.9158976939537423,-0.17318802490247026,-0.4886558555906273,-0.9999987243781777,-0.7637656282149663,-0.7822938008080231,-0.6970253185228009,0.5977520668587932,-0.13111373236590104,-0.7180489869437953,-0.757344216765572,-0.44419507944565784,0.6208035891014864,-0.2691088248369651,-0.7329667346759434,-0.19099511814812814,0.1768452731380096,-0.9482207193969457,0.27496803797829206,-0.2590854402861809,-0.875071030327796,0.3135545023962026,0.3271090354653283,0.3178248351191976,-0.32994277825744844,0.041095018632827246,-0.26510656342048844,0.5288479322028887,0.19320289001441746,-0.8184821496175256,0.3024250266829535,0.39937671066698477,-0.1746903882446269,0.750977084286919,0.6071654878779957,-0.6076180001430685,0.8567856509509404,-0.11379211886566835,0.4866970587826732,0.6174239233289444,0.011754220921979246,-0.21433241462822938
PEACE,0.08921210622322129,0.9408448566647893,-0.5436900211151077,0.9999987756295798,0.6509271982905687,0.3434747273927202,0.5482536240582325,0.19620876065332504,-0.4773546643504597,-0.6688453551784733,0.719620732514278,0.43363168949314895,-0.6069866137171676,0.17179358546824247,-0.04650819697613921,-0.77255429460683,0.09166288547656219,-0.37918009540190245,-0.8043346203646088,-0.06152226323807627,0.24774943633500127,-0.9307569889053808,-0.22863185831691982,-0.5050713013776819,-0.8481125438359647,-0.6542120103551997,-0.7925837734351026,-0.5596464537796029,0.6444467947149891,-0.023426213639244537,-0.6677802109087407,-0.7857248519522151,-0.3257246889163101,0.6265960737891489,-0.12809280395243733,-0.607567902638129,-0.1784357177145484,0.0364780017399513,-0.957104027560936,0.1621423137022644,-0.21866263593690674,-0.903750929583273,0.3404233197040519,0.4786143315642546,0.2730619663676276,-0.3343342592307547,0.06335997457960556,-0.19215616560168106,0.40153954981279805,0.17295763800325048,-0.8663325816910454,0.2538130654026596,0.5050583113363859,-0.17808857905886824,0.645935231319764,0.5270602687576826,-0.631682012016569,0.8466518251022904,-0.14766066126287294,0.5008683662343545,0.6189656992535716,3.282503445181049e-05,-0.15137030861686765
PEACE,0.09514128650345419,0.8713737420715176,-0.42642506562585347,0.8745020299842681,0.7315995682119443,0.5069421691691846,0.6152136734489859,0.20849222091811792,-0.4587877550464699,-0.6434450015141946,0.7529902300798749,0.3944030958819958,-0.5104286305753747,0.24922953509814777,0.019067354630238682,-0.535060266564066,0.11181649964270729,-0.4342184240184213,-0.8697116667803296,-0.009570332291660932,0.19404504714003293,-0.8756518592277397,-0.0880135583733603,-0.5381026136244754,-0.9999987455707093,-0.7661567608326899,-0.6729828597380355,-0.6016968452074616,0.5527262435314876,-0.07399297408731886,-0.7836708965752546,-0.8547830922631129,-0.4127927032430473,0.5634310148727759,-0.2162275685174871,-0.664653463018002,-0.08170856980152144,0.0955112719844077,-0.9518301039564616,0.3321051529671287,-0.2162445866929472,-0.8903165590880842,0.38293266598944653,0.2787102204957002,0.33245158825773213,-0.26001222156649095,0.11908848804335305,-0.3463436484135642,0.3610815380837326,0.1308282646219,-0.8921218695582616,0.39645713345363925,0.37506566600473645,-0.2618051108183507,0.7888574746461735,0.7241670404599523,-0.8611383580273393,0.7708571063556068,-0.2072864551954989,0.4741927732570789,0.6123002216788309,0.011226203758010594,-0.3328789748884312
PEACE,0.11170090120116323,0.9824660993191905,-0.3892345766702496,0.9438150971179081,0.5408700110431757,0.5555153186051303,0.6361856537062126,0.20917953032023912,-0.6561390275785048,-0.5770058261033394,0.7149975981113436,0.48502349734744754,-0.5851318998052248,0.3354017346777609,-0.11587435286235656,-0.7026249712406231,0.1668883786870265,-0.49138188975612324,-0.777634664769869,-0.0806774546722432,0.12082388781417538,-0.9312856228379851,-0.1568215408002688,-0.411182841170937,-0.8700462579172294,-0.7884069012366359,-0.8054033902598288,-0.6723449821587725,0.5477131908054645,-0.13834204561927954,-0.7473825250882343,-0.7748816094606836,-0.5570460006633893,0.5654640347461173,-0.3252151902484941,-0.6228442047371024,-0.26864388001289036,0.12825572524187548,-0.975197525041794,0.3293762181412722,-0.17735252797668757,-0.9999987152761847,0.3218100761111671,0.317587699171226,0.2807095128573341,-0.2908449783834262,-0.0403089986761608,-0.3112017053621518,0.4285983396575944,0.1935890992327106,-0.9232716304383407,0.25726139283640914,0.26691039268225436,-0.17730899366490527,0.6889505271782019,0.7399186147338427,-0.6699598263326272,0.9138314685098797,-0.172431661004901,0.463865052620106,0.5365441733069664,-0.1140147011341745,-0.169095628395064
PEACE,0.016064469852054484,0.8497879003135029,-0.3933395798128113,0.8966571725047323,0.5537383278197423,0.3532919067355276,0.5901902966452421,0.2872489541858374,-0.5391670061678705,-0.654155080432944,0.6820859549273985,0.4736503388396927,-0.484180421836093,0.14882945369996933,-0.19350260793666177,-0.5228038305491666,0.05129367441275089,-0.41045041988960584,-0.8291315601178109,-0.0345593621222934,0.234114601989979,-0.8648913429247211,-0.08479909436417654,-0.4922583421597701,-0.930850026598803,-0.7155486667238815,-0.6752590973108996,-0.6042445582620674,0.5130963404274536,-0.09890439001353787,-0.710677577852151,-0.8144735780347999,-0.3918680347461988,0.5223126220201899,-0.3333477022508966,-0.8222263264404511,-0.08046653119049292,0.14166143004806997,-0.9240283699846034,0.2081529888973744,-0.3796483137632085,-0.9999987817744347,0.3825427517927461,0.47136671701324384,0.29025230514934164,-0.2984555835445619,0.13712526505335312,-0.23995940973121196,0.45714427705643407,0.13948582315036442,-0.8688122610008739,0.21765310615781522,0.30011795932142726,-0.21187757848205166,0.6872253705438495,0.6056670627025661,-0.5896781875077012,0.8079571792145472,-0.0566165537335427,0.46734716677463695,0.5663526171678192,0.014600426742413065,-0.18904454469505244
PEACE,0.0684686450713632,0.7925052623320619,-0.4939719013918806,0.97045134968868,0.5662918567969777,0.5225738188819806,0.5280115097498033,0.2583594229103625,-0.44168400152865267,-0.5445214315268744,0.7340694577800311,0.5201705691822727,-0.5333406605954664,0.3270992757024006,-0.1999279833426957,-0.6409675414303375,0.07896369159399443,-0.48053458269198307,-0.748001394101496,-0.15440667156856572,0.13512398270144169,-0.9999987877393911,-0.09542948861186204,-0.4840779702816125,-0.7790166730860815,-0.677402044477848,-0.6729748819813468,-0.650635528354575,0.5250138405586665,-0.08566371092209439,-0.6888526806124666,-0.856448019948466,-0.48385950140297507,0.5199260203073501,-0.1525216377522426,-0.5255153710932229,-0.17355286838912512,0.11631110962061217,-0.9328118992382938,0.19093421581506326,-0.12011058994301896,-0.8373808715632047,0.28312599156683355,0.406929577874035,0.22263208104919002,-0.33206679687622653,0.1293035706485237,-0.29839279366680593,0.41740345476828666,0.2062542664838912,-0.8197657508183709,0.3316782417893271,0.37212043215906604,-0.1770143122329883,0.6366150028918612,0.6441761395062655,-0.6344053362149829,0.6221512064586278,-0.18050783798428383,0.3846739078283482,0.6667015250572769,-0.03292777858147269,-0.24528983761106807
PEACE,0.1778071229717851,0.7792533189695902,-0.5918197112662262,0.844444706854537,0.5153715319978316,0.3709018636714455,0.6050431025764269,0.2636216322763282,-0.459093353858822,-0.5476051840464959,0.8042231240590036,0.31488071536323003,-0.5413810232065902,0.19561932506663415,-0.15049255130030517,-0.6428432451661688,-0.04409856605569061,-0.5423392536580612,-0.7621979474968129,-0.035331833350089686,0.1873579506890959,-0.9540277814670486,-0.1482137359651874,-0.4388662948644611,-0.9264203213947697,-0.8161374808088753,-0.7429386165851968,-0.5775559694124179,0.684571187819932,-0.14037219322321956,-0.7160630210804353,-0.803486516366654,-0.38405832430738013,0.5555484299870089,-0.4486029232770717,-0.6011493670605537,-0.07900712553342276,0.07180964306552205,-0.9999987593036325,0.2448785450087784,-0.21986875286683946,-0.9114933071393108,0.34857986082071396,0.3724434953795081,0.1739744014329673,-0.260087108298175,0.09595958679689882,-0.15821319914361423,0.3381957537182231,0.2799633126770067,-0.9383462845975861,0.32807702310472586,0.25322901269889175,-0.30569899945096807,0.8428154593793156,0.732496193001164,-0.6787162263937345,0.7703288229679061,-0.11113301987482772,0.47606325297296265,0.7011599246073055,-0.01815365401144135,-0.3002809653618049
PEACE,0.12877226756139415,0.8011028352900263,-0.5119710196391425,0.8331927279835523,0.557091216418123,0.4492473199320765,0.4837084789273329,0.22536807519949087,-0.5549992178351166,-0.6284045719161933,0.6702121861509021,0.5222908786604077,-0.48996883637684624,0.2779030949979064,-0.015262815359195285,-0.4273592215662274,0.06194298842955908,-0.32523870339817973,-0.6951723720100416,-0.003578856050819061,0.2719209945441134,-0.8709426434186132,-0.21202252043934466,-0.4340642921956291,-0.8874978582732307,-0.6807374166265883,-0.5831165911071654,-0.6203642754856821,0.5489781417030624,-0.10286399533205136,-0.672638197502718,-0.8584605372711077,-0.4113529909937428,0.5968776275103136,-0.1692890102706598,-0.7027823238652551,-0.24680857266139744,0.10509731559252268,-0.9999988323841426,0.21248083303402346,-0.29732275063001784,-0.8359960641073848,0.2799434686618759,0.4932732442038121,0.3057048677918839,-0.3330361715010211,-0.0072744982222965595,-0.22210967702160322,0.36868922866585285,0.17635161433665125,-0.8266119909869009,0.3109004167826679,0.36528612893755624,-0.2614248339271922,0.6604680009219376,0.6300206681556617,-0.6545404911191046,0.7586561011901446,-0.10547339246061947,0.43328450671915186,0.6899060660389958,0.0018187225095933224,-0.1298470609175123
PEACE,0.13120974687973982,0.8028723032522274,-0.4369938407691119,0.8013740103794549,0.5779286344702407,0.3702617354543769,0.4442773098078578,0.23196605888055388,-0.41990572649558827,-0.5292808917611086,0.6840462666894295,0.4590881087216317,-0.4874423761382052,0.25746213035746546,-0.14616609512356893,-0.6922291147619783,0.03633102707209302,-0.403634138091579,-0.7580037860706735,-0.16897002327098196,0.26521079822379057,-0.8507770882349255,-0.17048479877055006,-0.3749253959233601,-0.9999988482031608,-0.7193254766829591,-0.6875089265208156,-0.6037911442226921,0.549095859263892,-0.02816865876191792,-0.6115919915813758,-0.681429604489034,-0.36965681655190386,0.4686156594078327,-0.36955297355608074,-0.7148449817654029,-0.15598303640077082,0.10376189570412005,-0.8790208119117348,0.21400159171590885,-0.0774614661846652,-0.9509047875704195,0.37388939198106674,0.39151401741869585,0.23392612111539968,-0.22354047072780442,0.13878493734676728,-0.22174985121705218,0.4157467177860497,0.1749842769608521,-0.7702636305287819,0.2754665427831827,0.3054346631943807,-0.2559079271883955,0.6590875055866682,0.6840427022064025,-0.6041100908812438,0.6702771045309756,-0.15062746034936034,0.22809748298399088,0.5503637529496263,0.01158952603588712,-0.1937825497306457
PEACE,0.24016204207674677,0.8795016973340518,-0.4135967557603796,0.7350313078274773,0.5597843765584712,0.41142227130394937,0.500349088891229,0.153418458598995,-0.5959506739026814,-0.6683436427374068,0.7509032407969446,0.42093591925171503,-0.577251307447601,0.21921884378270168,-0.030467771187494136,-0.6508666955069377,0.09297914583579665,-0.46721965291332695,-0.8070434769981039,-0.04192686044875373,0.28470302576788087,-0.7790509315149647,-0.15201662846497258,-0.4532347004103031,-0.8117701462788374,-0.6666808859508275,-0.8252691685067892,-0.6677440122971379,0.5988512764061003,-0.2219401091872358,-0.7266908898294075,-0.8041520553555365,-0.4006999536099462,0.5513331157062182,-0.2757781528559631,-0.5995519479890115,-0.19870895099094701,0.08257954062549656,-0.9777451090700784,0.3045385048470869,-0.24012375308473255,-0.9999988078080696,0.34439750431521005,0.359413861165335,0.21441097936402914,-0.28611252371939266,0.03700997151419818,-0.07745337327433463,0.3782268731344434,0.19625888465006558,-0.9134647535740351,0.22164902913982715,0.2923681158051896,-0.30352669725211534,0.7415840931323872,0.716031929223074,-0.5990788729512216,0.7576306545609726,-0.150391384825897,0.4931852803271872,0.722608969213158,0.01780259550019267,-0.1364687126433112
PEACE,0.15417094004191362,0.962546189725609,-0.556417156316517,0.8691544428924338,0.6542207539523301,0.5543339237787358,0.5389056731010406,0.0863813938191785,-0.5599154433602562,-0.5752753720095254,0.6534522374621825,0.3884701010429765,-0.5814311767499184,0.2298913014220859,-0.06986588789028891,-0.7831711066854284,0.0447566655791279,-0.37356059735913916,-0.9095767679469327,0.027041450226239404,0.11704337199360958,-0.8797064444860098,-0.22595823025151165,-0.5735801354702909,-0.9999987110163112,-0.7369035464939426,-0.7448882647740921,-0.5819474329681983,0.7182102618023716,-0.20103575698554885,-0.8088061610435843,-0.9084299985589823,-0.47467477962363086,0.6857851535019595,-0.24341960158064146,-0.7365453907276968,-0.19846383772104406,0.204579456744009,-0.8472035595391622,0.27996222885054073,-0.3877299728371792,-0.9919686491889936,0.4188687128395759,0.45250008626297705,0.3125391114677089,-0.3029864217556057,-0.01851561182869473,-0.289840346169815,0.3930590239283529,0.24103870836622565,-0.9118471970444257,0.32449497291711016,0.4057283591942893,-0.1644313282001716,0.7723245597130646,0.5943311045216984,-0.6282378097278281,0.9715441987853327,-0.07603075233486575,0.4106912969839969,0.5780549403671936,-0.050874340325526984,-0.07897771014223291
PEACE,0.102906604408056,0.8080295540165734,-0.4559576633327598,0.8164167392597673,0.6768923305258576,0.3810429688760737,0.6193458847988647,0.20897110446388695,-0.41740574829553173,-0.499371256638957,0.7058607948163589,0.41184529785476687,-0.5446687675572857,0.21450211902284197,-0.1993935475785595,-0.5601678241484144,0.0756338769781988,-0.4874719077786063,-0.8959591382112365,-0.20234992468960536,0.2184318535344001,-0.9037460918286457,-0.21448512075678022,-0.43439816351610483,-0.928689530472867,-0.6834165751086063,-0.6848135556445076,-0.6116738805556197,0.48632674940985865,-0.16475203103165997,-0.6390863607220202,-0.8053815635722027,-0.3144726356990591,0.7103546856169938,-0.22004264198789797,-0.5613573417195397,-0.14033585670168078,0.07387009793184893,-0.8879153835004018,0.36452744536095705,-0.23196448912151643,-0.999998804408335,0.26483947568319316,0.3932824030172664,0.1864765004531544,-0.20230687920127113,0.06956621029550808,-0.15777189578083264,0.36592457685768015,0.0917239251282661,-0.8782710144605088,0.219450976894773,0.37895202928475297,-0.2162614472573862,0.7549169659368399,0.5671759331770432,-0.6214135754288093,0.7120023375516791,-0.08910853146815263,0.4566601783037461,0.5307788054063515,0.06764819532261007,-0.05319874774498273
PEACE,0.1711190978575957,0.8317777987701538,-0.4620044134746897,0.8168434677893133,0.5337686515636705,0.45343448641897927,0.47719381673087147,0.0880581605535938,-0.47294799618500893,-0.5883739804027318,0.6617701178365881,0.35141072462210987,-0.5274171024393862,0.15979752144949297,-0.10785195663583287,-0.5434599066212712,0.09913816208244258,-0.4961320411974804,-0.8423653714945107,-0.05373530465595949,0.08949716840571328,-0.9791896197832182,-0.15432897656060213,-0.44114321854729693,-0.8645322578501605,-0.6952395713999378,-0.6893323129736795,-0.6415021738080888,0.6067278998671233,-0.024115306512977015,-0.6999106374973726,-0.8195896835790396,-0.4510617941378467,0.5144833104970051,-0.2453615273134838,-0.7728087024958931,-0.15601736749365416,0.1432452022525336,-0.9999988131553058,0.184278836392757,-0.19447013611743427,-0.9395206044447765,0.36104398541382465,0.39493844699973935,0.3197147612188441,-0.31922576193295665,-0.0021171918722783078,-0.2773890612240309,0.42461528244644736,0.16047250566435023,-0.7565370868202276,0.308111787792691,0.2356942657170524,-0.3131853387361475,0.6530328057204072,0.6029405546866803,-0.641787844589301,0.8269738869414822,-0.041159878421509005,0.4075089444804148,0.5815434180104629,-0.032153773909877746,-0.18630792738756627
PEACE,0.1429910685766212,0.9518374028306859,-0.4236755130241063,0.7413456194458659,0.6099344871806393,0.5572020689672242,0.5552346115256105,0.28663499471565534,-0.539619847316001,-0.6199887942249517,0.6723761421947355,0.3877749329082429,-0.5368302460005826,0.28993542590039584,-0.10493273736087536,-0.7717474632731522,0.06753159713600314,-0.36420702430371626,-0.7099319214042225,-0.0872728355498792,0.0777177988567565,-0.8675332717817571,-0.21652364924309064,-0.4326527213971493,-0.9360967112150482,-0.8169503309016367,-0.7299609275541143,-0.5614560712789577,0.6071390447109714,-0.18870837552283076,-0.8181984017918285,-0.8614377302365963,-0.43673445265266825,0.657796850376638,-0.34667551014992837,-0.5925688869247745,-0.27981287764314905,0.2605055666595003,-0.8465196055436249,0.2683972247309369,-0.3178608207565878,-0.9999987296922294,0.328858533781222,0.3507394140607968,0.2803494848473574,-0.3735896500097911,0.014764119230074275,-0.24228783600923762,0.37124659080848027,0.30187102102414565,-0.8840162596498286,0.3188393030163279,0.3898035779295408,-0.24039177188498306,0.7910354728753797,0.753154097868355,-0.6432981561239555,0.835952556680451,-0.11646226379006114,0.44597781218111715,0.5804865931557289,0.0065248784971472,-0.18975035364757384
PEACE,0.15159272689587652,0.8881674243022645,-0.47636763493862383,0.8607797604522853,0.5691448314335521,0.4763677071131448,0.5541076635921652,0.21982923254199246,-0.44462584736420174,-0.6584382488903492,0.7619834414216867,0.44765868670304443,-0.4426238926826495,0.214418796602754,-0.060821260819025356,-0.6746532355435907,-0.022815488009303282,-0.46463109524994395,-0.7446710161997802,-0.09216008546464347,0.04102079333002992,-0.8987226385080881,-0.2613441278393006,-0.4714917978158584,-0.8330141515995085,-0.6933112699812274,-0.6193935109590357,-0.6623977265365771,0.5916015906807572,-0.1843596725236936,-0.7408099404681526,-0.8484366184559231,-0.4807464365561596,0.674323699394737,-0.39765656938716837,-0.5883995298149414,-0.11270670729082584,0.1403875493814277,-0.9999987629758722,0.15477414159465674,-0.24154006849182982,-0.9317050203656756,0.34435810098035396,0.35582410478520177,0.3260225344261416,-0.20867667466227324,0.04457963838662316,-0.21657920485098364,0.30375416189089866,0.13979481286171752,-0.7961480099211349,0.30516459959349823,0.33918962898410404,-0.2728735274496966,0.7161092011330173,0.6616838745275047,-0.6167453728106234,0.6784449419069931,-0.12162629211516124,0.46450035932389183,0.5863877557144181,-0.019528625888570128,-0.22755877623300938
PEACE,0.09795251983421759,0.885188174702018,-0.4580200031349246,0.7409260983339324,0.6494987742728167,0.4429647450501135,0.6934573464547202,0.1361573755671977,-0.5651560411522731,-0.6326942896292418,0.7573153854633978,0.32783893592944396,-0.6244256412537225,0.26672369231410265,-0.1639063488580362,-0.5961230903611892,0.03529084987962588,-0.49239626746440074,-0.7681603092857578,0.034338541387738196,0.2059171959100558,-0.8261077983405993,-0.09088149741020414,-0.5414386288996266,-0.878663950249875,-0.8425633183603539,-0.6942805857237139,-0.6377033901031061,0.6833620576611061,-0.04767537660321359,-0.6691614735383656,-0.7795252268085946,-0.3717598777712516,0.5989473426163859,-0.2744722711043737,-0.5891152718482378,-0.09393890750994295,0.10160920511263362,-0.9245216426849591,0.25997714240078074,-0.3100407980293989,-0.9999987519678014,0.4470554277318223,0.37731935070952904,0.38922484361639687,-0.2424993161225519,0.08417062874631151,-0.19033178179721136,0.343376631849165,0.1503465205854848,-0.7451394491901187,0.24738896877892197,0.4401036418015765,-0.3441180716157488,0.6756213931212899,0.8035981992536415,-0.6493828767033141,0.7736565317251438,-0.03303187319703025,0.5245361041366001,0.6846616522570543,-0.02535380189271635,-0.21938256414555535
PEACE,0.1340912491345533,0.8449679704682086,-0.45318537085919264,0.8035487627394275,0.569388922146705,0.49283904957193037,0.5643578007647587,0.1060509055577456,-0.47736943674362486,-0.6172258935149904,0.6982393514251544,0.4617210901372234,-0.5155925881711267,0.19399459045453146,-0.0914250469393849,-0.6086574544914498,0.02154921017802621,-0.46640702655028954,-0.8504483032296679,0.011921223028699034,0.19200509807403912,-0.803078560243521,-0.10610960665788637,-0.5118647637871369,-0.951822986057418,-0.6586749479384132,-0.6395342600685541,-0.6748521081000608,0.5719298012174523,-0.1327331183269035,-0.6874071911111345,-0.7455559318003644,-0.5060218126202163,0.5081628551470222,-0.2864067469292946,-0.5866193797959657,-0.18329472169406172,0.1368435560221654,-0.9999988638213456,0.18436994984454588,-0.15910925735334636,-0.9088086627240193,0.3641407878049428,0.28357891149024744,0.2757496546402066,-0.32366163707204665,0.011995674574012006,-0.14883408394602823,0.4307137669552514,0.2107194230530739,-0.6444284001879512,0.33209351522750047,0.29519016005825327,-0.22700236500616044,0.6626731939307797,0.7388313702899036,-0.5277436958902216,0.7241799216028881,-0.05761416038938206,0.33675144701028853,0.5852096057392656,-0.04398857786912902,-0.2793482771092575
PEACE,0.17573946919143943,0.9358585338098836,-0.4349088688480188,0.8554106498817599,0.5265506145036641,0.3862551737851132,0.5092726428835509,0.19475868141710442,-0.44121051239631504,-0.5505319201889671,0.6248769518442938,0.40386850274162117,-0.6139147411915833,0.0714175691532955,-0.06899773446085214,-0.6927857736796,0.056213662996278564,-0.35017158878924026,-0.7959162427857721,-0.09229942334482928,0.21433567094631661,-0.8336434754594669,-0.17594209852552709,-0.43825606943182616,-0.9406159326104785,-0.7480800064595087,-0.7094517806779848,-0.6761596154156444,0.5669232778930774,-0.03463438310956985,-0.5759339559314306,-0.6945910393170486,-0.4831343161877217,0.5034465225980919,-0.3428820087080579,-0.6667162095332531,-0.36453002342622104,0.07326370579254246,-0.8464261282667608,0.3142866976389577,-0.23978632928481783,-0.9999987594704689,0.3803278996834784,0.47956843984183745,0.22265867373882595,-0.32828127141627383,0.023653524016050486,-0.3065536315448433,0.3845735589087711,0.14753856014332284,-0.9082581914571606,0.32409297961530514,0.40161833048286966,-0.2134833794902251,0.6982366759300734,0.557796888539864,-0.6157579283015786,0.7612142988330541,-0.17260431690517986,0.36613830959745003,0.6063572940938314,0.10798342950816477,-0.23161849102842932
PEACE,0.060117927812789226,0.9297927554697647,-0.45739663689579185,0.7431827857976017,0.6531028675597782,0.5966338135875912,0.4124627985037851,0.13402651307459254,-0.691979675389309,-0.6276274194799724,0.797008528315711,0.4582678124167685,-0.48807767073374253,0.2829575979505987,0.0014816815721708674,-0.612039861132639,0.03864794176629884,-0.434113082100534,-0.8644358603024317,-0.08074524482946509,0.1846437371901607,-0.9142774325488908,-0.112265451382397,-0.5068547991624529,-0.9999987461827149,-0.8054778925233724,-0.6830675353777083,-0.7241523582596008,0.5959955338621262,-0.038163692230307515,-0.689640243401784,-0.8065243911260627,-0.4076044469674141,0.5333069196131306,-0.3256426525324683,-0.6945186171285737,-0.17534692158847753,0.17040128222415651,-0.9379020656586297,0.3408697773214526,-0.1098079316241692,-0.933686686614995,0.4256359977017284,0.3639637748764799,0.1864222118216447,-0.28463280205127306,-0.024691077851020943,-0.2445774515112819,0.4508154758990071,0.25627642165958,-0.8548929983532163,0.24631551309002497,0.3957104325276396,-0.32668671167040003,0.7430037440112037,0.6876221934592814,-0.6534052640415471,0.8165500958116462,-0.1709328457569373,0.403290072182114,0.5832750463275214,-0.0913090472457063,-0.1809827336075779
PEACE,0.18464952315990624,0.9394750153044548,-0.4850123855640744,0.8257557624438767,0.6586840516060773,0.503591290294771,0.5895189836754751,0.32106206848729585,-0.5154059506725172,-0.6394407663517389,0.7103326829668839,0.35403895831729076,-0.5342420262197698,0.2244274891486401,-0.07330862541000042,-0.5696882827624713,0.03943872065599938,-0.5852612003001936,-0.7803432890118113,-0.05586218039158896,0.13493994547525087,-0.8846438731903521,-0.14723034002017796,-0.5458667971967437,-0.9611018884799204,-0.6588248712359035,-0.7698926879841131,-0.6324336976746908,0.44438000927869536,-0.21442806275777693,-0.6985779054685813,-0.7253510051796579,-0.4910699226724163,0.602930761917584,-0.2956608489310268,-0.6229511083404444,-0.2688790431057259,0.13801560006225044,-0.9853471837150816,0.27022718646723115,-0.20625640303548667,-0.9999987453398054,0.379049946582287,0.4290973668568552,0.25030890764787844,-0.3396772642030646,0.06429843167843731,-0.2125965149375177,0.34068749865989223,0.14586018978608464,-0.9057149984654308,0.28475444325740606,0.3387141546099236,-0.21120617684119813,0.7965757257221979,0.6306995368836246,-0.6522337584385633,0.8516030191911758,-0.12969374956833082,0.40348437526299213,0.5620062578434338,0.06385373719311738,-0.14591853589452616
PEACE,0.11533188161285345,0.9363813348360758,-0.6537233763321451,0.9586845890351825,0.6013740974634056,0.4717987348743827,0.5550606494827984,0.29880989390501234,-0.5795478402586803,-0.5301480583676321,0.7592999254883381,0.4903902105973931,-0.5956180111845132,0.14878556494918277,-0.04686430457084217,-0.6648466130397693,0.149179177008394,-0.4501697251724352,-0.8357501137337664,0.020722604880922278,0.3004425521552026,-0.9078149758725126,-0.24345505084503744,-0.4350781052838207,-0.9569067167779,-0.7129581784438898,-0.739939377798661,-0.5378110658815101,0.5644123040291602,-0.09120539552774588,-0.7381705256245753,-0.8189958033045721,-0.4309225531172209,0.6437626429472278,-0.21420454333930944,-0.6469229043501775,-0.19900149350915808,0.11967597072045642,-0.8868850316467888,0.3141309932221605,-0.3788638661298314,-0.9999987469467924,0.3345778607034612,0.46774326642085967,0.25412560715642124,-0.27185300447362404,-0.00822663519631152,-0.20994273002255653,0.4586238030808738,0.07519466354450803,-0.6809582884396617,0.3614983192982942,0.3754763010893322,-0.3111292475171732,0.7424377746942151,0.6929548209486317,-0.6236451251712039,0.9045279058982115,-0.14837293900856474,0.4838476202570485,0.5487542939561499,-0.015663368096187968,-0.17868670889714192
PEACE,0.17197871553494223,0.842702525432994,-0.49645361216482586,0.9687577202710501,0.6852346768991275,0.4768330021000865,0.4357929939403794,0.3693577280034216,-0.5152645296322543,-0.6432655918137897,0.7030080895512507,0.47581375291929084,-0.5517631874420443,0.29083076972873695,-0.16347719588388385,-0.7052025827241933,0.19143281190891484,-0.42472085892729944,-0.8217694279035792,-0.12546504998715402,0.21273757229184048,-0.8453230414710675,-0.1417521811861852,-0.5029780882781524,-0.9200108737953029,-0.6469317770447643,-0.6577830152933676,-0.6861631585341411,0.44953069470132834,-0.10290311755227587,-0.6587028734052454,-0.8711663778320871,-0.40638685966225707,0.5820109149668555,-0.2656858781604955,-0.7172818681295908,-0.11158253320350606,0.1203802047599088,-0.9999987446918518,0.3139525552907537,-0.29003665667322637,-0.9040903531547931,0.4114598955405187,0.5138088998157246,0.24884142018599847,-0.348620853394595,0.06473480331253198,-0.23194267081900954,0.36197808922504576,0.13312182922842433,-0.8629491090152767,0.21396665728840011,0.4186196935584522,-0.26297622109548185,0.7354076242463468,0.6192501120557401,-0.7252570576597445,0.9334744998378712,-0.15812750036059436,0.4877196827705925,0.641069470234377,-0.16391757227923764,-0.09014914605569957
PEACE,0.1903925631566299,0.9343758415714506,-0.5223198956141732,0.8934842190569613,0.8068772089553465,0.45151660572670876,0.6031016682359177,0.18420567505404797,-0.564944062809357,-0.596767422288396,0.9413783637478909,0.4741248397754619,-0.61302516906721,0.2622935267565842,-0.18532604291846033,-0.5922135213669038,0.16596281110811845,-0.4739024902378453,-0.7899203853179001,0.010782713409877747,0.20658970981946745,-0.9874103289520162,-0.11292568082626345,-0.6061815295632846,-0.9297570027115905,-0.8502251582814923,-0.6985099413010986,-0.7073592364382382,0.699865569405496,-0.13728607398218526,-0.8238334931438099,-0.9099058391100192,-0.35438804602726653,0.5031672965343932,-0.38848765273847585,-0.808761763527529,-0.28888825809093027,0.22850834793733246,-0.9611173827684538,0.3258084243861445,-0.27829540838151196,-0.9999986066349383,0.27702402332426457,0.6227218061506482,0.23953641391012181,-0.37065379551773636,0.036088954861958775,-0.32633033451418497,0.5813821633974418,0.2412932489465359,-0.8476506963403548,0.23375960277881372,0.4300319659082747,-0.25195534393782043,0.8566339785831466,0.6838695570455091,-0.6492503786692173,0.909733061694752,-0.19834887090138192,0.3695718535425003,0.7425082689704695,0.18211652049341528,-0.2956715236124029
PEACE,0.12622217899896962,0.869648588875407,-0.4970223845801299,0.7675036247625444,0.5059405293341571,0.476248393916145,0.5975152286960423,0.20092625058598956,-0.5136671275138244,-0.5903248662902588,0.6309052958502539,0.3541847308308088,-0.5277912752029033,0.24217219711305862,-0.06758452752442005,-0.6217389507830029,0.0612271551949577,-0.4022884284646864,-0.8086447023154869,-0.0510301239900053,0.1308087290237304,-0.9012940295815209,-0.15711316551739918,-0.4758651659129972,-0.8412937380015776,-0.6331083265836583,-0.7110291264447463,-0.5719507615110977,0.4491961000507154,-0.022962838278523585,-0.7196271893724498,-0.756768059361853,-0.2916388644129584,0.5290694473577914,-0.31479678854382004,-0.5784522972036604,-0.13523955012569513,0.06465696808212694,-0.8860449648836463,0.20755191958699098,-0.20269866278323742,-0.9999988624576547,0.30617162129305187,0.4880237835475914,0.18353695549722066,-0.3208851471257082,-0.013437920424043077,-0.17056261450747515,0.4335795387368796,0.21925467785629207,-0.8321371915830778,0.28886668376188757,0.42233416878103924,-0.20634262318366597,0.7111661454164617,0.5974836956312339,-0.5786997225096031,0.806110285562999,-0.0889487099365454,0.3362412577063511,0.5457394977385058,0.07808528686460106,-0.1651708425242102
PEACE,0.13863905210799785,0.8713894255607842,-0.4016433300805316,0.9999987209378087,0.7046784922536791,0.5647827876236485,0.5641394846336503,0.1837649352218361,-0.5337388921523419,-0.6329815140832972,0.8412357322448292,0.535309758558065,-0.5524905019106519,0.14400967235927992,-0.21530034583624855,-0.6831836857539332,0.1214911277886219,-0.45220962952058746,-0.7038221028184188,-0.13684529636639542,0.10712924272526778,-0.969738641227489,-0.24528123057472953,-0.4622871434990846,-0.9874931184829651,-0.8650706178670113,-0.6816972009082926,-0.7615520928877881,0.5523543136747979,-0.2276069964586311,-0.7089922927245816,-0.8060937299763894,-0.29095153821809344,0.6683306680429729,-0.1851850979133844,-0.6775623994694504,-0.2587040148777787,0.12138795416511432,-0.9248185701685878,0.3062295542076346,-0.24488848273569716,-0.9720863393979283,0.29619452898607085,0.36793034496399135,0.19231266173513936,-0.3219148230407891,-0.014739978241089456,-0.2580954231446382,0.4683165927836888,0.10523076677811886,-0.8881002296565567,0.2974219390864316,0.39897250749327784,-0.2965391093439479,0.8193675632481583,0.739739968394056,-0.5918741740426952,0.8221121037665051,-0.1538010200267888,0.4142471130720137,0.6624347340599775,-0.013657717906110712,-0.24288800837562471
PEACE,0.09921904406249647,0.8366503040149007,-0.4506840762630142,0.7787280605011925,0.623562038807772,0.499987660028525,0.5330804883175666,0.32829532844937587,-0.5065998816484563,-0.7127708795220562,0.7093103423390462,0.4505142511407801,-0.5411102575888137,0.21236238848011454,-0.1667677381851934,-0.7450392071346736,0.022678983062038745,-0.46799936411074516,-0.8713291453993773,-0.11097757278223301,0.21963887975323945,-0.7966529810002536,-0.14739398049514507,-0.39979365106037223,-0.8707030378358052,-0.6909593296755057,-0.7370226996380917,-0.6203762900507456,0.5757626300624805,-0.13361883979376385,-0.6958824259236804,-0.7486916011615795,-0.3746009960739246,0.5811687383160653,-0.26544056489860124,-0.6478212986670108,-0.1488395114193137,0.01555880620093496,-0.9999987601293624,0.32186100565707587,-0.2118719136084617,-0.998892392667229,0.32862531292687197,0.40498508571994996,0.2901800069009063,-0.38226758066146066,0.060265962874881965,-0.2085980476396109,0.42255803569211225,0.1796219163238924,-0.7976411496593884,0.2483645449207957,0.31305658175088474,-0.10418172833411464,0.7268047474990174,0.6690344988337733,-0.6023806808807136,0.9009278934583256,-0.15105419789994534,0.3819529129795961,0.5460979767100173,0.10890426656262824,-0.2645167869777838
PEACE,0.11900808468137485,0.7773407475350799,-0.5250445322427258,0.8055721168245241,0.5191839456684868,0.3943166266669421,0.6586262276086153,0.22365461106015624,-0.42734751282551436,-0.5364829832455735,0.6843043553904647,0.3983063906838396,-0.5257095720474183,0.22677175867470484,-0.13232153668940724,-0.6355002035381343,0.01843512170904286,-0.4217466835336145,-0.7804789305840134,-0.13696650338185398,0.031342604156539125,-0.9089890984782406,-0.07824691865262384,-0.4748358144805086,-0.8386369054847386,-0.830395542456358,-0.7394822213186544,-0.677265201250088,0.5596981430840764,0.028597615434441725,-0.6378449469522952,-0.6532640961194414,-0.3956921015202158,0.6418697709164856,-0.13330542609108584,-0.6472447604664293,-0.21241148212618363,0.02662300558057011,-0.9045323875393055,0.2453186371427247,-0.07806409300078025,-0.9999988224048756,0.3311469711693742,0.29334461069738144,0.2176260796098045,-0.27949264537981705,0.08596082196298037,-0.17793052079522498,0.40140092663076543,0.1916528940250024,-0.7852610105530762,0.20791192973793546,0.24376055949353673,-0.27580561639680934,0.7001114816773947,0.7201224495139362,-0.6179591104214733,0.7501253173125133,-0.08870570802647484,0.405680160045659,0.6395310816899937,0.12617526032872214,-0.06111438580600258
PEACE,0.12804347950428208,0.8662141298617331,-0.35146711075549486,0.8249041309287044,0.6226540904042098,0.3731534584396567,0.5292281486469412,0.2702954897887601,-0.5315330146353197,-0.6005478287115192,0.6055903266590165,0.5495892810963482,-0.47226713832271267,0.23099404271416474,-0.06987544862716102,-0.6281712696111342,0.14343501146735124,-0.4481451372912427,-0.7272729359294329,0.0011983285623652952,0.24458200796998436,-0.9999988065676314,-0.22271276914300273,-0.5235581348085402,-0.887292668409143,-0.8350940740566738,-0.8113269386600137,-0.4760559391927333,0.6161555072969649,-0.1083189667789838,-0.652185464727257,-0.7544972601746471,-0.326317507256672,0.5313192176406282,-0.24767719882882616,-0.6358526030239351,-0.24555707273773444,0.18181661034695087,-0.9248493914142624,0.3044421695208152,-0.19344722249510216,-0.8386957653138848,0.26989960398312296,0.340823133035775,0.19197419671281207,-0.2938789904544151,0.1485121396997418,-0.12040895916051839,0.24524598165851572,0.17449610983058406,-0.9902733004232017,0.32067680840135104,0.4242531935399119,-0.24929456553500312,0.7225711800448307,0.6593772462184218,-0.6670757744587092,0.7977037797668026,-0.12671221114501538,0.4827601365362859,0.5929853528680624,-0.04161651620831939,-0.2843115489530124
PEACE,0.011539763766552604,0.96793159260503,-0.495254802567095,0.8942450736950263,0.7209340556193512,0.4264734409258556,0.5343485391439514,0.20252378558283762,-0.5098337917040298,-0.5028737342896603,0.8302752761596985,0.4889237097326584,-0.4828452517593028,0.21897646910599983,-0.08618108268826138,-0.7013050352268538,-0.016928272044423806,-0.3616014511359104,-0.7740275831846062,-0.06493258704120124,0.1800040277281308,-0.9999987504084398,-0.25682276475290355,-0.4635150832711585,-0.9714508331635193,-0.762032888797044,-0.7282346566011032,-0.6766846215926399,0.5460817563181096,-0.2217161491310778,-0.7147517850800565,-0.7604944577120785,-0.506680603482826,0.5943337851899851,-0.2534260163370105,-0.7418115870969241,-0.10285015622071925,0.08648763477599591,-0.9468508768348237,0.24512413814335202,-0.32036718059200886,-0.9172014500118763,0.28796475109119646,0.409858773019265,0.29493698698613025,-0.22475963603356328,-0.008283352001217199,-0.2535069508881412,0.48748528590295503,0.19607839999718024,-0.7941939732190783,0.22041933698079844,0.35066161626590636,-0.26899742915262514,0.6977250820935637,0.5811781449701825,-0.6813504068359058,0.8928837826406807,-0.11451948372624787,0.5332182003754715,0.6391739015428716,-0.037557115091204275,-0.12190508719679706
PEACE,0.1344692139776764,0.9004685903401387,-0.5077164521433956,0.8928255483127655,0.6437367493091435,0.4566410130579046,0.497946599162256,0.19789537536814808,-0.45068032900984434,-0.5769636479351868,0.7329215409087622,0.48865604983084926,-0.5843570052916963,0.15033754595678106,-0.10205535111468311,-0.669214327632482,0.10736150643503907,-0.47968666652851816,-0.7076937776260958,0.017619939002590835,0.17150129734797248,-0.8586581781619114,-0.23197143822015098,-0.4934596842506477,-0.9174904360241198,-0.6265783909998536,-0.6912186092765463,-0.682144478049698,0.5925358795738925,-0.06601107253847889,-0.6731323921535685,-0.673288444260745,-0.33829483141145544,0.504752544029241,-0.2907370958068109,-0.6337862710908486,-0.2815639118247527,0.12526541933238503,-0.9999988105793177,0.303776323624158,-0.1456744300053258,-0.9030076249882311,0.2907290507796539,0.4143113322059074,0.21466044465542286,-0.36212200000320677,0.03619480394432521,-0.17322055950716295,0.3844034916038703,0.24533442279154227,-0.7503250927530264,0.3114905240833106,0.2606438623268975,-0.26302187354235895,0.6518484800043683,0.6418980182248364,-0.6594116956157233,0.7468917764565425,-0.049415753720661655,0.45407554791147586,0.657643698655854,-0.08546496880675994,-0.1885685690131317
PEACE,0.18257092156495355,0.9496914309305985,-0.5459307364534808,0.8247744710159053,0.6532613571243261,0.4357007158264979,0.5006713519245751,0.11040970417329145,-0.5532672734007166,-0.7038375292618482,0.7133021245879165,0.4904598674586413,-0.6319935142575783,0.2385900973372538,-0.05044847511482832,-0.6614973270086351,-0.03579815201333277,-0.39990939714190293,-0.7855592741044676,-0.07349169068755348,0.14147127226749007,-0.8725847566219868,-0.1588220718705447,-0.32477282671006147,-0.9025327511227036,-0.6337626066694623,-0.6776875581943147,-0.6204363934269186,0.5967680497255946,-0.19120039333283076,-0.6652296188745231,-0.8950078206126105,-0.443707180906629,0.5840360684720541,-0.19031074448615104,-0.572309767480951,-0.20009032063895738,0.11659041561122156,-0.8518019064089216,0.1668036955791536,-0.1787300794722008,-0.9999987891032512,0.32649625310906755,0.383695707704811,0.275977376736836,-0.2729318504401652,0.11130768811893268,-0.19754294534865183,0.39908427082594233,0.2741827308224213,-0.9025290214842753,0.3798948623842548,0.34521499908594566,-0.21594155628136746,0.708343436170229,0.6220326785066986,-0.6000050327601631,0.8463351027139108,-0.08591773524447824,0.40067805085828345,0.8271910736902574,0.08247243053804265,-0.13897435562540789
PEACE,0.09861518684601461,0.7882187230032274,-0.4506088068862392,0.8755139431917421,0.5097015087768271,0.367548679607393,0.5652091459664285,0.2147461758831135,-0.5210338563475291,-0.641271043957027,0.7653374120921081,0.43971963735527736,-0.6129875609337098,0.1389478659083685,-0.11863294034959963,-0.5925872406624897,0.0938838328412125,-0.34075799766048254,-0.8380117096661166,-0.04846956498500735,0.2506023227147495,-0.7656497035421705,-0.1613226916389766,-0.314420031458441,-0.8379743841529113,-0.6359609581623638,-0.669131679107428,-0.6355508405058069,0.5136554346876722,-0.10203735084198616,-0.6690323109783534,-0.8466499965814253,-0.43566253253836484,0.5360570149479453,-0.2099315728069925,-0.6338271364857342,-0.1826196278517764,0.0455368922145347,-0.8740432521754542,0.3142361884931568,-0.18615847503268582,-0.9999988369459637,0.25080899582735316,0.42946893888485227,0.22671166684422397,-0.2984869593807646,0.01945912425299602,-0.18071191628616612,0.3558350827961971,0.1446811736859805,-0.8277253058964491,0.31987970394978194,0.3355699603761537,-0.20525867739917744,0.6298840966052915,0.7391407569751142,-0.5301954652301785,0.6412338044990469,-0.15666463404249417,0.44414842889757,0.5077530797634114,0.0018610837158983503,-0.16295004363422444
PEACE,0.12482020326834173,0.9855718003323045,-0.5465606216536621,0.7854578360863623,0.7190150093187546,0.5601015437955389,0.7823536717170682,0.0781058904123623,-0.49810666989886526,-0.7971763162959837,0.9026136375467835,0.5150963690445275,-0.678287916035124,0.29886705870849567,-0.14943034939046074,-0.7113155342312429,0.08205487906733411,-0.3513662619720143,-0.7436344893656567,-0.1107958983018835,0.2639374260635289,-0.9471258900734096,-0.3043917142578393,-0.5659019943750543,-0.8492858750127283,-0.7781657627586808,-0.7065283203468555,-0.6937345623154221,0.6139202579543267,-0.1278308495572298,-0.774041436975908,-0.956473518388374,-0.5001572729388185,0.6859878711215484,-0.3159267476791172,-0.7270490843096913,-0.18972839678241912,0.13948391402123783,-0.931227175807624,0.1999389966637293,-0.18659215066200727,-0.9999986607529268,0.43862434524610316,0.36049094291760553,0.29314059020403327,-0.22379870508074795,0.05679979939850058,-0.20942199564714217,0.482148429703683,0.11042735727860002,-0.7733216804613007,0.3400679554857803,0.43600072860451783,-0.38835202697615134,0.8584366014674845,0.7689199816522592,-0.5872919773399159,0.8454169013405266,-0.19283433183683774,0.4337653790283592,0.6392310644951419,-0.0639657243118462,-0.1298117400348169
PEACE,0.21580238934923673,0.8937494589561057,-0.5024672353744922,0.7770987767557174,0.667991811899366,0.577911892542711,0.5459935930829889,0.2081555926175219,-0.4956611006309655,-0.5248437923177643,0.7620253700174385,0.4729552449030157,-0.5751057316650733,0.1443145289706655,-0.19975005083953085,-0.7497748533987219,0.12989319954221834,-0.4682802889453995,-0.8596275104309969,-0.10255029318966202,0.1754956237777248,-0.8178978525557028,-0.20990762762806167,-0.5458952983624636,-0.9583196041666832,-0.6534366075780303,-0.7703999630578023,-0.7240814578420712,0.588460303628283,-0.11552399761305297,-0.6778064648926455,-0.7531356813781114,-0.480096450112355,0.5487417188310486,-0.2978733425778882,-0.6518436605307936,-0.2766375280720396,0.07430894363197223,-0.999998721723718,0.3212491410734438,-0.18078119102355752,-0.9449691694889882,0.44120592617676496,0.4148488600588076,0.18761689718917884,-0.3987708551296661,-0.056931372754771656,-0.26011134244150746,0.3857628661374617,0.22127725357305925,-0.8542409861340431,0.2613222014909078,0.3755339575915385,-0.33085009543488136,0.8341105264184439,0.6513165215274986,-0.737220440373781,0.8790964099921824,-0.08423328773144563,0.3474548916639005,0.697050822355478,-0.0369418755185552,-0.23027140371663601
PEACE,0.142234291701131,0.9393777348030313,-0.44680935534343696,0.8858197813379013,0.593602593208707,0.4962674521708722,0.5764653002209291,0.32947098233556055,-0.4836839729621071,-0.6908565022893172,0.7153968202376609,0.4613939106402468,-0.5011787880729828,0.324072217484194,-0.13198337628395887,-0.7542887725413062,-0.0026763871198841748,-0.4287141840587338,-0.6753865085672945,-0.032969030255911226,0.08203834549760317,-0.968572707989135,-0.23900662204743756,-0.5456338512970391,-0.9801558809995724,-0.7385584365103436,-0.6914512680864653,-0.5761344772863176,0.6509499195173762,-0.24749725454553737,-0.7857083226861605,-0.8237538777860011,-0.4019736348716957,0.6614868525027128,-0.2731789172087085,-0.689138874114935,-0.18006768732099188,0.09637684580804691,-0.9521226851087488,0.3314694484193837,-0.21888706460956453,-0.9999987276548131,0.351859132249632,0.5149294306251897,0.19179457988943305,-0.20881641045268926,-0.014570039798746033,-0.27133865917918804,0.4557943560212141,0.2356944806835192,-0.9406401763640123,0.22178834228298847,0.3988466304913772,-0.1140727968603106,0.8442905900168107,0.6825090070742076,-0.8151788614754001,0.8281799538658848,-0.09732087594024766,0.43115285368395717,0.5853029752695006,0.02053328058917747,-0.26534753361545216
PEACE,0.24665910865448326,0.9873511944357624,-0.42843574042464816,0.8846626676424644,0.572130487803158,0.4634642154203039,0.6805656439513644,0.26685409654431635,-0.5023340510146216,-0.5669010069651558,0.7717378721328122,0.4781155147797689,-0.5156163385807537,0.2641970280710266,-0.05157869056820014,-0.6769487849131999,0.04814040222617209,-0.4742666497455791,-0.8547055645908046,-0.16748173990017018,0.1240170108583149,-0.9712255117666508,-0.22899364893360813,-0.38953660955026276,-0.9546751793898176,-0.738304169426813,-0.7094033690679684,-0.5384846122047341,0.5744689767181841,-0.13579566596645617,-0.717068850858249,-0.733078791510727,-0.32218078414943535,0.6297352443036482,-0.1952770906945829,-0.6734246587031822,-0.20386408837844228,0.18548412442690973,-0.9162375078681287,0.21066534686857646,-0.14841245035153136,-0.9999987419235127,0.3292157979438664,0.4836932147035227,0.2537566123856563,-0.2937152230974182,0.10123080462850481,-0.2763928926320553,0.4280445427964084,0.25312744655463115,-0.9019713641579071,0.31633721543579385,0.32471970184893784,-0.19601665376435737,0.8200803395357259,0.6681730411285415,-0.5148704810384812,0.8833676637449981,-0.07455078995199874,0.4913165967491956,0.6941456601676085,-0.05233880832769693,-0.1908584021043227
PEACE,0.14875463716397816,0.842836636901671,-0.4284170949960959,0.930084665161957,0.5709132799560441,0.4486084392276095,0.5113091434348955,0.09704796058869639,-0.4532768128285711,-0.6093369354757474,0.7199638038246344,0.38031585183902955,-0.5727024247340478,0.29235156595783557,-0.10261895664946445,-0.6663416752063372,0.07504892281164048,-0.5032661933201291,-0.7520618129442845,-0.1414501491549832,0.11889952199703846,-0.9510337752082111,-0.2023553967789269,-0.49589560351151507,-0.9187497394268342,-0.7880760129955078,-0.645028774178373,-0.5697070886293444,0.5831804327930252,-0.1476949356217201,-0.7262089541420746,-0.8013239698107533,-0.48114702773634394,0.5246206211556612,-0.21268692241247375,-0.6472344716057374,-0.08771362058970494,0.08996253793480553,-0.9428747221501408,0.2248881179956865,-0.2248454031112178,-0.9999987766645839,0.3569355703353269,0.41749430821282907,0.22099301867323948,-0.23286704201947986,0.17395451926652072,-0.14951459866210867,0.4268229119453102,0.21018955728231115,-0.7050089856057821,0.32658854543613935,0.3306946846719121,-0.22908531893694653,0.7738446269731761,0.6105509300553966,-0.6532367710652646,0.8585926827611273,-0.22726983740363998,0.3614687228012615,0.6040033384773592,0.031640167964726684,-0.2805334661491765
PEACE,0.11933908373063219,0.9520706279919311,-0.4594947971775332,0.9259849052795537,0.5689719923238706,0.408484161614584,0.6227033786434513,0.23240207727692092,-0.5821146632525814,-0.6666818635274971,0.8250478229819419,0.38993186779660927,-0.5118326435468699,0.1989924866675867,-0.10441939004771884,-0.6599411582801765,-0.06715582705719002,-0.5249323264598635,-0.7968796543195454,-0.11062570587011172,0.240920351297797,-0.9999987581601104,-0.15943839298603601,-0.5669644719625364,-0.9544338111388561,-0.809876823158467,-0.5990931829392825,-0.7132827939151455,0.5952152617797904,-0.22744896273363652,-0.6018998086418966,-0.7692710471659614,-0.3929760251536052,0.6836831250393283,-0.2601569145329598,-0.6621312158348415,-0.18233667497648998,0.14489813653520334,-0.9652664684175271,0.2403115626666796,-0.1581136175942746,-0.9569245043783846,0.33841483469841055,0.33504107206418277,0.3490143520757456,-0.35514678274432665,0.12012271108547594,-0.21329840404017644,0.3183111848531476,0.24382541682907705,-0.8151367312880385,0.36723311818299315,0.3607060908227984,-0.2131915585154773,0.6372264127119949,0.6504908530379415,-0.7244685639114998,0.7799833678859713,-0.08818754432222331,0.4070384068128124,0.6777307864350555,-0.043030694067704996,-0.14551267142701726
PEACE,0.19423903020375263,0.8786822174782001,-0.4518666341610427,0.6852589067755644,0.5978753784311136,0.420075367588544,0.47432901362163693,0.16293909395583328,-0.3906744632275768,-0.6404330047458626,0.7050768498473436,0.4292736376116675,-0.5514455564656718,0.25028099427342754,-0.002675859097164651,-0.6488482401557664,0.04489401341355047,-0.36836817207436723,-0.6941293176850338,-0.06853656973283684,0.14910372571408032,-0.9668025209498091,-0.22619401493126828,-0.514389663283384,-0.8290352501497663,-0.7068966913877884,-0.6844121174346951,-0.5874320465669527,0.5111379387837998,-0.022151460242859126,-0.5780613165137439,-0.6461522283161667,-0.33442866496276114,0.5498358924475454,-0.15745827887822694,-0.6688154071250271,-0.22783942691987613,0.06757747693534515,-0.8403638460276908,0.19215199969289848,-0.20312419962667633,-0.9999988433053045,0.3496432684344015,0.30532697141827686,0.1845339926004777,-0.22214702767344893,0.12305344105688701,-0.1871902341165762,0.3872358758274588,0.12397490252446394,-0.8186698730305555,0.2438747430679316,0.2589825013097302,-0.22469266767666418,0.6982952062599056,0.5808364441231164,-0.5104487511946135,0.7832810047494965,-0.06941569555146601,0.3859108827139335,0.5812260221697814,0.04574554851334534,-0.17789707473059108
PEACE,0.22282361007656518,0.85302589563913,-0.48667068292693955,0.8916379422911891,0.5182509603652719,0.507390654502412,0.48091486487931195,0.24488976372949423,-0.5394230052644003,-0.5773793792999691,0.7709072963322905,0.44909930484089067,-0.6333807904881021,0.17006063254660786,-0.14692531650097285,-0.7823682746327998,0.13103957003027744,-0.42000927508725966,-0.8579109801764158,0.02431330099070368,0.13319050871863972,-0.8696737073298412,-0.24160089967187406,-0.5965144333369183,-0.9999987792701757,-0.7585181062953971,-0.6501979395137559,-0.5982486140182807,0.6011049081048448,-0.24086756645744103,-0.6117786454309058,-0.7670344374897365,-0.4019450088535648,0.651193424050572,-0.18858982680386815,-0.593805359463012,-0.20235847174840615,0.046784059886384066,-0.8584406020075601,0.16598771262692433,-0.08603210412181811,-0.9558786000828954,0.27488250811899834,0.3396397394797531,0.17366520029700622,-0.30016953698829485,0.057433080495492075,-0.2958362785845729,0.3700910765618715,0.07975214551220669,-0.7808475563624587,0.27615353728013065,0.3426116653840032,-0.33116208619817905,0.7156522119144705,0.6446510302966046,-0.6150613365114233,0.7997940949038138,-0.06714160582611181,0.4074437466872998,0.499931144285347,0.07047824745298643,-0.2542029751731648
PEACE,0.0588209757079334,0.8828565080639112,-0.4475758880931143,0.839566959503151,0.5756160653066527,0.43701986144072436,0.6617759537687358,0.21052417409988688,-0.5719069766720717,-0.680359171323282,0.7164630712956809,0.46479490793893713,-0.5429338129963438,0.23776759139256848,-0.15740558586306863,-0.7086523340634961,0.10950100058367404,-0.5082098504396584,-0.835991787359371,-0.02872034616772255,0.2347454161323321,-0.9175534177935046,-0.2213482384884529,-0.5668816361769556,-0.9051646807313849,-0.6657498213587699,-0.5611869466497835,-0.6096395225801334,0.6031209787840958,-0.17837010709710013,-0.822637078063422,-0.7877528883942938,-0.2570293292047381,0.67494852549619,-0.20114356426875954,-0.6643548047796729,-0.1691700443144748,-0.04083034514699483,-0.8925026140296425,0.21890996509609006,-0.25346557852073126,-0.9999987509406157,0.32522110652222636,0.37963715733391606,0.25835202723077055,-0.350767765637001,0.06543061972978313,-0.3183934320064723,0.38757298421347636,0.098567670810493,-0.8758328007126374,0.29492744627042244,0.27402062397328036,-0.3097628300691564,0.7865395250650349,0.597255325893793,-0.5381450008337777,0.8831430551362206,-0.1490509555793701,0.3979989829452693,0.6403330491331758,-0.08018116775050577,-0.3266840291130817
PEACE,0.10018779432013028,0.885337441343439,-0.46484063147207827,0.8420881961079882,0.6952285155573493,0.3714886170732995,0.506892849798662,0.24332595987425829,-0.5894358254198574,-0.7019762621893344,0.7467177054211831,0.3877178505878899,-0.5868804503639129,0.18803849875293474,-0.1601173109450178,-0.8210384487441675,0.07305574293654324,-0.5193100659113936,-0.8250152773058632,-0.09892793967969422,0.16873967960805852,-0.923363346779557,-0.185282189843027,-0.5346902728393484,-0.8683860537394479,-0.8715197137204435,-0.7423820608972408,-0.5869589720058509,0.6419914910619023,-0.18349783029903613,-0.7628047854617135,-0.8696974747549333,-0.3697997877553091,0.5544826138738425,-0.2573147254344191,-0.6693563014663128,-0.04411674113189179,0.13131362565672863,-0.9999987393212741,0.16542546716878473,-0.22897888088848342,-0.9964315038818642,0.21140077226971427,0.38340708039244203,0.2786242300034097,-0.35239681239702264,0.12077170552245102,-0.3258419476588604,0.4473378640056296,0.2261944880423737,-0.7832553985937886,0.189929915848419,0.3975034778772174,-0.3029590208145368,0.6693575301370118,0.6658017278838855,-0.7122613694992154,0.8734784218369652,-0.0869251073070358,0.3786791719990838,0.5879101430928764,-0.01368466450461262,-0.20808404306394673
PEACE,0.19344275260136196,0.9415413249641649,-0.4696540850721229,0.8682918807765103,0.5054058437137596,0.54963136311538,0.5529330145913497,0.3120549084820297,-0.5061149396751514,-0.5008942132656822,0.780652876039907,0.3654945585383983,-0.6199938862242282,0.22248715969797617,-0.16160408910202143,-0.7154898926751231,-0.0220034496511166,-0.442312609627991,-0.803037301101727,-0.13052476039287825,0.3054247318428257,-0.9140136290478694,-0.25008838270251893,-0.5941908432602389,-0.9471764070608707,-0.7749568308636766,-0.6817906431978313,-0.651621811556707,0.5391052752666069,-0.01681336253552608,-0.6874738237199223,-0.8259473278579803,-0.39897828715408346,0.6338388231771905,-0.3650956748957195,-0.6791138623480474,-0.22277543741904976,0.14419024651566248,-0.9999987336568963,0.2203333027957203,-0.10725323340414109,-0.9154305592402393,0.14366026720560854,0.5035718661238534,0.25638516758056124,-0.36511299973095046,-0.003787594587242384,-0.2887307251876005,0.36343790137300663,0.09797907919346338,-0.933106690016429,0.22405495355223384,0.3998492984969941,-0.2588050773322208,0.7965932207002206,0.6907958309540485,-0.740896229650152,0.8504103555752316,-0.18341545033526901,0.49429190541243107,0.5625845881031453,-0.03317053757626016,-0.2273167917949231
PEACE,0.1624511528165035,0.8563782427954725,-0.4443645527919049,0.9461138743648144,0.47238020284294624,0.3788246654763242,0.4831275730134351,0.09562432840621633,-0.5314661627437628,-0.551715101725868,0.664039174324567,0.4099185208346116,-0.650243255954598,0.17219261228726196,-0.12767483494154716,-0.6132937716980119,-0.03910335232626909,-0.4442167012894565,-0.7059226132770843,-0.08962710132499921,0.04580999533182414,-0.7886315767898621,-0.1430613409793762,-0.4107515156311874,-0.9999988068950545,-0.6243722610473461,-0.7352021845185147,-0.6357735908688544,0.5372137037339689,-0.059018313614568135,-0.6844274319274487,-0.7342818843787311,-0.38119728648146184,0.5632323085042934,-0.3152224386252585,-0.5411413314368968,-0.27033824156043174,0.13018110083210427,-0.8755391569887183,0.3125275129822877,-0.11744244245278192,-0.9441135237431776,0.36359008644621293,0.5107251589824062,0.2420628861086562,-0.3653684952535818,0.03357917614337652,-0.2932412978584,0.40516126929541824,0.22305229198109047,-0.8055528329661378,0.1764622385994201,0.4183789582180419,-0.3527909421961349,0.6251386833998696,0.6441645764389106,-0.6050763718015311,0.7969206900935025,-0.11681831691051263,0.532126753415102,0.6034887413225686,0.07148282923801884,-0.14566519109292814
PEACE,0.04752587330524064,0.880851183691855,-0.33609791306203957,0.8468956359346055,0.5709526027146211,0.4752781411777804,0.5477182968018416,0.16220909357589086,-0.5452909968998105,-0.5346921748100621,0.7284804311776183,0.369473379525854,-0.672076077921874,0.3703163214350246,-0.1195772100565651,-0.659453855701214,0.015595976000432119,-0.41939662039175774,-0.7205929263452376,-0.10748967650913037,0.21012955911429881,-0.9999987425149098,-0.06980085337034457,-0.47069443969297814,-0.9702739200104126,-0.7718866334931301,-0.7583229313134678,-0.6669027675749907,0.4565040039310951,-0.12790044354755345,-0.7188493322634212,-0.7734687374368329,-0.43943124979802156,0.5511217807805345,-0.2731923963603347,-0.7856548410750035,-0.183898329346998,-0.005774964207639159,-0.8759947633842435,0.2998352228406274,-0.26928802899055176,-0.9448512836310264,0.356872696122737,0.36387809000292043,0.13203575065831372,-0.29813697361335195,0.009624381126680289,-0.15819060791312836,0.404528495641269,0.12417560032102866,-0.7283724363898773,0.32414446900732713,0.14690838313104818,-0.2907256479581855,0.6690484630709101,0.639849999970208,-0.6626571464297611,0.835634704605747,-0.10253020182516509,0.5179494295095779,0.6719813333819237,0.046422853929393625,-0.19033581137437963
PEACE,0.2139922496568938,0.8893898483389894,-0.49778880716030743,0.7742491930727461,0.6936193600109172,0.4690797306178547,0.7771364173772014,0.19041590238992978,-0.5197092708018083,-0.602391643641832,0.6813899533831361,0.48520341517061794,-0.5865547373997131,0.2167983344389766,-0.03245647480177711,-0.7587450898595194,0.0830374764615022,-0.3552075504044676,-0.8742254566813851,-0.08687976071136522,0.3354512985237508,-0.8997458583092373,-0.23347409396239435,-0.4460167053820101,-0.9999987169037058,-0.8688944837195267,-0.6530025383991916,-0.7218111659361568,0.7801093894008351,-0.15561344689943699,-0.5876570483895465,-0.9083788075933168,-0.3490286067549015,0.6438720186890814,-0.224512253036151,-0.6361117812435487,-0.22877782277902062,0.02958345252128924,-0.9690086826536599,0.2763512207012903,-0.2456244403474979,-0.9887038368566783,0.378134014285304,0.37763948292680644,0.28984147777496916,-0.3416529410958811,0.01587026071415784,-0.1811461404365344,0.3620194703763635,0.14228885894072382,-0.853924802674041,0.3819332102033191,0.39675989168182824,-0.2315502445509913,0.7523757469675357,0.6991572287619439,-0.6700039169032492,0.848757170856963,-0.14037405043548248,0.5453152045432687,0.6208863181460026,-0.09903217304475118,-0.03117547635479594
PEACE,0.11111029627873055,0.9999987090650959,-0.3914170590733751,0.962988251816856,0.6169028111656187,0.49541528171107524,0.5102638637385963,0.3462125556495531,-0.5835829801431505,-0.6577353329161186,0.7630659696941626,0.4580896144571102,-0.6347743951231957,0.3277249166873508,-0.04700508998929171,-0.6842592298126478,0.04001087775747473,-0.3825758635177665,-0.8639360230322928,0.03311618487103153,0.19329778817300294,-0.85648453254167,-0.2095737510233024,-0.495931063942763,-0.8903423144155171,-0.6315817211876563,-0.644856846284962,-0.5984057385343428,0.6646614413143183,-0.15770118640738792,-0.7098862982493834,-0.8845193076659487,-0.3930976295992249,0.6439536539377009,-0.406523792836743,-0.6999801385474232,-0.17126880435732622,0.10884259301823813,-0.9485310276352252,0.17703980693610635,-0.2667484745875119,-0.94585727862784,0.3592047304246946,0.4606238611014656,0.23084188601953015,-0.3252342032485545,-0.08743869053468244,-0.17846797225978622,0.5310795306535298,0.1038911111275685,-0.924487575489501,0.32401651261335246,0.4818742781361379,-0.26719948390794873,0.696835492670975,0.6950291615918753,-0.7374209592408973,0.7918385297978909,-0.14175273444618655,0.40216910075675977,0.5985547807082013,0.015370611606052428,-0.19452466337055024
PEACE,0.033707874584326135,0.7863884059144255,-0.42356304078160983,0.7927787068764496,0.5684320625003774,0.3692477550277357,0.5284007784463731,0.13685582237280078,-0.3704135957966866,-0.579185372129975,0.6515007932751173,0.3785696669919204,-0.5500008629119499,0.24730846179495322,-0.12369160141343995,-0.6810355253138083,-0.10048929868624791,-0.42440588894825143,-0.6228311855019434,0.010812097263226099,0.1167982648868841,-0.8024449056479216,-0.1941145298518194,-0.4903247458172895,-0.8614982299103053,-0.5933396392475127,-0.5960032330113939,-0.5327675530611945,0.45173242761106175,-0.0990310541462183,-0.733583556136656,-0.6445960163426733,-0.33489477868195905,0.44193097642089374,-0.14679443726711855,-0.6840752824249379,-0.13692760914762012,0.12544487397682708,-0.879030502805612,0.21832482574636786,-0.26941240567191527,-0.9999989209700273,0.2425974746398776,0.3334083596379155,0.2571937761124508,-0.26926248557715354,0.056158157524369444,-0.24954591445920893,0.31776807188478007,0.09412590749009146,-0.7880912487412093,0.21501260732755648,0.3272774326247382,-0.2541206623364203,0.6313211397314805,0.6296881273902012,-0.5878245423009562,0.6259752432309013,-0.07168161149365479,0.4006351174710814,0.5600038082383866,0.04259126238587969,-0.149558755834417
PEACE,0.12536954677241427,0.9999987930671966,-0.5282652119901083,0.8078970648091125,0.6470861395568427,0.45448237640835903,0.5997111296853698,0.21382974403018873,-0.4112854723733774,-0.6604138273882608,0.7884521377065548,0.5054307125077373,-0.6268659360486272,0.2603144725030218,-0.10388991087184445,-0.6957736230181462,-0.052452798168725334,-0.4829060476044502,-0.736957749213508,-0.014693995152463033,0.1612922782584887,-0.8256633175956298,-0.13202468608503942,-0.4586452435663975,-0.9499475245421235,-0.6962641035710821,-0.6676705324357616,-0.571728876737692,0.6380743281445388,-0.19904885721144516,-0.7122821049629117,-0.886438942675091,-0.345116960599321,0.562683246117949,-0.23574238739722242,-0.7458219061832548,-0.10061603406259967,0.034737376824242466,-0.8616741549267837,0.2536060200912911,-0.214002382693858,-0.963067933010846,0.29729155275213237,0.4883009046363955,0.24956268966913353,-0.3818406239309187,0.03399900306502227,-0.21016407661565983,0.4415986477569123,0.12491430084460624,-0.8400375969352382,0.27774094511648606,0.4142829482078001,-0.33228578481490767,0.7561735517654493,0.6343878284703408,-0.6468619009390881,0.9014640016315248,-0.12603717667694303,0.4776245049751067,0.6499344044526605,-0.06133792062149287,-0.30620683396990245
PEACE,0.19076419496398464,0.8705416062000544,-0.6071138206435243,0.9971268841457885,0.5807233941717368,0.43980011393528534,0.7414691052860579,0.11392805299108415,-0.6278980222459066,-0.691057478911857,0.7633024128133886,0.4195004140359987,-0.6870862316179944,0.34519985536205516,-0.09409613395082317,-0.687202413275621,0.058643783543681605,-0.44550639013166615,-0.7968464927947557,-0.13651385067595204,0.20928168703374822,-0.9175416351542311,-0.10557679109873314,-0.3860114574005254,-0.9937456972591765,-0.7205920327250673,-0.9453360229402921,-0.571395892279607,0.5970853830392413,-0.1447383345265948,-0.7213886807169597,-0.8604393370997726,-0.416757441054044,0.7394727356074493,-0.3138587428747395,-0.7957112394318897,-0.0834131727071346,0.1526737926267204,-0.8728785218280847,0.328925983992699,-0.3111243480098572,-0.9999986705139621,0.30448638408402934,0.45228025764943397,0.2690320579036136,-0.44377558206597284,0.008943774349174113,-0.09344732036365438,0.44260403421431094,0.16611727456324415,-0.769076970952472,0.2780459548052761,0.39221226745684307,-0.20917650479204544,0.7727244859955437,0.6800280279146002,-0.8407953981510735,0.7976931887621351,-0.18866150447251306,0.48649587305053227,0.6275603494518259,0.15432783511594983,-0.28493324537703046
PEACE,0.21209643494854627,0.8853754825090725,-0.40963793473482335,0.9051027369544977,0.46344873274621406,0.45359883894439484,0.5483246592742165,0.13777095033720085,-0.47528905663755794,-0.505406203503404,0.5564596044877297,0.4101229319663839,-0.6409011875283629,0.2308721858691502,-0.12322973696952715,-0.7088748586956628,0.10507857285914504,-0.3292798193266045,-0.6307950724522184,-0.11049129066527108,0.06533679595047182,-0.8571272175691843,-0.09361804784694455,-0.42679456739911786,-0.8247253495357837,-0.7504143596749843,-0.7477209659726524,-0.6168815431106257,0.5766034180631444,-0.07828416255219157,-0.6347678650009244,-0.7220148962390968,-0.3661789362022045,0.6014930446527137,-0.2178424735234148,-0.7898889772733336,-0.17571432365224016,0.11205826948306297,-0.9124924902237491,0.24576136287331002,-0.17984685392761007,-0.9999987702444599,0.4115982074937157,0.4470194662535544,0.2627716484463128,-0.35390824835418133,0.10838279610610455,-0.20932245220257215,0.34829210016510037,0.1609691230134411,-0.784174878806274,0.3154671843059573,0.3983570625658219,-0.24871798595241748,0.8024747963354748,0.7510274405149417,-0.5938088983646765,0.7593168990521606,-0.18139790888945087,0.40680615277155224,0.7381460655629732,0.027380100546090465,-0.06777773756403901
PEACE,0.11871289764365239,0.8568867083765563,-0.4643060854876816,0.8544986831044487,0.5528777422316261,0.384089160675951,0.5959263564621032,0.2725969089961084,-0.35360072736655407,-0.6383186581570978,0.6998981714196412,0.3959982342454491,-0.49562541088603973,0.27687332526496444,-0.15730081463871984,-0.7279034158349444,0.12138310916613265,-0.40676799519718104,-0.7486208116761907,-0.11942323572941957,0.061908971351263206,-0.9463456870399801,-0.1505185571672325,-0.34740226525485535,-0.9509429423808381,-0.5972656286592126,-0.6599376257853592,-0.7104109152141422,0.6107568818081847,-0.06600467502141062,-0.8444579112429553,-0.7476511086794682,-0.325822495963142,0.6115724006773883,-0.2707812729540706,-0.6805662122309721,-0.2031074965859423,0.03656311755128905,-0.9689284121159187,0.2257806467987069,-0.19964053091525652,-0.9999987688979363,0.28902161643095153,0.4651211439376867,0.276597068611734,-0.34455238629042284,0.08947857864950792,-0.2501667902647412,0.3990592960289436,0.2246521210064294,-0.8609201036895764,0.20969252222290058,0.3598815830343507,-0.33861432939978475,0.7231306690874053,0.6583824192006927,-0.7914973909100862,0.8289722409059924,-0.12771292019592315,0.5134856126745314,0.6319638508152222,0.055350720855912375,-0.12549233881294058
PEACE,0.1208679430762375,0.8939503559035614,-0.5701166066675362,0.9592015487472318,0.6058886008614652,0.40243486935184447,0.6254201571075034,0.07526930924126742,-0.5434022640071664,-0.569197930093551,0.7115221058243759,0.40897052472772377,-0.6048690874761272,0.10548485050407899,-0.06071844955821565,-0.6964354939436335,0.0471041743393737,-0.45774019408607824,-0.8137186733381873,-0.025465352291128115,0.17851789636719956,-0.9999987390177443,-0.161249108263409,-0.4575000536806214,-0.9339877480835483,-0.6874596017212024,-0.7263590844566172,-0.569752637153939,0.7008093814035179,-0.08536518152152767,-0.7591858337603644,-0.814675415146507,-0.3295608200143032,0.5068435413927634,-0.29817429373325105,-0.7078050587334564,-0.24800323061843352,0.16662927100468217,-0.9253397396876826,0.21269487620701039,-0.17346469013992816,-0.9991511580981198,0.294708336402345,0.3835583903969708,0.287436132923248,-0.259713365503869,0.02903960783677719,-0.19334086536766643,0.5044969032371728,0.089258339142437,-0.82132556494847,0.3410736048868677,0.3717677973975807,-0.18279495169740387,0.8968094472234678,0.7137042739630464,-0.6701024244676447,0.8772341257805414,-0.06620253003741719,0.29262088975123945,0.6335407294012247,-0.014564470679700636,-0.17855712065937607
PEACE,0.11493796438163675,0.8732496204751153,-0.5162373403919311,0.9113084404131387,0.7069702997449567,0.40526160928206256,0.4822041671456725,0.2102600182192606,-0.5091744713629996,-0.543073578918739,0.6501676750892015,0.41304151205140605,-0.7016815064129155,0.3133803859790657,-0.08847364329113862,-0.7054795943834737,-0.018763523282939037,-0.5094080379141864,-0.7748383933323137,-0.13412356833139225,0.18509740104561503,-0.7717484922776413,-0.2156512665979693,-0.5400398065233165,-0.906885961138918,-0.8181263351087502,-0.6091015631903017,-0.5417833824964683,0.5913189706040777,-0.17556051917240656,-0.7260836750284105,-0.8107888379678361,-0.37684782289269586,0.6552728633738448,-0.3329482551575918,-0.6116698667915235,-0.15183338321676731,0.07820181965327606,-0.999998760845546,0.2602701653097196,-0.2736278800557098,-0.9086156506656748,0.2751280999990744,0.4550243637842648,0.25044903018437614,-0.34813164098625266,0.052324772889856985,-0.15681315193158504,0.3238925428724564,0.14017373450957143,-0.8757211045811609,0.28131140236726726,0.32880643527382003,-0.36589823739379207,0.6796766792424663,0.7815479962639406,-0.6287434398736955,0.8146749040903603,-0.13473924284261307,0.4404180121326551,0.5961133603674716,0.04278341875323399,-0.19379936293469924
OK,0.12446903580823257,-0.7114348271679221,-0.012848209767498816,-0.28052340217443245,-0.17478338150116896,-0.5896079443588133,-0.09185008393844814,-0.6542560769708509,0.5285507275076486,0.20325526099316676,-0.8080108993643297,0.6567653374686833,0.2746956841737034,-0.23669756682003398,-0.7892607483421064,0.17435026008588378,-0.24810979250824172,0.7670140723980547,-0.9185347764573953,-0.8848573372330257,0.9943110644060799,0.9005858162017029,-0.935042610908539,0.43342149442669886,-0.6146109587756765,0.3443160773855308,0.7684946139198933,-0.7564353783224893,-0.3761272308296869,-0.8992941762528124,-0.9522736211650671,-0.9999987978824438,0.6385336403705901,-0.4505633345446579,-0.08104420635411082,0.5226826314324861,0.05015566699864025,-0.1582858200991225,-0.990020080050224,0.20375118018971558,-0.6591373811346631,0.6092217485394681,-0.3847414678863819,0.3986770692078942,0.2360905487979649,0.2640239591438149,-0.3752350136972758,-0.33643236617600386,0.70856787859251,-0.9666302371994556,-0.6656970833386525,0.2707709519162796,0.5697285529213476,-0.26601060589429576,0.2422221817892176,0.10038185096044717,-0.8111727515865105,0.2503564207687731,0.6481132668002093,0.864578198391695,-0.911689625909644,0.2795921721899848,-0.22339949974945336
OK,0.09176328920766576,-0.6708452288950507,0.051744932181648724,-0.16664649769998002,0.012208566818610376,-0.5317670608307189,0.010520220367221732,-0.6314221445851266,0.4818092388287547,0.0509997061580204,-0.7692018755155332,0.7259681451886734,0.31309107712955886,-0.39726518052404974,-0.8907216481337624,0.11131187817863783,-0.3089410165123151,0.7320785830390605,-0.8862720761414388,-0.8798079217062151,0.8177097348560682,0.8777732961422628,-0.8574148234006905,0.3940632936842731,-0.4831447310558255,0.26187706991431053,0.6773376395539521,-0.7295716247363975,-0.47508258230843076,-0.8979485544778861,-0.8405600323918488,-0.8318531156154084,0.6377277589260538,-0.46255788583313867,0.020132552834119098,0.5921872862084964,-0.081334404802231,-0.13884328584568414,-0.8718456518715229,0.2377072803647821,-0.5584587332520509,0.4087292255820162,-0.45736902401789703,0.3278383002399037,0.29729560112244446,0.22340959529783835,-0.4773013904292144,-0.47956066372715966,0.5721658001495822,-0.9999988643319531,-0.6675075037772502,0.26614331402546143,0.6164269128846985,-0.22597895082273337,0.26617081270124804,0.10150026546855564,-0.8065181763466687,0.1311169097719488,0.6071620847577682,0.9432305276205607,-0.9199960598746456,0.22546496863033386,-0.13529480878625666
OK,0.16664937540721989,-0.6268135538702946,0.12151353114121413,-0.27028440541864873,-0.04569216380702012,-0.6579510348936289,-0.05550040680584536,-0.7154870017263003,0.56912337581852,0.25287145334562183,-0.8344472508774139,0.6344561037585535,0.25330873601376247,-0.33932429958267524,-0.9520345609720899,0.3114548248816262,-0.30781140434868104,0.853495343558622,-0.9009539416435016,-0.9972888693738137,0.8623912928455157,0.9241978351398275,-0.911367464147123,0.4889212004804708,-0.47711694360807655,0.3818431363511268,0.7604181137440971,-0.6869951148644013,-0.5770239230331363,-0.9744579271210334,-0.9999987694276541,-0.9649939611601862,0.6046796756912437,-0.5273482751715236,0.013524670676325132,0.5376784093880757,-0.013811732099544746,-0.21132606446531801,-0.9679631729941003,0.2372828819508453,-0.7634486625315519,0.38491113791303005,-0.4023122820368035,0.3763364031621573,0.29368813035922636,0.26467589638503003,-0.45377475766181924,-0.3574727072733757,0.7610805032008361,-0.9873245004525514,-0.5352571794895411,0.32889840753129235,0.6802508000575411,-0.25386794458081646,0.24956584266795034,0.15472382586757366,-0.833509132853673,0.23806674229677058,0.6610744931630208,0.9749457865456946,-0.892333209014887,0.3788741703060471,-0.2501451349528105
OK,0.08395830030106329,-0.7408784786985356,0.1566223382428426,-0.16915112361153756,0.004132438561967357,-0.536202549047313,-0.06387933595505879,-0.8288378168702408,0.48504962621821046,0.24436031976799713,-0.8568705690922733,0.6948861799722182,0.1765071916125177,-0.4423032238494584,-0.9487333712730541,0.1923459739404385,-0.24439540535997545,0.7824518553251669,-0.8922963858085428,-0.9846364451365164,0.916243375201857,0.9291072309563362,-0.9214589534882803,0.46646923653664596,-0.5177349877762337,0.4555459275572863,0.7727804732834587,-0.78115751919214,-0.5651771580519862,-0.9003299426357262,-0.9576573823991511,-0.9607764149098965,0.548520504988618,-0.4594149180731974,-0.03345125323380135,0.5621584228368741,-0.061072258009861685,-0.1404936380213701,-0.9688384238410878,0.10221211532994089,-0.6085309171692569,0.551103994686759,-0.478012399729748,0.30669179866657975,0.30161705960650126,0.24885919910903279,-0.46717259065282407,-0.37784989147707737,0.6208963904512954,-0.9999987476961256,-0.5934317625993161,0.1646032418114285,0.5384159956606102,-0.316321539003611,0.37281880587176874,0.05986297420580705,-0.8948427095884784,0.27034037056157456,0.5926908914923408,0.9591642762343422,-0.983281946947668,0.2851547356734806,-0.244033314113274
OK,0.12508245542527707,-0.5847431661752566,0.12721203229182942,-0.12370868229218868,-0.031025160337186598,-0.47665912521315956,0.13819860960407945,-0.6536642053451623,0.4045595750872991,0.2561234402206134,-0.8715917999681958,0.6871087370785749,0.09739674995546109,-0.3059738459521433,-0.9999988134019749,0.30994565433979554,-0.13292682324009777,0.8763949228378207,-0.9581619074922254,-0.9856131447341839,0.8149016503684955,0.9347519949391517,-0.8251875635056094,0.44957606467907385,-0.4974313514946196,0.5224338037393079,0.671697859797995,-0.8040013198490163,-0.5665178193427856,-0.8778777730058972,-0.876717715549703,-0.8441013062954177,0.5441314918470435,-0.34564723517598617,-0.03566261883831159,0.5368354333820741,-0.013633597047931954,-0.23530402457801086,-0.9356113152034735,0.16252874110726392,-0.7710711580664,0.615777118535057,-0.45965883101332494,0.29351658894379207,0.2386188626146261,0.30282757948831346,-0.49139056564144207,-0.4245072211235295,0.7416577950174676,-0.8920814060505483,-0.6380309711627162,0.258956692293841,0.611172536657532,-0.37098308762461596,0.36389735550833247,0.07211072517742276,-0.8371639166368348,0.24951021939390222,0.5644064884022186,0.9798483872847511,-0.9584958008321961,0.2698015994800371,-0.08951049382607985
OK,0.1462454985942496,-0.7326203669031423,0.039152679601006476,-0.1794267904859315,-0.13742648495822182,-0.4917198814247003,0.11107625664020762,-0.6776830028077313,0.46545882762373914,0.18521861769604,-0.7703757396611643,0.7903298911144526,0.2424387108192694,-0.2754011714469269,-0.8201949289507728,0.20010710141444044,-0.19345031661886725,0.8683291362776101,-0.8934240093553866,-0.8655329865782395,0.860666959991134,0.8362851195552947,-0.8089681843849015,0.3409358399997973,-0.442312745543911,0.3902214080394033,0.7980750096363833,-0.7799435337156955,-0.454005828556262,-0.904129359056901,-0.9338677323856024,-0.9125370678065077,0.579822295294301,-0.3554974404545897,-0.004630104692260927,0.5809397640578964,-0.07264974673503875,-0.21677691763236723,-0.9517420247120573,0.14428820830532793,-0.798864078982918,0.5529929520236425,-0.4365898421471353,0.35051068917948375,0.28718536045587895,0.15085210137841062,-0.5347337124384158,-0.4317617101417122,0.6599920546110941,-0.9999987766049022,-0.6063444974626039,0.34029480072095825,0.5962851591055455,-0.15183954462447224,0.29569058112498753,0.1463705760580531,-0.7936775989640383,0.3014765912782463,0.6351852557500841,0.9498843584525961,-0.8700449924115234,0.3392394443820327,-0.19392525574469688
OK,0.22591312800403315,-0.6261933370357549,-0.011243039189151753,-0.25143621057125626,0.07770357592969318,-0.6096077726572692,0.04664809278605855,-0.6476944140118708,0.5104245978284192,0.2942737098544177,-0.7475204863008427,0.7962169921382198,0.21110910448559764,-0.39196966753346324,-0.7253865637544779,0.25073871410186443,-0.24877457752388413,0.7979609463896072,-0.8793505488621605,-0.7873897728415965,0.8928007353922591,0.8119342235738193,-0.9439551135416727,0.4143911850094553,-0.47201228381518945,0.2947120998262657,0.7357619244181451,-0.7207243520932713,-0.44750857316871356,-0.9162871943239512,-0.8108666783311367,-0.9496621078237611,0.632459716405716,-0.39000254763328124,-0.010434832811840433,0.5531854071634599,0.029226119503810703,-0.20172799856621118,-0.8824575453675165,0.1824318372227784,-0.7367418299382523,0.5070061300290961,-0.5154227358378091,0.26415742204398945,0.29186495606901003,0.23566080500412495,-0.4665105225365543,-0.5208731772520034,0.7226703842792396,-0.9547032260251735,-0.6548012716991827,0.2873662114740442,0.5488484451779247,-0.23766784871241164,0.2041292044164645,0.02350865049532031,-0.8051110469537949,0.21305992873112703,0.5312367167685026,0.9999988029902501,-0.8786172915704126,0.17919076322399263,-0.10623537860970844
OK,0.07390052437976755,-0.7169425079510263,-0.014717239303212937,-0.19171101159362922,-0.033113412154398426,-0.6431267882568061,-0.07872543925860981,-0.6790009716356796,0.40380000886711925,0.21385775143582084,-0.7891888425917293,0.750006418974951,0.27365101484873233,-0.30254529673780967,-0.9999988645120577,0.2229665339839829,-0.2393732021205682,0.7374628320038503,-0.9632394420942618,-0.8807302992678887,0.7389376826751628,0.7919689829227607,-0.8726757207732176,0.35038381145161746,-0.5544120533116156,0.3546468967598713,0.6419618306906413,-0.7138643941658227,-0.4984412163666947,-0.9536465671410415,-0.8873002132714479,-0.8732060796227814,0.5208403672074141,-0.4467075741397354,0.026079119835515127,0.5406762033521834,-0.04329588979990408,-0.1379286718447498,-0.9482193485318251,0.1720452694273043,-0.5642972624236865,0.44421178345928775,-0.37064940836724447,0.2675893690773521,0.2354542933365298,0.2933708830320441,-0.43020088575413007,-0.384143714819169,0.6442802006631438,-0.9874714675845748,-0.44589838945901217,0.18784923303732337,0.5848669979303174,-0.2989439666715318,0.3230646179524202,0.14395669218018792,-0.8795473323662428,0.23090748486332452,0.6200906531461273,0.9628246872609266,-0.8178390907506364,0.33248216710752637,-0.18590821786765307
OK,0.06684790686670547,-0.6605924763700232,-0.040610396617129195,-0.23962615255310563,-0.08320558232797637,-0.6254597960239067,0.03286531985911837,-0.7182679425572545,0.5673087262178781,0.2349327096714938,-0.7233361178187641,0.6928022844759691,0.23083263210390642,-0.4074681464361314,-0.8424136540941983,0.1449030516672647,-0.17572909512083976,0.7292923787765888,-0.8576464782429369,-0.8387763043031877,0.8130937978573225,0.828039296375962,-0.89596082926397,0.45385062693850925,-0.5328519202518629,0.41452982475117756,0.7407419468319457,-0.7626405993759836,-0.4983251121961311,-0.8876232528711095,-0.7914146415200355,-0.905551513904757,0.6328701839771202,-0.36465000217500954,-0.05610438732842958,0.5393145281337923,-0.07543190200970716,-0.21243924367689648,-0.8836294829894599,0.174989046568281,-0.7082563532349057,0.5009292678094704,-0.48991428140519133,0.3378501965957937,0.3917729930973541,0.2789980299957039,-0.4431198815465478,-0.44798560519697445,0.6611951822607194,-0.9999988236160982,-0.627847180306707,0.2470230416706305,0.5419284116107429,-0.2830968473487935,0.22304294851934972,0.15377984800547223,-0.8945192770575616,0.264020792183347,0.651337399107883,0.9078725353623319,-0.9257224369004312,0.3292098277076587,-0.06658269086618548
OK,0.21630706159055763,-0.6414610354136177,-0.01877887134193651,-0.20812624610033048,-0.13714782325426098,-0.597981244560052,0.027832464179215456,-0.6748736930608557,0.42062372655008623,0.17209692816898423,-0.802656864466368,0.771539414579819,0.13988201804674777,-0.3126326611239789,-0.8510336698057893,0.27222261652846413,-0.3173533871602112,0.8125968443719803,-0.8367552670421187,-0.7629248842432912,0.7903089132436304,0.8338449675467693,-0.985866208562522,0.35530567393167156,-0.4363152124132304,0.39324131155131975,0.6460883688995386,-0.7375312363399417,-0.4913465973501479,-0.9999988330480137,-0.9525596759866387,-0.8136837570583997,0.604390466606342,-0.4632311725810206,-0.020077450567702076,0.49568103740059605,0.054090265094614766,-0.1060850854973563,-0.9764040341635545,0.13405389622537656,-0.7030496090286332,0.4918919541407954,-0.48209775249012043,0.3266778518473731,0.22337696208158042,0.1485419827119594,-0.5078623614331159,-0.49608481293304885,0.7024946234592621,-0.8834231186971556,-0.509418328126669,0.1923720528550183,0.6328899527263893,-0.26174039352271505,0.3039786757183174,0.15388437474760275,-0.779096214156664,0.23364982768065204,0.5502957668310399,0.9355538478432539,-0.7986162243589242,0.309078548315699,-0.18261370307259087
OK,0.19622562641781158,-0.7576508377334321,0.01239960251610957,-0.26572494457756624,-0.04815583677384234,-0.5200614551467297,0.0410896676820755,-0.8045399865577831,0.4427425304490467,0.09272324513370732,-0.765265766510102,0.7317935289105617,0.23397551454817747,-0.3546866178000377,-0.8825455757119617,0.08241483192788963,-0.22712527842791194,0.76935977760553,-0.8643523319129194,-0.895621759739616,0.9241489060406393,0.8711063453403813,-0.9999987685629405,0.4804705896451104,-0.5140486368152564,0.4104861783235283,0.740107612194579,-0.7605826347325971,-0.5942751317417225,-0.8714847237071591,-0.9082772312955553,-0.9345231899801835,0.566690078092697,-0.5494787987364582,0.022040453330812688,0.5056667293161011,-0.0033091510745139412,-0.190006903334481,-0.9834984855583914,0.10948159064224838,-0.7912945677782769,0.5075274172331296,-0.5069397120904787,0.27913798465890716,0.3603199388073931,0.18053968748426355,-0.42456635721589864,-0.4177581585294785,0.7722015243896089,-0.9935018627684269,-0.639732493518735,0.20673536081130686,0.6571375842804231,-0.2940251193427237,0.33055899290919816,0.09686566727812045,-0.7891984872373993,0.23916127956887004,0.6103504576682846,0.9911747007883533,-0.826049049488321,0.2781001256971714,-0.10436363221858003
OK,0.09651614027640909,-0.6781408208915806,-0.014555066695227032,-0.23108656624039048,-0.0834983446714804,-0.560826407933386,-0.029353488344646083,-0.665192023465948,0.45407363633433145,0.1870192004398909,-0.7500512992912971,0.7308881390420099,0.18690429433032976,-0.3822599157205735,-0.9076438167585096,0.3025302867594918,-0.24983555137004218,0.8285798493253831,-0.9999987529816872,-0.9007932516183665,0.9169249625218311,0.9694050057899966,-0.9627355894831108,0.4306159600679939,-0.5116396400521716,0.3358174519774193,0.6237878394974867,-0.8655767117821196,-0.5610830763069868,-0.8827086794560781,-0.7836383342777872,-0.9952248321315167,0.594680774994261,-0.4353024248265296,0.016458220358273896,0.5917670599346856,-0.06474436663341684,-0.17999898003571171,-0.9834409118697038,0.2124618089304639,-0.7894880533730392,0.43130525642718165,-0.4021241377491924,0.3785505110588447,0.21924241596847843,0.25189533814575044,-0.41437597969447015,-0.4588641819198345,0.8093220086143144,-0.9374358664339945,-0.6163874499774088,0.23252860149323729,0.6410531144149934,-0.22788484728112518,0.29682830401466614,0.17324443181634955,-0.8493927461264831,0.2495014723432284,0.6071029597930243,0.9639238598892165,-0.9185847497370172,0.3825206820374446,-0.1390434835404784
OK,0.09528202943437603,-0.7224617876256333,0.07508552000309714,-0.037623405304756746,-0.05404391252083982,-0.586126447402266,0.048879409434478376,-0.6959533864161355,0.5370196414514244,0.19721107925799097,-0.7798695575148573,0.6748281014114365,0.26582216952438903,-0.36522986653733275,-0.798134754821917,0.2672145404728008,-0.15919077212371274,0.7619237257734341,-0.6790993834901564,-0.819113406666883,0.8381630998347195,0.8360321210408567,-0.8215272580010704,0.3777922817747905,-0.5589949001907846,0.3448649129959243,0.6698505359505785,-0.6073115707113174,-0.4655421525894653,-0.9170330239363675,-0.7795767133595202,-0.8577769264345462,0.6299908144412572,-0.2621668618467688,-0.09862512826869237,0.3944971877227674,0.10558901018462424,-0.1704187730784151,-0.9999988458111837,0.09535914596020388,-0.7488280295369656,0.444144921039401,-0.3980017800160711,0.30093165639850966,0.1766647595408351,0.21734295269215362,-0.47948970674152575,-0.44450551534825433,0.6593553398456162,-0.8509074149976162,-0.6172984775571039,0.2437215548695578,0.49343674932124254,-0.20972644099662785,0.3583249009096719,0.09226414016597097,-0.8514050907202886,0.1626486004380641,0.5782153606517799,0.979584180602639,-0.8931860880414538,0.359720474915897,-0.2242472316669057
OK,0.12195876290509437,-0.6639095227429063,0.0470961253869338,-0.2220984664618834,0.03548692571307951,-0.5105177517966634,-0.00898374259656827,-0.7096655362965699,0.4365436514265179,0.24460810652947126,-0.856991755010684,0.6664922864768109,0.14605962611771534,-0.3159551989448261,-0.9631260505771565,0.23206951662903982,-0.2390588484326551,0.6880138552601508,-0.890267538222777,-0.9127732964769931,0.755145725752069,0.9126462009098684,-0.8911644279716967,0.42980845242083765,-0.5091432287950286,0.4058856840715281,0.758738484154989,-0.8307787413866884,-0.5907994222267964,-0.9925581531033217,-0.9331389317465077,-0.7890569410218627,0.534011615376166,-0.42246092767104676,-0.027343567783656268,0.5361762032070032,0.10012319301861716,-0.24169773592099786,-0.8141277944305381,0.14060775208846626,-0.6689425470716259,0.5140639542665776,-0.42008221116745,0.28035082766908,0.20129797132804017,0.38312003079412094,-0.33572455048011235,-0.5151414047259889,0.7468988163335233,-0.8739569699213288,-0.5771614374483631,0.20087176105269683,0.736961322263573,-0.23285359291072646,0.241150078351981,0.08732849730423954,-0.9086193514168655,0.22942180298596893,0.5998139959156122,0.9999987888864978,-0.8666043649465498,0.33367392996450157,-0.14369954522894987
OK,0.20977797270218604,-0.6859170915486896,-0.11272440100455693,-0.0753216918529831,-0.09670169090765196,-0.5537022970721791,-0.01933317214998539,-0.6031354372943017,0.42140705414357454,0.14118611396050126,-0.8606303710849511,0.8013721061526237,0.24290995743211607,-0.3273540931327307,-0.8869575450771793,0.3177487458309722,-0.19084262705384517,0.8959161456541949,-0.8947993855666301,-0.8867738422394463,0.9935387494022591,0.9891560551110421,-0.898085719082422,0.33961435946327556,-0.6520689866086045,0.4343051046933816,0.7663813793948792,-0.8305556525216427,-0.4926637009896507,-0.9934202465720136,-0.8631156582504776,-0.8895004758242807,0.6285441877281444,-0.37656968588904044,-0.03146889051827875,0.5538188512199685,0.06137364081507197,-0.11389902519754216,-0.9318129993590336,0.13931154655482786,-0.6988963885681668,0.5801796304137601,-0.5157278353160526,0.37950181083878376,0.2740421268721052,0.2490817007128269,-0.40753667857623493,-0.548003659025993,0.6482455907608418,-0.999998769198837,-0.6721171427602243,0.2069666288961142,0.7285026554969372,-0.20643593041691966,0.26644388959292253,0.16602823289038637,-0.8602031991941476,0.26091480534839784,0.5578022738847889,0.8884946020103424,-0.8812025016100539,0.31722098907562146,-0.13611535579325043
OK,0.22890304568847117,-0.6451391036209999,0.019177122731336985,-0.0905517045735316,-0.037211130996656364,-0.6068300503339008,0.04406298387500881,-0.6611870569463011,0.4039331266723575,0.17891699152593243,-0.7319530909887816,0.6537912955947252,0.1469471380344891,-0.34484077709689853,-0.9041845077337297,0.1708515952133203,-0.233788992143162,0.8180628999481042,-0.8149433684486088,-0.8588689618699625,0.9053797176658986,0.9603481539250613,-0.8453036673793617,0.3785024618470889,-0.42490862867539836,0.4603816102309335,0.6968261840869833,-0.6677861773069566,-0.5284661084763661,-0.9999988437150785,-0.9000888401220858,-0.8582905742650994,0.5519905198625935,-0.31756044078496737,-0.09845126872515199,0.44776583511082807,0.03471755144343456,-0.21400825736180953,-0.9192702675002447,0.12729696881290684,-0.7318538150387938,0.5230226429342513,-0.5674040560682587,0.42816798398000355,0.25143513063570616,0.2060122452134441,-0.27542467225943074,-0.5095185454810259,0.6112376151596147,-0.8201337049532483,-0.679186686139935,0.23245083722155388,0.5515015920826173,-0.3555046719356412,0.3143383702745971,0.1379021715693001,-0.8055450155852483,0.3448674844466207,0.5361354266857996,0.961157208501823,-0.8512671438214566,0.3522843608160382,-0.1872315011441374
OK,0.06260112397207175,-0.7404675942238998,0.0317553254429896,-0.16938528895519772,-0.04105906253956771,-0.6048952703505692,0.11181825980736745,-0.7162733829568199,0.46443449845081053,0.21988823597431933,-0.9702844754474098,0.6860699200054959,0.22912777705663556,-0.435106272090054,-0.9667584346120434,0.32970727644456854,-0.22488817573844427,0.8275700351534919,-0.9446288278750954,-0.968389421589085,0.9718154786735189,0.9999987235559116,-0.9012535096408777,0.5015142769059278,-0.5653445274832563,0.3667452377981285,0.7423891405487135,-0.8077828432650909,-0.5765379608861886,-0.8679593524761934,-0.8273006717317215,-0.968329402150201,0.679879780071665,-0.3762071814797025,-0.045559786929438045,0.6141627910546831,-0.05974134236349031,-0.20076735226076003,-0.9670821611531156,0.17015460210501937,-0.5944485618393169,0.5305714598614097,-0.5285344481431642,0.4146369936172263,0.29703469759369777,0.19695525644106235,-0.5133442681667025,-0.4871331151986832,0.8087542381758908,-0.967451398327004,-0.7036186215858041,0.34209898802347005,0.5895959248380189,-0.3363603624629886,0.38786140903346344,0.2123087902834792,-0.8667795617628141,0.1662819925417639,0.647272621919277,0.918483383409688,-0.8020391316240698,0.34521618433158047,-0.12336322248737606
OK,0.12010565585101005,-0.5486429416994436,0.003543054986645634,-0.2524438590362482,-0.021413745400551066,-0.5304923576907616,0.12973084004064558,-0.5769390808400415,0.5420277522871007,0.13964141630877633,-0.8543813994850169,0.6976542531940484,0.21510805481211928,-0.46939503345222827,-0.7930140062661019,0.19302680516079831,-0.31289657381084224,0.760746971893611,-0.9767490108415167,-0.8490226335179376,0.8073146136051781,0.9256516888148442,-0.8540150260993022,0.3830661668046137,-0.579659199770203,0.3396469209104012,0.6451284934630651,-0.7942037594026017,-0.4991463533443101,-0.999998796090952,-0.9173448407345105,-0.896578272375584,0.5812780681275029,-0.5490923150427248,0.025065259632856347,0.6290103357620781,-0.044210202633435274,-0.2408199417675354,-0.9868469608452612,0.08327333759334699,-0.6506144909359177,0.4439472204552538,-0.488210845324832,0.4365514888478521,0.2913540227379471,0.23652097818026352,-0.4550013362675309,-0.3897920689779176,0.7236449601880666,-0.826882196414207,-0.4953249997734148,0.23110155126876772,0.6084709369589841,-0.2630133701269841,0.2614746300481427,0.11814864595591038,-0.9256140322432422,0.1916582593944713,0.6520009066817886,0.9809692081499284,-0.9136952075003495,0.3335282377118072,-0.07393552701724314
OK,0.11829559846544907,-0.7381950519292787,0.07101261723010203,-0.16721309715463584,0.005919449705103333,-0.6506581183147183,-0.08805456328819108,-0.6532674679168964,0.4782390996314254,0.1582010249519177,-0.7193831917319804,0.7443218714953156,0.2960594189526664,-0.29911767277918255,-0.9338157258369634,0.1998151878038775,-0.318581519637645,0.8051011796628094,-0.8834159787583192,-0.800535712233721,0.8945803111810299,0.8112530230108356,-0.9305273482556946,0.28694538050009427,-0.5149520250839679,0.5517879056774814,0.7128047214673529,-0.7511590605710472,-0.5004931246559787,-0.8886654870387827,-0.8814967524870968,-0.8624189762736123,0.5287313885554571,-0.4293228488344036,-0.09020175379169212,0.5483926546647901,-0.07573760532146291,-0.048586117466115464,-0.9595819899709503,0.012442346645489336,-0.7853012062313592,0.5140555231255968,-0.4242101387126803,0.35417918994050257,0.23043528885668574,0.18894515963943137,-0.4866964448141222,-0.4114512853668282,0.7010681896440399,-0.9582060335840991,-0.6483052730441997,0.17939388540376344,0.6066750044079928,-0.1907215960347562,0.3045207539772403,0.08916729161531037,-0.8573331106733346,0.33446106620280536,0.6494346210117429,0.9999988050482429,-0.8546371034940616,0.3030350400539224,-0.09180983801395552
OK,0.053045674118318245,-0.5536107350943966,0.07702125962545998,-0.16834564327305002,-0.08376518482019271,-0.5177349012713227,0.0692236175540521,-0.7033455737304759,0.42162439036022054,0.11648773998761547,-0.7645611635945058,0.7309029175508837,0.34547212659462223,-0.43836217382252646,-0.910566654871765,0.2507315706972603,-0.2000106975179172,0.8073653145840595,-0.8744839223565614,-0.8506661091756513,0.8565561764589088,0.9410134642210438,-0.9258377209116916,0.38231074257443953,-0.48587378599924463,0.47371187052223335,0.6597416362734299,-0.740516967880915,-0.5163147105707848,-0.8671176431580035,-0.9595312755105939,-0.9098510775184073,0.534616067677316,-0.40162789255294457,-0.1628563930917411,0.6638934154409935,-0.15694053939969424,-0.10574107938188257,-0.9999988182180785,0.055103592371639754,-0.701399308720853,0.541255571351866,-0.5216307728654647,0.2638885106799711,0.19997245065038308,0.23330303435004807,-0.5025368524156816,-0.36424970637161935,0.6182937603897156,-0.8891942573895351,-0.5109198401235352,0.21238336066943558,0.4936963013199412,-0.24420785036922824,0.2755840159009725,0.10561366459704398,-0.7296718543702791,0.23325898663273292,0.6238829748904037,0.8920264429955221,-0.9059619056496202,0.36901444985389414,-0.1535186045070916
OK,0.16198698683612542,-0.6060872037832675,0.13391194650143218,-0.2744030385352333,-0.07040314218019209,-0.5031820204820961,0.12336696358426771,-0.7002957709367924,0.49376539102933603,0.20507701031925515,-0.8098033744387949,0.7769551505989294,0.31095951613935957,-0.4696050938866512,-0.9284595116048039,0.29757701453810526,-0.27778834006262415,0.8145341048572948,-0.8430751394589686,-0.8034341330815735,0.8954833676911192,0.9999987779161847,-0.9147532880329459,0.4038699521193679,-0.6388615201641027,0.33248495184808463,0.7212839776990219,-0.778940527844828,-0.49677907271989336,-0.8183697035777888,-0.8460680023224516,-0.870597994469126,0.699631597765164,-0.41618558118079374,-0.04437042551333437,0.6375288958382258,0.01979961253580433,-0.14115509288436548,-0.9587379969767489,0.12253189214450542,-0.7399239752819332,0.51730506244868,-0.49187943361677555,0.3745325567423024,0.3315326744009463,0.19363515844372145,-0.4005327814891113,-0.5331034500750949,0.7406619038610684,-0.9187878866646175,-0.6278459437733828,0.21892769243386728,0.6056653023718636,-0.3080015025275809,0.3000641404370516,0.07837871916175879,-0.7818392964163531,0.1095881723055431,0.6055630031057427,0.8467564821725996,-0.9847164780920361,0.2777217555068723,-0.08522976996594304
OK,0.20963819811192477,-0.6461706701127762,0.03724290316641074,-0.136856580699151,0.028041332531287513,-0.61164174768758,0.04165264297394688,-0.7240782615856106,0.4420007903855817,0.2144029333374981,-0.842600051271667,0.7215463441101528,0.12303559072426003,-0.3236861862963839,-0.918681663644158,0.20313942003166902,-0.16052057999786487,0.7360676312817958,-0.841802368243523,-0.8130940744651277,0.9111087220479018,0.8713122568781881,-0.9256775730833612,0.3574021815969958,-0.6358257479662243,0.4299012614849584,0.7432279246109663,-0.7324919544326837,-0.667036138043664,-0.9177717324598386,-0.8320618946919781,-0.8200149645441175,0.590974523604005,-0.37294951309912283,-0.05337886439823615,0.5712464029514559,-0.02374655648805854,-0.17841621643600095,-0.9999988086091822,0.07336275823059873,-0.6959688690696256,0.4218039511470907,-0.4793263470197953,0.4099460522063827,0.19330521490239713,0.24917206544780535,-0.4116467508409553,-0.4613314793272378,0.7291116760046242,-0.939900301035423,-0.5597153418101608,0.1463853513318529,0.7168914169893197,-0.18440901884008698,0.15967460915743675,0.1787938278251575,-0.8644574932684446,0.31741725897561307,0.6584686363357167,0.8739553963471808,-0.8623544296544537,0.26335804451300937,-0.13083710608457727
OK,0.14528203805236772,-0.7018098343704757,-0.0467276276856864,-0.1870470813127676,-0.011840863092011685,-0.5934450595593488,-0.0450417746017798,-0.7037632786459505,0.4044249011343099,0.2253778641256997,-0.9425995905191689,0.8084334492675507,0.21978161744595162,-0.32308286635774397,-0.8385733238921982,0.261972468253431,-0.26747842174179876,0.8524429432804786,-0.9999987951261857,-0.8100926498916611,0.7984850456449146,0.8765672896958588,-0.8241900848599717,0.5507796388398071,-0.5259390850999113,0.30663816193772914,0.7622859445768733,-0.7718675853604074,-0.5675866145775913,-0.9042785454741441,-0.9583074999363791,-0.8950514444847795,0.5242160107952569,-0.5074098184065893,-0.11319535745975817,0.5183017085122691,0.020486779323267357,-0.06094593095309381,-0.8555863796366893,0.04007812541504504,-0.7369461965387899,0.4734255493822776,-0.47343792123932127,0.4207695860992125,0.2915978301670371,0.27720449034038147,-0.31604236585041584,-0.5432767185259082,0.6712711151964328,-0.9047963278980408,-0.5979020202354861,0.2755623761605543,0.5880794452409667,-0.26067140250362364,0.2502504229396383,0.1742770987894082,-0.8369429387328503,0.3192781000385141,0.6901506469326054,0.8721315245734981,-0.8124801517970717,0.3646519297861434,-0.17416278121070944
OK,0.19716789940352006,-0.7026451966723015,0.11819773682169782,-0.19894878957620477,0.013977532587268462,-0.6347557329394568,0.018948038176658515,-0.6340814515451713,0.4990816656432308,0.21928003850581637,-0.8759681616196178,0.7852987093207986,0.18258300697457072,-0.36294200909203844,-0.9242656252817913,0.24757719968382383,-0.3567075688897639,0.8036240099506753,-0.9217486009335976,-0.9999987703000478,0.9049880344072091,0.9654367674434581,-0.909791952315683,0.47335748807200567,-0.580365868838975,0.3831613478144713,0.7300498043585999,-0.7763958011328456,-0.6584518482404972,-0.9930073203491965,-0.8358947355712956,-0.9735880027936529,0.5764167228377753,-0.40006832060512754,-0.09576812752061024,0.6634957147674245,-0.01187352484808227,-0.1919676544802527,-0.9211191012606476,0.11562500159168136,-0.7347116309637594,0.6073241517046745,-0.5099311350657886,0.4129813337333059,0.2666577142887653,0.23375814382542265,-0.43988865458645415,-0.4794440915131261,0.6517902316157389,-0.9306979480963774,-0.5576559363224924,0.25530266547143493,0.6605583672673662,-0.3068428866724557,0.34422691234391634,0.13447679604168686,-0.8037208585741827,0.2456132731686034,0.6543035889527977,0.9391904583835216,-0.8826879215455955,0.23746869464858755,-0.18870224550294348
OK,0.1010603046880167,-0.4491549216839359,0.07351298183125902,-0.2676894981075493,-0.12287905118916238,-0.6929585580936533,-0.06744209149471807,-0.7298458817269592,0.4140102734801086,0.15374557146792386,-0.7665045498701855,0.7432366824173045,0.2687996709424821,-0.421015576795576,-0.9039851197016878,0.199508340237212,-0.2185262353399445,0.7792272770268669,-0.7942637959659802,-0.9341033546132526,0.8080242716846572,0.9191736788645845,-0.9261862095374541,0.4492409942338571,-0.5436416282763644,0.3818935519533089,0.6743532431942865,-0.7901534517644901,-0.5990915906036297,-0.8500595320720762,-0.8074058993157793,-0.8550802596161607,0.5551614381515576,-0.4290871505344919,0.017075375201466767,0.500359436948939,0.059057437170485255,-0.2815081279021578,-0.9742347853727118,0.06740645157789031,-0.6519280405155431,0.5780745980456315,-0.4354555022342753,0.4537268915331186,0.28407305336052147,0.26442746862035965,-0.5485660485449723,-0.470909747087914,0.7104655008153533,-0.9999987883853053,-0.601915234589489,0.0943078649929455,0.6449189840176736,-0.3009391158259315,0.24976477263235405,0.15583610448691584,-0.7554949815511994,0.2900495766391643,0.5593706408664323,0.9951294923644425,-0.9273377472477279,0.37870797388492605,-0.15225742994534966
OK,0.05491563571327739,-0.6879916038944202,-0.016268488132836878,-0.25345755469603004,-0.06074612517605296,-0.5805345495931999,0.05760015205089353,-0.7226355601543517,0.5560877719732334,0.08028749479597222,-0.8829433599417382,0.894710718769512,0.15911672924980913,-0.28558018053465717,-0.8977615483514615,0.25643215404063496,-0.19197610024398906,0.8529840132720204,-0.8351841901138145,-0.9242870944229351,0.8949968632653817,0.9014813141758363,-0.9999987672701857,0.4366139324478649,-0.5594776216735263,0.28187500216009886,0.795655784003525,-0.7781785364226708,-0.5584083306920883,-0.9182043077504005,-0.9320395869458187,-0.915347129523717,0.6785586333166906,-0.3732634318077736,-0.043410558522568934,0.5041907196983377,-0.054002273555057365,-0.0896001635692889,-0.9668440176099018,0.168700120250481,-0.7573814075063282,0.464452874857476,-0.44091012980307703,0.2937040341934813,0.26326307831759027,0.15468935278085727,-0.5172988022477396,-0.4041753953219649,0.7806508830347875,-0.8936483473806821,-0.5606670866384964,0.19547628396633954,0.6663442801530904,-0.2144984526783749,0.2488635972764561,0.12467692041718054,-0.8667512032211441,0.12479270754798524,0.6392048288086658,0.9272454852476172,-0.8629289477150753,0.26870484531979877,-0.1482544267619868
OK,0.14091764735479428,-0.7190584947129672,0.013706413203079379,-0.1693500182257888,0.020638754609785648,-0.550219410519437,0.0530381067864249,-0.6063542084087196,0.4766149700457117,0.20591395286456257,-0.7826821185460834,0.6528292056951287,0.30108536526349555,-0.2909813633640091,-0.830810795373781,0.2757486770690961,-0.2077335731291322,0.6932738297810194,-0.8657208018225496,-0.7633787905447147,0.8174089135758181,0.8673965538356406,-0.7878544722753693,0.3927005765338846,-0.5598398501411536,0.37297279259516264,0.6393264796404673,-0.8056183913414442,-0.42976423532518127,-0.880741382424893,-0.9999988625200711,-0.8416616125453921,0.5623510769767841,-0.25615186851107186,-0.012591865817836206,0.5845866042939079,0.027570142186382936,-0.16238368964800695,-0.8691122543172554,0.11447855455840672,-0.7220703571938765,0.4522720365352605,-0.4780081745820105,0.31646448390198245,0.2658533056490924,0.18107678823700626,-0.43598022298340505,-0.5305827808800171,0.6033811005017193,-0.903307463960857,-0.4845436502325154,0.23652222760952724,0.5214304884274327,-0.16596494816155266,0.27917077992322953,0.03949181073338458,-0.7970112110086668,0.2776073347439161,0.5068150992074489,0.8373108811218188,-0.7533074054754536,0.3081597424286161,-0.1823422090978961
OK,0.13729637252760257,-0.6462458893290067,0.02235588717941942,-0.12063113838644823,-0.034133320837147485,-0.5486927969356131,0.0066712550876970545,-0.6828027303446127,0.528830363961789,0.23814812660248594,-0.918865782645179,0.7564732941568095,0.35087029579336076,-0.38471118467096543,-0.8559512365413184,0.3329227504502898,-0.3134487491717943,0.7699711135810167,-0.9999987846241424,-0.889914178030427,0.8970938468525151,0.9430963936655659,-0.822716671408351,0.4239579132027832,-0.6116248889635748,0.33809510986439,0.6707156269314506,-0.763602515017468,-0.36519007158551936,-0.929857124711025,-0.8035694232348557,-0.9216365838542143,0.5141207956314384,-0.44185097733271017,-0.0575065953128939,0.5523135040825132,0.014812185825929348,-0.17770428775962094,-0.9017507010990701,0.1959476637613347,-0.7457287245286778,0.5704296457472219,-0.589130820968954,0.1954177894263548,0.33495404732456757,0.20124822731495604,-0.3192718826888068,-0.45856018364769574,0.6451978616474382,-0.8448973696436524,-0.5794602209568772,0.3083557229923133,0.5808858951325919,-0.25331419208327327,0.24517784424364808,0.005051467682905373,-0.8016789167728744,0.20899392892864804,0.5499035880275105,0.8732603999477138,-0.9035582300670313,0.3151470891690414,-0.19554668706746475
OK,0.10411207357725025,-0.625034958630821,-0.11824334872163926,-0.166443557138911,-0.01202849506754914,-0.6723919640813841,-0.11743956908632051,-0.6531181885739783,0.4084577251132917,0.2818268544159738,-0.699831588123176,0.7937272836588019,0.22300052331101697,-0.37571240486369106,-0.9999987688825307,0.2428705835072168,-0.2775301888509443,0.7637609856675656,-0.8920749166700518,-0.8997876036311493,0.9334188378342593,0.8883990793063148,-0.8931527949917464,0.4260291587385767,-0.511884152397048,0.39191719601919983,0.8357740880417452,-0.9365758794800938,-0.47606433712865603,-0.8847458886954864,-0.9765349304378255,-0.814215737588159,0.5936559802997559,-0.4049961391038971,0.009483548451424595,0.6216232457602888,-0.0018211982736161423,-0.13327131332485134,-0.9105233453181125,0.19366153337781403,-0.7184583460409472,0.4260363938273768,-0.539902757806032,0.4098799337175861,0.2709131044840359,0.19297779478478233,-0.43197271660611103,-0.4393346153564115,0.7017001507245817,-0.9138962780997744,-0.7053866273252694,0.11037198824465612,0.7170066854269808,-0.3481446146037484,0.2114225052294048,0.09250863008832966,-0.8595858002482559,0.210375272453384,0.6042614843165571,0.8825247997054282,-0.8825725251562531,0.2211233071896174,-0.16693380104611233
OK,0.1515364224192407,-0.5987603284352241,0.04597669129839274,-0.25785348139077363,-0.062484169626361157,-0.6060907820215281,-0.09015741089840386,-0.6274432543006925,0.41114163162057354,0.18384810454949774,-0.79271497455291,0.6605926320271289,0.14698949775829398,-0.36257707501952136,-0.9241552073885466,0.30430419056789476,-0.15768723196267573,0.8060405128373934,-0.847315479702114,-0.8562116693580314,0.7770619046122553,0.9154447361432884,-0.8010621082341789,0.383213217349986,-0.5216568926575863,0.32859564076128783,0.6685449981876536,-0.8179405234689325,-0.5041820103509939,-0.8625880056631473,-0.8320098030063667,-0.8628629470928577,0.4185934578483943,-0.37347735677889243,0.023080264958844444,0.5364495751540126,0.05675696735136697,-0.1378930194225233,-0.887985793882613,0.06847120803389528,-0.6658509584013302,0.5395547817760448,-0.49352825823900853,0.24160781948859342,0.24649251671558278,0.15946490803540259,-0.399827884382162,-0.46298340248528863,0.719129944246282,-0.9999988340903048,-0.6423905102551365,0.16099130554660152,0.6075038404007718,-0.3852929742538223,0.27022871191093717,0.0853774931005287,-0.7912535797754982,0.2300581102505775,0.5299295815287318,0.7869655390208973,-0.9223616606411761,0.22473341594125468,-0.22985123775962954
OK,0.09656979704203061,-0.5982539314225541,-0.041918916814939484,-0.307341553672266,-0.07343833343734035,-0.5904916347256198,-0.01887748045865607,-0.7022381800770892,0.44797466329030794,0.19071558997415913,-0.8503350237354811,0.7976709496601678,0.20970016648083514,-0.2904791073752674,-0.8454064864478115,0.17593974415386374,-0.35560307879876196,0.8355086442944056,-0.9354456260855527,-0.8791595413841716,0.8157341930903557,0.9604376124708948,-0.8993560509446042,0.3276463991035172,-0.5433933455515136,0.4482432797584516,0.6472291567973716,-0.848911067380562,-0.451799554835027,-0.9598502179728695,-0.9651190839035352,-0.947355766159123,0.5829561217390858,-0.35932925395559856,0.0075029528341024575,0.48160013579641536,0.04056810281714296,-0.09369091962648532,-0.8999552470111001,0.06351948434395185,-0.7496725511523078,0.5181860463165584,-0.4267486458690271,0.26816539443465714,0.37880583642167903,0.2110597873760869,-0.387313470969319,-0.5167644001329642,0.6983669537933653,-0.9999988156178521,-0.5963458787663403,0.23438310649040167,0.6296997595815487,-0.31390103103656114,0.18127859961499956,0.12563361475530652,-0.8505814644477757,0.2053071740094973,0.5384667517934048,0.9282372309985674,-0.8933889211473538,0.3640126495145055,-0.2831246077600321
OK,0.05874903467490411,-0.6085229802544371,-0.09689059063828394,-0.23712742527334196,0.09768555094360297,-0.5801286745555564,0.040367261601461465,-0.7489265482719405,0.49188781843490575,0.15069229128893688,-0.7673338062069393,0.7537994131249803,0.18445071542519612,-0.3148647070947406,-0.9101732490939282,0.24683563509166775,-0.20650617624007675,0.7236271329515472,-0.9209931104197785,-0.8837667475739139,0.8955330924746001,0.9155487317886498,-0.83425682006606,0.4884898214640344,-0.516622706490631,0.3840480717108204,0.5688668152184125,-0.7937644715763604,-0.455256736224095,-0.8330878820852138,-0.9217787129982592,-0.8785685746167312,0.6834215002716828,-0.3795168833031962,0.07121225069965904,0.5544701225611968,0.023178515988673983,-0.18419130590776606,-0.9999988398149378,0.16820781208584917,-0.6787730532750658,0.4947790193850604,-0.526694937833523,0.30264785962428803,0.2356615453767369,0.18649213407725784,-0.4193522978363294,-0.39138250798575186,0.6905197125444509,-0.8930932982713111,-0.5846031610022935,0.19437138595981,0.5403454116005639,-0.26023517406240854,0.32818542121241395,0.09941095239199815,-0.8617320985821981,0.15664597525352716,0.5273695877228483,0.8477827678140876,-0.7054102585236339,0.2461989665122714,-0.16085065932198567
OK,0.13840724878561741,-0.5774165076331454,0.06017363686705547,-0.17677239599198574,-0.02953290495818337,-0.5720163904463421,0.021180509167011887,-0.7182931813128389,0.4186059287793667,0.18607883286763194,-0.8517888460875814,0.7684561760294519,0.16064424970178087,-0.4469287553037022,-0.9607967560433195,0.2525097842070255,-0.3441086898220511,0.9106681862834604,-0.7854413437398056,-0.8420217228021288,0.8508250113179352,0.8741602673440502,-0.8998734918548261,0.45612152687529145,-0.5233110457334833,0.31183353356941956,0.7051377188832175,-0.7434381200190701,-0.6511705181195003,-0.9921410299145799,-0.8546762343389824,-0.9331975987016901,0.5655119625190983,-0.32471586720110945,-0.016462659239971915,0.5307001178390106,-0.028569614650902114,-0.15435726475862588,-0.9999987852444263,0.11872616635417169,-0.7985878282110059,0.49412737639207754,-0.502209238190678,0.3526041110066474,0.3761901910770563,0.24253727450103948,-0.4466891652269239,-0.4384837189073748,0.6532179334065177,-0.9042767445850017,-0.5943115167745854,0.21139673212961874,0.6377745150157067,-0.25542044000215475,0.3182448492722061,0.17147924339698617,-0.8924105244298111,0.3162749170365955,0.5127636847148577,0.9973286511863136,-0.904006360317596,0.252605452760611,-0.10357681709761057
OK,0.03384180980661396,-0.5698190112606127,0.17276715525918243,-0.2144522868123273,-0.10350389697434419,-0.6296423610248263,0.061401973750017345,-0.7063025568139317,0.29879427071873066,0.20772796420075418,-0.7720322300618592,0.7958615197573606,0.26958739995668934,-0.262389055008484,-0.9043059153949848,0.36473970290263086,-0.25774411247569706,0.8687199583092527,-0.9211903229592947,-0.7792135843971152,0.9211397496719913,0.9060770410513503,-0.9999987738976136,0.43644811031837877,-0.5965872099208511,0.42212059638307725,0.7637647631608694,-0.719294912655443,-0.47951442133378924,-0.9287392476198133,-0.8136951934112937,-0.834470619849125,0.5253314287858456,-0.28767773507879707,0.06202926919972057,0.5123822058328376,-0.12511988432974808,-0.0650602777247342,-0.9455340979384532,0.10556251387470397,-0.7169201535822732,0.5919022743058374,-0.5998074582153542,0.34945023362689026,0.2903751839207801,0.32063039357454864,-0.40639181876254027,-0.4066919686875588,0.6850038132651505,-0.9147083617759049,-0.6545192016940438,0.20946297912103826,0.657152114069309,-0.2726582830461497,0.32040678765368535,0.19262373880690709,-0.8766437565089781,0.17523495805860226,0.5602153178588228,0.8971311329481729,-0.8241912426824743,0.3541046393225675,-0.1020044064231395
OK,0.18480003009622745,-0.6308871977065978,0.12433557186582796,-0.2284347394915119,0.0767016220479483,-0.5429791682877886,0.10299639315300983,-0.6949723039289372,0.4186425729822426,0.07955911372990652,-0.7061525328196274,0.7218143661326402,0.3257449329693946,-0.36136773881253,-0.7491346192676114,0.24462643154735192,-0.23512385143586428,0.7237160424405717,-0.8925056428063818,-0.8156432781108902,0.8278142426288908,0.7548612661510543,-0.9999988651504471,0.37450415055739483,-0.43976381719468993,0.3782816506035723,0.5956106481487419,-0.8254463616047412,-0.4088112993879382,-0.9579581034022999,-0.7852083438940206,-0.8218118906374485,0.6387214970124806,-0.401951429444345,0.04097212009728539,0.6020880929203107,-0.08505294370986037,-0.12101264107835258,-0.88915712315845,0.0631818914611666,-0.6663786469366876,0.41420603435781594,-0.4182051198828472,0.43962690302635066,0.2539180142544704,0.20647044156901315,-0.34278286566170324,-0.3514424341164835,0.6241611276591491,-0.8455735527023192,-0.7458177552939201,0.1430677052462796,0.6363873960844768,-0.2861618837128576,0.26724905760104345,0.0513340678665864,-0.8522404026166681,0.07942961138604407,0.5493670865918248,0.9205874942951187,-0.840053507396672,0.24341645942785278,-0.23624197396092114
OK,0.11601001212224556,-0.7134781157878983,-0.012012630779903182,-0.18673156205963284,-0.08924324095574765,-0.4896656204338197,-0.05937504707464387,-0.6875295035633561,0.5043748979945104,0.21525070920926792,-0.755503951049451,0.6890501507938871,0.25094798508535326,-0.2966279650750459,-0.8211643737815744,0.24457656747189202,-0.2022843194270645,0.7553589510572071,-0.8434284110917284,-0.8547358949150811,0.7494691551385371,0.832492917631822,-0.7590742061846684,0.28982164950993783,-0.4287003088300882,0.4118183061375105,0.6892865212353344,-0.8419037261029498,-0.4869887543572047,-0.9305589062572657,-0.7810149327959329,-0.9155944263575383,0.5443852675535402,-0.3616293746232491,-0.05019583597814161,0.5923581775986959,-0.026659648458435232,-0.24152866732279368,-0.9016127884737525,0.17384889136323395,-0.6156913438040931,0.5254782902941983,-0.3843928789851187,0.35325615070215005,0.21666679523617208,0.17197020882962544,-0.5682839328918018,-0.4467602891903222,0.7147224719306299,-0.9999988350421173,-0.5182490965430181,0.1993637196825198,0.5387405795893543,-0.3562370395525169,0.38276116280613864,0.17539037769498333,-0.8351655532441271,0.2810469821678871,0.5728886769304532,0.8826835602673726,-0.9147693667606563,0.2848158736605335,-0.18248887698524954
OK,0.13815520119284924,-0.5300598635031257,0.1616461922475767,-0.2582922117166615,-0.011450901458703028,-0.5398272433297528,0.031702953355041336,-0.663104698474087,0.4755154721732674,0.09251992123779054,-0.5752116380958053,0.7262543602946093,0.25355042936251915,-0.3986304760711425,-0.8672168375622072,0.1572628800007917,-0.14764008974147685,0.6793379638222374,-0.8580043639106754,-0.8477812964822643,0.8453686814343693,0.7732324048305698,-0.8113198074236435,0.464390116326136,-0.5448905803238177,0.3647689322207656,0.7073397381263995,-0.7125668084936113,-0.5327645844956899,-0.8270089626218866,-0.7448388883421305,-0.7709059668292454,0.5804622885445451,-0.3238224648755977,-0.03452008449837424,0.47211665853632645,-0.01312161648766172,-7.342356177160934e-05,-0.9199322193998171,0.148667621747807,-0.6620545013973363,0.4607685510013109,-0.35684451505480075,0.40773704807270406,0.4181770910902589,0.16708467086007,-0.40134053156742133,-0.41922211381885904,0.6222454133223514,-0.9253797735973218,-0.5706337468821578,0.17410506353996283,0.521757164025798,-0.2509992718685193,0.21653482717760936,0.07756774457326905,-0.7726295566342053,0.21408686785716496,0.5571450113017838,0.9999988615161173,-0.7769523328606844,0.29625163962286116,-0.213393518538061
OK,0.1769039639514918,-0.46749565919569214,0.1072870456571469,-0.25814846382933865,-0.04780098753001153,-0.5806698031331063,-0.05010363504472968,-0.5604972964576349,0.49698607673696865,0.2662469501219499,-0.7133847464723918,0.6918930814965341,0.21788120013767565,-0.3781780356300943,-0.7334672042978401,0.19437845229157896,-0.24831746802727878,0.7095596620146905,-0.9999988860990806,-0.7731118396596722,0.747975589681311,0.8669188129376288,-0.86665995943626,0.3595474301785874,-0.5582167389199583,0.4362596961848863,0.7469087314893803,-0.6557258444425959,-0.4508159284186531,-0.8406496736543411,-0.7524875363468523,-0.8453349051342062,0.6092754126791895,-0.41310485486570064,0.04257041921084935,0.5845812876362609,-0.07017107483244661,-0.1729194742160023,-0.8729713057326547,0.14482864278021604,-0.7031954292438366,0.4768019814492272,-0.5468477943044452,0.3530503111061964,0.3058319656890817,0.29265624355880177,-0.3833914402507625,-0.43571324871438144,0.5905462405724201,-0.9135827890757752,-0.5725504403580362,0.1491865260026917,0.522255697898946,-0.25456630967027905,0.18371490062337698,0.04668592977823946,-0.7639289654687713,0.23183097241966316,0.6076214863810843,0.8862916859366965,-0.8365726094668481,0.32074178713964135,-0.14169446315361572
OK,0.08129147145001281,-0.6837094052085202,0.13055783130600304,-0.006879932016728682,0.004403357939856906,-0.6243043920133031,0.11232782719913435,-0.6784228278728326,0.4803805634125164,0.17411867126731953,-0.7759756558305426,0.7016661449165768,0.2929806425802916,-0.3540611837989437,-0.812473318814755,0.28133025525467437,-0.24271041559340698,0.6731783328577892,-0.9165839941467055,-0.8188907111513193,0.856708810980243,0.8203018088250108,-0.8790848669461344,0.41553269984695174,-0.48592955138528937,0.4821627423811764,0.5551881295766066,-0.6745568705837728,-0.47501343598515716,-0.9485805215763443,-0.8419820046424362,-0.7937505654861108,0.6631711323104129,-0.43613083904161576,-0.06217981801940004,0.46192988341151675,0.0041547547278848315,-0.1157080862396191,-0.854210105083749,0.15276536161161539,-0.6484226552081185,0.41314542444793967,-0.35001263014389217,0.40086112679098834,0.24210451035967784,0.17189005735800952,-0.3915314722845047,-0.5259120332347454,0.6348649537746452,-0.9694742516396365,-0.6001984599989458,0.1797716971970314,0.5460574173777772,-0.31600003002678706,0.24917423620692322,0.03727324161202562,-0.7812793085639873,0.29298837482653395,0.6094360405696967,0.9999988332186885,-0.9271290005939042,0.2551284541531083,-0.1337216427788909
OK,0.1804262132406475,-0.6697251106745306,0.03295079756067266,-0.27029494514267044,-0.20397142443019597,-0.5610540657110278,0.061925083015585296,-0.7145668111600045,0.4457117736822597,0.14409560468913724,-0.851366923680679,0.8275131711037991,0.17131416211596556,-0.3217648445431787,-0.9235228013257691,0.13740189202276068,-0.2698126480124659,0.9017835846330434,-0.9562031450849049,-0.9203761816712509,0.8835097752951371,0.9257433503344482,-0.8334091701671905,0.37587365269427825,-0.5466967629271483,0.4423926809529797,0.6808169569982547,-0.7800016390198343,-0.4530877298845568,-0.9672584789940992,-0.9071554264847325,-0.9951730224940782,0.6490905673062274,-0.3866801026949096,-0.03946825679011109,0.5467673589426237,-0.010491367837213343,-0.11862739930828574,-0.9999987716800396,0.09846049568217537,-0.7536694875401296,0.5293913836575445,-0.37749089528573254,0.29303168104760396,0.1858556189986582,0.3152815697228091,-0.5119299095832102,-0.3676104924131218,0.789878465806303,-0.9240567991084592,-0.5512566746813732,0.10403229913910167,0.5400372004807633,-0.2609461610896969,0.27781007604554075,0.06411551894788906,-0.8061922303083725,0.2550920426084004,0.6813629391376379,0.9449739486630756,-0.9254128954752544,0.4091224368289131,-0.24675758229628772
OK,0.12874541731225264,-0.6661867895773341,0.12747262984673563,-0.052481862722677235,-0.02545993367287202,-0.5196590822911951,-0.004363186804016782,-0.6405795109966516,0.4458177738486283,0.09353868913946248,-0.7244993316492873,0.648556375215257,0.1903650433841971,-0.3305051953650512,-0.8642823327220097,0.27275841188254085,-0.2556052961998676,0.7969403278516661,-0.8898989379314934,-0.8424807159649844,0.7515479191864869,0.8957351156494155,-0.871149083476071,0.3590035677034003,-0.5141164735595706,0.3578236663276761,0.6893636812135195,-0.6910304075716691,-0.4807315184247551,-0.8624198753828282,-0.9999988703367407,-0.8757283004402597,0.6242813290798124,-0.3392344363540983,-0.07288414286162624,0.4983791122581206,-0.04284263552045594,-0.06753223849316412,-0.8281019613313271,0.07886498201843024,-0.6777045005788904,0.41430212783354664,-0.4732728826180868,0.28152573426213867,0.22462736167819639,0.2315710176140997,-0.3450212603554603,-0.4243806193064088,0.5966085909109731,-0.8688273231397846,-0.5638037395003517,0.18846858604912578,0.678057492589841,-0.24224593266532585,0.3097543729849932,-0.02333909555219858,-0.8414640213080248,0.2490859683069385,0.583399144798814,0.8687027051308472,-0.8245385353839895,0.34167578692130074,-0.18115510024903325
OK,0.10535715902310334,-0.6757237403318503,0.064057959888128,-0.2362557485632121,0.011626628542698235,-0.6151951491492295,-0.03223217039551711,-0.5352263164941948,0.3975251283489163,0.2289525114328765,-0.9246786143764357,0.7936143901508345,0.3879205943294527,-0.29188216889981433,-0.7981812987830161,0.25002070269332727,-0.18789427840196127,0.8036871517879042,-0.7774169312474336,-0.9586463902182129,0.9410945244016728,0.9252902150348296,-0.968906658154067,0.4013831662349193,-0.6356438211880487,0.19225321529898715,0.6408907227098464,-0.7957665116760524,-0.5005216812988779,-0.9999987907602873,-0.9017329519270861,-0.8957936272292976,0.5469046439939064,-0.45561080014272864,-0.05735303981888674,0.6377287836066373,-0.11418301018338757,-0.0671958470883299,-0.8624481838911273,0.11010234618438453,-0.6982197027815802,0.46482137983869276,-0.4525385619131553,0.4716299995062113,0.35976716514703766,0.1952980848452582,-0.5306602072418168,-0.4683869268169819,0.7189432883888479,-0.8989822638501551,-0.6227881457687856,0.32114418033604225,0.6153867566883707,-0.30281266193195877,0.32859470927467443,0.1529120094231693,-0.8886433424232604,0.17880998756441416,0.5080593907271802,0.935310685780524,-0.8364770263081298,0.34995266446792833,-0.09737691816152433
OK,0.10295724277031028,-0.6668651363167034,-0.080889639999406,-0.14001334321415118,0.041041685321893534,-0.647374133590075,0.0994102312287637,-0.6879122119617973,0.40469520478049803,0.1617949601648783,-0.7736799319253751,0.7469121774197811,0.18929481375750343,-0.31842333938869033,-0.8336238967555659,0.24412108026055457,-0.26513990609639926,0.7519878259111348,-0.8667385602007417,-0.9839222695040108,0.8191819292475507,0.8853054608984017,-0.9566977989613296,0.4312254560471009,-0.5263960271405664,0.5370122546431282,0.6641443106014407,-0.7692182373602288,-0.560548546275129,-0.7996135684414498,-0.7759382773657921,-0.9999987966427549,0.5690293880531679,-0.38619352592295747,-0.03353883821340527,0.5250931909832881,0.03664822056513985,-0.02875157948786598,-0.8918442908643568,0.18299530322073815,-0.7438585690867903,0.5707572899763755,-0.4054318166003493,0.3068175104289264,0.2675101692309829,0.12986611476484364,-0.530085903343384,-0.4745355119676351,0.6346363508565364,-0.889627142010334,-0.6227521819674973,0.24416388446278134,0.5369801328090082,-0.19459377136221329,0.3248918981972215,0.13438310271526233,-0.781451523765471,0.2535940818274346,0.5434062797926729,0.9858648072919768,-0.9529947063720556,0.3208602530269905,-0.2110231363456264
OK,0.24770977377915057,-0.6304053069396113,0.09648113565452715,-0.2517932192110488,-0.02224562392988895,-0.58442259792026,0.008412500638211928,-0.8078830147044295,0.6010872834978296,0.18244413035354007,-0.7986057168954135,0.6859126541278161,0.3190595931115009,-0.2770718729320151,-0.8416415628910194,0.27700560544729835,-0.10543628490699995,0.8626632492468037,-0.9993888292620928,-0.8932510971488248,0.9201325758111936,0.9213435079542033,-0.8941679818502214,0.513795371367763,-0.5597070445795714,0.37298137170477813,0.658914930983673,-0.9003294372291423,-0.5333170293950101,-0.9782799176126078,-0.9104615002784735,-0.961714843722104,0.5256715546113361,-0.4308201003602275,0.01819080920784158,0.5335659379284523,-0.021554243053863872,-0.010521209542740067,-0.8951115773016174,0.14791664209113295,-0.7224635200025212,0.47714930274776546,-0.5026028690155192,0.3257515129529323,0.29422934644997234,0.2269071512453048,-0.5280441136997723,-0.42171574233196746,0.6792167999358222,-0.8405808994110496,-0.5499177345313871,0.11463224409639686,0.608381859945007,-0.1798687642886066,0.3427369317250514,0.11796324979661739,-0.9999987699853684,0.226226692753346,0.6307068164528378,0.8427060167679784,-0.8879562260429745,0.2718342787885987,-0.14963848909831923
OK,0.1493568152905284,-0.6683570293356521,0.08091167530380142,-0.18262459226901173,0.12291741979346156,-0.473361873389027,-0.05896742932624181,-0.5987704624222348,0.42299131512916177,0.10948580518634997,-0.8948884541789278,0.7242188587797562,0.28288262914838885,-0.3424608625647301,-0.8391343639693171,0.06005593310022003,-0.25590477605641954,0.7171489063581099,-0.984636268063166,-0.954056972907193,0.8641043554941448,0.9290071114784456,-0.9582473228807926,0.4486721214399124,-0.4841730128811763,0.4051357154275488,0.6543467951959516,-0.7936669505604247,-0.48034228135440266,-0.9536156756871563,-0.8343390690644212,-0.9664752185041631,0.5982247209990615,-0.3317843826805238,-0.0015411856042780521,0.49163548046887956,-0.10718617789629527,-0.2017250427556398,-0.9055954919490067,0.1178954006122588,-0.7540761422812844,0.5302669415444479,-0.5824101499521476,0.31767951980442843,0.2136518030202686,0.1425224025772972,-0.47677885542012804,-0.29789008117887633,0.7326021410160347,-0.9999988038838312,-0.5370775512461923,0.13269713575089087,0.6975022328870597,-0.3238168172876777,0.30020883080684685,0.2341178521016564,-0.8543312521330653,0.34291154917388417,0.5964298853945175,0.9372312398805271,-0.9531607150875224,0.39078766196236,-0.1931740295333244
OK,0.2348213505167288,-0.634948417841341,0.005830395897201821,-0.1281662774608344,-0.042288420966910815,-0.517098667175237,-0.07051941661326697,-0.6096953339773574,0.449796542033635,0.26003727768805174,-0.7678862236628403,0.7040835722941579,0.2713130625745227,-0.32121584332112896,-0.7397195442289768,0.37001873683739894,-0.2210550434806337,0.7899827454750634,-0.7900738894996783,-0.7638028331889344,0.8293064689855933,0.8765861865429763,-0.7759368901687823,0.37624664097368643,-0.5205996725928074,0.3777394452329909,0.5688876499579859,-0.6683222160228675,-0.4186286740642381,-0.8472194351925655,-0.8002018587817753,-0.7774990902349765,0.5701318162578223,-0.3039449991987844,0.030778538988581773,0.5123068240248485,-0.009714450149222542,-0.10135806078136318,-0.7794672513581945,0.13424640928518197,-0.5885010114609026,0.35387899802854195,-0.40857669311721556,0.31102679445447023,0.16568685834996627,0.12197814121388545,-0.3846823764535716,-0.40391492571796916,0.6822460950844458,-0.9999989003129003,-0.5015596963655422,0.2530525096068182,0.48178505094534496,-0.17182326096530173,0.3684281496958713,0.027236999016875495,-0.7602726896123874,0.22511666553051485,0.4534708930929857,0.8483154795278102,-0.7503942691543294,0.23433711359132725,-0.04980219890888567
OK,0.16248587125252814,-0.6960051722836178,0.036041725188576165,-0.28516592712701055,-0.013810684951554597,-0.5874719553717189,-0.02375664224615106,-0.7514785711645994,0.4592997066238699,0.19077706654997068,-0.882973994896539,0.8052006605688324,0.2378415036002854,-0.40013351651330364,-0.8697459694066426,0.30120061813310534,-0.1592877010881858,0.8695000994497151,-0.7775593308845213,-0.9555772467571718,0.8122586804655052,0.800803029056168,-0.8332799639989604,0.40056728582127754,-0.4546038094153697,0.29877591002234916,0.6602798646921967,-0.806560234229174,-0.42320182381663657,-0.8634392094330985,-0.9881060468594262,-0.9222515477593269,0.6288416272120115,-0.31742044120294965,0.01167245587544332,0.5581487205525826,-0.06492356142677928,-0.07105032775542965,-0.9999988114058392,0.03363229165868104,-0.7013035935515695,0.4769528589511711,-0.41772244849623025,0.3600549961032275,0.379572952159543,0.24593012095579017,-0.38021388301392434,-0.4935331088876246,0.7327166514086105,-0.9429571184579444,-0.6350216657224989,0.15588106506806487,0.6946055792446817,-0.26980042214328637,0.24495588736077006,0.14899535543813097,-0.8542824797846704,0.1840870315304023,0.7694412881853168,0.8646769224414305,-0.7836645270070858,0.25622971724794724,-0.12530223514856678
OK,0.1260319707739078,-0.5669161565973462,-0.045684757723759864,-0.26938335148722015,0.005918838203713078,-0.6386995517757705,-0.06358361290043192,-0.6284217612892736,0.3626991286464404,0.10233754161519844,-0.7737037219123553,0.5724566045700034,0.1293342001135995,-0.2529865575443211,-0.7561321681604503,0.3616512196554966,-0.19234759347972366,0.798600425239619,-0.8520456511688528,-0.831470135754591,0.8233781799435195,0.7227098049517573,-0.8109078342656059,0.35011901004465557,-0.521528159365099,0.41428257125142187,0.570464286973953,-0.7080168985218978,-0.4404359235501245,-0.8773430475708386,-0.8105538699618856,-0.8331934244928326,0.5856021006974969,-0.3694809466236943,-0.08180805300217478,0.4806003801145977,-0.028423791925181192,-0.1707213303479575,-0.859549702517829,0.12909051309462038,-0.6634889553214002,0.4214860716633531,-0.4243460857373455,0.3820203929986178,0.27688350203849005,0.26754447311015533,-0.4090935510513834,-0.45038732307024587,0.6946366279726528,-0.9462379973903686,-0.5984231002513879,0.18839557895430414,0.6011325971629903,-0.18139191434602325,0.3204702678011342,0.14335624918527276,-0.7276062711394143,0.27278004338739564,0.4958636192002501,0.9999988866108499,-0.7761323364897372,0.2750560560127613,-0.13155290590673607
OK,0.06167262586029521,-0.6553585738929723,0.012850261945911741,-0.22036960016936394,0.009015823160153494,-0.5620810037765959,-0.06846303812702982,-0.72537217475894,0.3426048528583187,0.22772016937074988,-0.8037754078596387,0.7750877844994571,0.4023774182231811,-0.39764138249368014,-0.8331285876423749,0.33263379596943476,-0.2660685248519491,0.7447355736222024,-0.8414008231257901,-0.7155000422103679,0.8801108056016916,0.8226180738700206,-0.9281894634179879,0.3766105265923385,-0.629090204286645,0.3684375554998094,0.6921161274752923,-0.7460707845250228,-0.5750197812768887,-0.8725058143281083,-0.9133745323561119,-0.8963612345966748,0.5204970895248452,-0.31068236390472703,-0.052900181402324394,0.6188244699790091,-0.0014944332709512567,-0.10820404137003388,-0.9113218187681699,0.07767078406836325,-0.6801159045985208,0.47123154810145895,-0.43582366814110146,0.36214681239608415,0.38608340056349133,0.24646571850177015,-0.3810804652995483,-0.3981790728273198,0.6678262708555582,-0.8740796834897532,-0.604693187365845,0.18245650300711136,0.5308371678254853,-0.2274567981585097,0.25452797973574415,0.14405489064351637,-0.8165720974455563,0.21172321094877364,0.538205822812921,0.9999988276089397,-0.9053296583833549,0.39324599558631496,-0.2082533479262382
OK,0.22760107108105782,-0.6367596130869643,0.08356479965727827,-0.27239307122895473,-0.11552661643854271,-0.5544215077511477,-0.058022883473407505,-0.5799743651434591,0.48029160753729744,0.13872880248622307,-0.8466059814852473,0.7156807711343636,0.18547439187971637,-0.31668986700409557,-0.8588892218396422,0.3172978759055784,-0.20083340109092862,0.7155439041278107,-0.8996283254054376,-0.917478649338655,0.7941193970964263,0.7686589203599025,-0.8327288168874439,0.48217203099736977,-0.5817362037098096,0.31475285051658897,0.7263314500138579,-0.7987502733898013,-0.4163585293705638,-0.9370482143245028,-0.9834476157557608,-0.8921669718070802,0.5306007128523289,-0.37063797707436963,-0.033268375695961985,0.5751451719810241,0.015356143924772624,-0.11399942186058842,-0.9072334791435299,0.12790570312382912,-0.7877479241372706,0.5205229699782151,-0.41254111908573887,0.34805153148063633,0.26311928721930644,0.25408856050260736,-0.42432164857963683,-0.3962392849626889,0.677533723173564,-0.9999988247422634,-0.6093736720057552,0.15142039133575833,0.5689335910475686,-0.2612839629202823,0.34671559292721,0.14661409850397109,-0.8065734671806885,0.30228397553404046,0.5930518334216401,0.937898556088464,-0.9067497964461038,0.23813227082828667,-0.12795567381824102
OK,0.047123178269778895,-0.7003283049280801,0.04366116699422953,-0.24723972257068452,-0.037986974842882874,-0.5640740562973761,-0.03154493991204305,-0.6585072402278236,0.4639496582536069,0.11017407015686764,-0.7646968405581515,0.6167427356497318,0.3310734815650646,-0.31617705352518943,-0.7988366905711964,0.2891396252027674,-0.24185108887861656,0.7251803367073659,-0.8809878420853969,-0.8221383993256697,0.8010015656719848,0.8883454462694346,-0.9999988181387967,0.36074442174551014,-0.5773883643431132,0.48012629626910563,0.6182321367970046,-0.7312671247425062,-0.3997646730813848,-0.8405456746816423,-0.7727005467425753,-0.7907997149001176,0.5719036362615595,-0.3533486499162813,-0.0013182209467544905,0.5727172320259513,0.015363855691814515,-0.03240258305488463,-0.9063620984662882,0.0722999010806894,-0.6743927064703578,0.5436294749470142,-0.5066843998008765,0.27839577544860683,0.33269372128864527,0.18913224420391422,-0.46512845440224254,-0.4676978088209772,0.7010013304038012,-0.8560772015652555,-0.5627219321896214,0.1810141917200694,0.6785978786810889,-0.2164884508371641,0.348805939394911,0.16480660316771203,-0.8538536873672404,0.17586997368269083,0.5735860884965531,0.9897467619967433,-0.9591626545219578,0.22495282516314444,-0.2687667680856765
OK,0.06451220297254427,-0.6808631648562572,0.03987990179527831,-0.26087511448110395,7.712395667624953e-05,-0.5610031027264453,-0.11725022133969727,-0.6522622252380952,0.46233060157938016,0.2861762496722429,-0.7701767988712486,0.6220915893033507,0.2299026471809537,-0.3320354710524482,-0.8102668897199073,0.39937308174279784,-0.2666953912073874,0.7205225826139543,-0.8381956697853264,-0.7514575524978323,0.8750493682089748,0.8450857119416961,-0.821481322484993,0.5062912374504664,-0.5629294161869561,0.3165515750582024,0.6893643138043389,-0.725237724696711,-0.4056075610430498,-0.9128259889910859,-0.8254456793846684,-0.7847282487443693,0.5725157351092593,-0.3983061253828107,0.020524147098640675,0.5163933899299848,0.010223546249577989,-0.14258703799276748,-0.9172284486865941,0.10317895698633929,-0.7316156530537198,0.5502399690692246,-0.4397404061437608,0.39818694119878706,0.14122806080286163,0.18687719966382538,-0.47671141601859374,-0.4481519979569928,0.6155293858829314,-0.999998837037309,-0.5535133185570549,0.17050569547922842,0.6222512722988909,-0.33209866908124597,0.1903875810773808,0.12038005297965279,-0.7734884209109564,0.19075213334592359,0.5249519771820789,0.9889613100395446,-0.878545389520176,0.23978752713778997,-0.24605423244175634
OK,0.10111045410040147,-0.682121575522593,0.07983352414085017,-0.20206233591631861,-0.04799608273522301,-0.6395526359919609,0.08484063277441667,-0.6162804721160844,0.5248737423036329,0.1774972903424844,-0.7889367646998281,0.5964084637672067,0.23672727880686847,-0.23884329693681727,-0.9115454431796655,0.1956743645525688,-0.2527457302994185,0.7344513659222607,-0.9530382651153676,-0.8731969852830231,0.9165057135943881,0.9133674988119505,-0.9801990015667172,0.37643062210346806,-0.5179411427166983,0.4281650798403822,0.6988265199357988,-0.8239410462783876,-0.4572891786082074,-0.8088892791254028,-0.8123013415021088,-0.7878348984036433,0.5426208423526978,-0.3269571450744971,0.06457839818917936,0.5259477604214178,-0.05953071911660731,-0.19453993508704784,-0.9477705218910396,0.0404877564767935,-0.6220993424089635,0.43316883528672906,-0.4419468148920831,0.19960834564028407,0.40540264031388634,0.30041949209881347,-0.5456884275630955,-0.43094493606163825,0.6858375117575817,-0.9305569579655859,-0.5761115399674468,0.1642787821982815,0.6084203801877249,-0.382374926721635,0.3010416333359151,-0.013868566891910902,-0.7613749197652575,0.1465716038353914,0.6233335478994834,0.9999987942360773,-0.7950426021842781,0.41569965199826914,-0.08081703682490482
OK,0.13395830282257273,-0.5590033394949769,0.047738697095238,-0.1695489074619297,-0.07302798428233989,-0.4533548711588704,-0.044267277052197455,-0.6995335141295544,0.46849961266943146,0.06915677322113044,-0.7622748541566753,0.8040525942847436,0.23600143704836526,-0.3337104852995734,-0.8768696227321101,0.15559484219384903,-0.18167225584278252,0.7452964530340628,-0.8130089459715378,-0.9658969350045503,0.861483099766267,0.9613846999777176,-0.7851603224412371,0.41106759119481945,-0.5676849144759406,0.3743860850186122,0.6815396351537738,-0.7565419284853542,-0.500525557014137,-0.7486705900106018,-0.8873453152670341,-0.8826664244549243,0.5805879094031174,-0.2436695657497172,-0.029550021550817138,0.4226095244231938,-0.13104413093420236,0.01450376975583566,-0.9999988596854551,0.1284701908025837,-0.7708989841575064,0.43788179748216255,-0.4789690723574775,0.20632348845794618,0.33628928221809057,0.23743500020385883,-0.4495452331197922,-0.4577209113220205,0.7244435603762628,-0.8837539732706826,-0.46214695105927456,0.1754856222689236,0.6027166312184302,-0.32865875016496693,0.25525613677692227,0.16343640774099125,-0.7272867830334399,0.32711743398658955,0.5980933423323692,0.9689313769190985,-0.8226018364245735,0.26847761532065645,-0.24223110785122323
OK,0.13620396868131265,-0.7700505162504171,0.10313439431021734,-0.14191545509877532,-0.1069775594182079,-0.5476533221959204,-0.07364204685325496,-0.6225405554509585,0.4881038001585597,0.22106959279087898,-0.7682914174229641,0.8338254810069242,0.22916188886029887,-0.3197496860663428,-0.9897046097275526,0.14693826019754186,-0.18533597949969483,0.7487215556362029,-0.8911072020838624,-0.9323008119050699,0.9167017559725723,0.889122283063227,-0.9932551899714069,0.44208403537159646,-0.5561317526160928,0.35367910401298813,0.8005424866360339,-0.7637256832564755,-0.5026474620509691,-0.9999987235303859,-0.8768057353140571,-0.9210474443083103,0.4893794837075547,-0.398470238728445,0.1095161504190591,0.6499107721802437,0.06329067255451605,-0.1893545793411278,-0.9895202759927164,0.1272721887604701,-0.7665491482404937,0.5076803285198711,-0.5736251813421882,0.35985792170162534,0.24881681398184255,0.2756946540760016,-0.47792448029198675,-0.5986848364013332,0.8296648331463008,-0.9672349558775591,-0.6796714971467953,0.20353837145401493,0.5691369411865637,-0.29329197059867296,0.3568607469355622,0.22810019865035727,-0.8950215891795007,0.2517823277848612,0.7172119665211603,0.9317929313184954,-0.9513465190959599,0.278628300605365,-0.16614861005021517
OK,0.188042417223217,-0.7159001117321616,0.09523741127883253,-0.16941904435568556,-0.029651035109901577,-0.4752984382340586,-0.04351603935563375,-0.7139835210148785,0.38635650839578417,0.20144812052320446,-0.7961833191876566,0.6602060056863415,0.15641110312763656,-0.3251348811918877,-0.8294896811587541,0.16015042545998737,-0.30950480969431216,0.7127516591219172,-0.7952574042047581,-0.8640902047691184,0.7346288182494711,0.8421518128990226,-0.8583721984633548,0.3090877965059584,-0.5768315143558972,0.4093361364276516,0.6018332549147551,-0.6825950377265679,-0.5640905150148567,-0.9531669752711021,-0.8299062761700591,-0.9000925832270967,0.517445157377679,-0.3589114003162541,-0.044494140019285866,0.47051398425491786,0.01871726250912733,-0.11872728653456623,-0.8875386394377724,0.12294708681614669,-0.7294504974281931,0.4247001018043256,-0.46107563386283523,0.2726802512654948,0.2657352205237599,0.19030272404368545,-0.42363000442634696,-0.4296941473710899,0.7620590212878166,-0.9666873015867583,-0.5909913557443236,0.13767503724990873,0.5502078968938795,-0.30464292259462034,0.3159868689253403,0.02022013406350085,-0.7490248531267336,0.2520129818513757,0.6890305746865049,0.9999988611372518,-0.9025167978327474,0.36208551391752536,-0.17417623559529616
OK,0.15278011339391875,-0.5264308809103297,-0.011265584687785938,-0.18762664959052971,-0.14923465783902679,-0.5038301526442672,0.12183043239361398,-0.6080017338521352,0.5251468075771693,0.23729332276683926,-0.8121807980639959,0.7319652550329103,0.24136176486760547,-0.4034655284621043,-0.7492985124895148,0.2132380386365043,-0.24414746965188175,0.7312940913547878,-0.8495296403468711,-0.6762993717160047,0.7879949118276196,0.7627641368017058,-0.8553786100619567,0.346191288305128,-0.5333460629995698,0.4042332745493832,0.6129471323511636,-0.7517427468489317,-0.46157454951772203,-0.915988355587206,-0.8375468931357465,-0.8445733766046537,0.5439165875539714,-0.3603621141424962,0.0079880568798525,0.4885414353984776,-0.09326964076724431,-0.18890358977385027,-0.9629077189176448,0.19510800189157715,-0.7864609497231023,0.5205318051854875,-0.482772238947561,0.37819619255143516,0.2435953747664012,0.21541446408831613,-0.39712396486453183,-0.354706521472434,0.632146978667019,-0.927360923302187,-0.553895505432311,0.1109212849692915,0.48225660226761397,-0.2383818557759261,0.3192601798100457,0.12375939239379678,-0.8029494268889659,0.19212338749112806,0.6656233702776325,0.999998855576898,-0.8551073747257867,0.2539549437575078,-0.21420871709170322
OK,0.15371348080783134,-0.6677067194688423,-0.035395459386210026,-0.2099089289832337,-0.008433164778616536,-0.4520166108016736,0.015239106273568625,-0.5882091708270825,0.48322758553196216,0.21404481906709136,-0.7716147032781175,0.7331297187310316,0.26139624711486725,-0.30635018727343205,-0.7916160096029643,0.2655049201764901,-0.19538477681510394,0.6145179013866824,-0.7944794313099544,-0.7458135051899586,0.8445601109247131,0.8383419354272035,-0.8224623389724012,0.35814278606066163,-0.49612414819005757,0.39418318084891923,0.6696577247443862,-0.6523799298856812,-0.48799503761774893,-0.7774876513167013,-0.8362959626467962,-0.8161554516665551,0.4979523889980604,-0.36017035075139925,0.09984212690648994,0.534251213224919,0.003483772795583979,-0.046924585843174105,-0.9999989007597793,0.1109383436097613,-0.6874608958936804,0.4183267960745013,-0.510104721999392,0.2943166306276068,0.2952921480727374,0.19713445020174317,-0.3659715806685613,-0.40570932778447244,0.7026182724063817,-0.8845015631738845,-0.6630587977856568,0.10690759239705327,0.5302582622696291,-0.29751446341091575,0.23741883266153582,0.16311073462805237,-0.8483833698730151,0.2970225150174467,0.5078012561280437,0.7977371082728058,-0.8348667927204426,0.36389683411178575,-0.18943796996428675
OK,0.10841589377127395,-0.7037508148305973,0.10514742358818459,-0.23231198279483972,-0.013172770060462495,-0.5881276887863554,-0.005132235786994355,-0.7186940350462323,0.6007876968979173,0.3561744856207208,-0.8829358642617342,0.7001914675737521,0.23131907199960092,-0.5012062807892325,-0.8903436548786596,0.3832931265521969,-0.2856255973258193,0.8678012140996211,-0.8241980391722171,-0.9591057335298883,0.8943199994332633,0.935742008159632,-0.883721611813307,0.4740042912897911,-0.478601187917509,0.3479036211918826,0.7356565528666495,-0.6937238024818204,-0.4158896926955028,-0.9218798693306015,-0.929537987057946,-0.8612117329733128,0.6241163020766575,-0.36495665845420744,0.034316902681845445,0.5075174429093597,0.04210694173386853,-0.1297132113787375,-0.8901602878118187,0.1350298479544977,-0.7019461737207737,0.5484235886563601,-0.5098543371680931,0.28706628821035296,0.337051908068657,0.1767492260259522,-0.4788433059869925,-0.4804298221075618,0.7363435913760044,-0.9163498168551405,-0.7217954831796691,0.1720534954428557,0.575898823007336,-0.2925168824996506,0.1792807733292794,0.18203634840479094,-0.8524456140899674,0.2311218083310046,0.6635506877865769,0.9999987711892814,-0.8936389542016192,0.3137293371676888,-0.16157044447733243
OK,0.18096736963354756,-0.5856620742370148,0.12908574947582596,-0.18011774520874754,-0.0005596019986517394,-0.553408111921394,0.0197424873513667,-0.6101838299508388,0.4152572212715103,0.13297318752003834,-0.7242398609701869,0.7285313417241531,0.2927033645057803,-0.33150935069813037,-0.8757823881160773,0.23920298811146767,-0.1849455043463389,0.6157844177140195,-0.8394855070489596,-0.7939458906166649,0.8238270871765553,0.8184869364545342,-0.9198172287130864,0.3890785679640662,-0.5714820927438715,0.4012855112317336,0.6686924716842196,-0.6358638323327918,-0.5814236240194833,-0.8777893327073889,-0.7816401129164174,-0.7842051523220467,0.5860979096370141,-0.4176381831583486,-0.03937701868860959,0.39325683946692247,-0.006561143760810606,-0.0621545480176978,-0.8807857777713034,0.1552646134992613,-0.6459985596541253,0.45959391535861044,-0.5741758643953996,0.38985382853554096,0.2881608627116294,0.13998227886224443,-0.39953751981791324,-0.4089193776693218,0.7289008677939176,-0.8523401041921406,-0.5477550725575471,0.2099997873626462,0.5285943160013299,-0.2176334990956578,0.27539778070005294,0.04940021124695425,-0.8227789555202125,0.15559709018230156,0.6260640283407386,0.9999988724232833,-0.783460372272639,0.3099760146341816,-0.15785329378465057
THUMBS_UP,-0.7112139548693895,-0.2033340312118522,-0.16221616995384816,0.2413776862969496,-0.13851633651264006,-0.8497265960824477,0.8870844862907438,-0.19997141737992247,-0.2778222887321079,-0.2159562950344093,-0.6138684062625898,-0.7635504016308584,-0.7434481254563416,-0.67704304792251,-0.5593709583637014,-0.1087090396877238,0.2295875674948002,0.26015606096492117,-0.983046550999655,0.9386235620191294,0.6671964277181145,0.9635289211100803,-0.2744037456489379,0.43253705888625893,-0.6224288210999271,0.7059776161657217,-0.7760942936714618,-0.38061116512059884,-0.03358247732665848,0.28943366374911134,0.10873827491663969,-0.7477327588137456,-0.20042915877583178,0.8495232755994595,0.8075125196075954,0.29136958474624913,0.13695648094449045,-0.9763406337877671,-0.7266543549059454,-0.4961811655840554,-0.1206673836774551,0.4258510098381329,-0.08105882431206335,-0.938968725148493,-0.1511531266864843,-0.7790672703139414,0.4258317830989546,-0.7473857186467207,-0.10605002072265934,0.4337250145902807,-0.4885972314395386,-0.907445913059809,0.0931097679999553,-0.9561846677469394,0.1107586171167774,0.44443968545323104,-0.46295350743028835,-0.11088435654330625,0.9999986972712248,-0.1051912698671406,0.8433932199442108,-0.753171323998441,0.33190079193040106
THUMBS_UP,-0.678043585712102,-0.2038195310516244,-0.12560702518672806,0.2402148501682513,-0.19322331842341187,-0.8301101531915792,0.8238839042212819,-0.09640028289033667,-0.18630336995449145,-0.1123849206454626,-0.5320844909250134,-0.7110510594209106,-0.5641128765431604,-0.6451583774405685,-0.5195467487698011,-0.1957507965920226,0.24842003833800558,0.2947180820852587,-0.9999988431120126,0.7488247078512581,0.6528256946497021,0.8944004278686428,-0.19924450310406147,0.35412436741346265,-0.6342314203122578,0.7140455545307776,-0.6188959053670219,-0.498859732618139,-0.03329702841757236,0.1478411538399224,0.15638267755880988,-0.7626270942853417,-0.08141008692716015,0.8150967590357757,0.6314122505818899,0.15992237672901294,0.08901402578426415,-0.7081100533039077,-0.6000308521760883,-0.4535633153558157,-0.03760131440519028,0.41943958983916074,0.04593723151678814,-0.7130208333873539,-0.22416260905227367,-0.5657130045440254,0.5231835705282526,-0.7317844432087677,-0.07287306590319186,0.38322179753790286,-0.472788808855888,-0.785050324067164,0.11819974390793897,-0.8794721852449168,0.023643774544256684,0.5877835805690625,-0.37197162307761955,-0.01135562026214182,0.7844586052743548,-0.0015802392367703802,0.9257780462770723,-0.6260199642556582,0.23436043830939066
THUMBS_UP,-0.7627359950901539,-0.16510322239664033,-0.09509086770448658,0.19601573643732284,-0.27485295663235587,-0.7720227251265662,0.6899557714670603,-0.2318283063172986,-0.19797659604434698,-0.015710084240836683,-0.518884676667259,-0.754929592225821,-0.7978645739569185,-0.6897578649609882,-0.6028046953779133,-0.19836400837378165,0.2185497482243308,0.32793559400488803,-0.999998790716634,0.7938767629583774,0.6693771044309518,0.811824667522137,-0.3217081659737374,0.27425665572789865,-0.6389698443125126,0.5925545815276133,-0.6741497051583828,-0.3768919992865541,-0.08248007107058707,0.21973623980303084,0.09495611382847616,-0.7324574110522828,-0.21875907301839095,0.7780441078236089,0.7071048587541907,0.16792143328318185,0.18554972727391747,-0.7773819736639029,-0.5348028648253379,-0.4559351538251637,-0.029300288828091898,0.3901205423819269,-0.03022684524269391,-0.7795272836946173,-0.11863773113616008,-0.6560166551587863,0.47341146812566615,-0.6688118325594228,-0.08350035309818872,0.27646024703607724,-0.4410170105386646,-0.8500512318863732,0.11472901430355732,-0.870668432897651,0.2360642610206889,0.6073714844283574,-0.3205834900837205,-0.032035221051936305,0.7616624007075606,-0.14318548691759278,0.8534973880703461,-0.7117701491737987,0.27783467221645364
THUMBS_UP,-0.6524427716461336,-0.18606311053073654,-0.1511233667188146,0.32327279281010707,-0.24621465255272368,-0.8360788224581108,0.7549472542916557,-0.11650479883843526,-0.35630765610463155,-0.1029762295822078,-0.4917388618547753,-0.6963075361323793,-0.6873205479442358,-0.6268571252986118,-0.6448708177942684,-0.05351823945517423,0.2315705770412032,0.2563252641499787,-0.9999987807666558,0.8943012166322892,0.6419692543979723,0.9514258041114243,-0.2515570290797452,0.3080495136873016,-0.5909543221758166,0.6395106316799557,-0.7191777073949914,-0.3997664326539012,-0.008806393246191471,0.23973000702867067,0.21627232447791098,-0.8845623917867588,-0.15122809914053154,0.8548498601428112,0.7444310839323759,0.23862834091201196,0.181051298501036,-0.8176114392667704,-0.6465892657206094,-0.4634960291560805,0.037355403829680174,0.4600661862482762,-0.1728093602978977,-0.7933074696431033,-0.07616063493513085,-0.6793800439537238,0.4971224346061139,-0.5856315740176793,-0.10736089560861355,0.352053178774177,-0.5620991719230726,-0.8054032363014417,0.17059948294071495,-0.9598891358635517,0.1708792240312837,0.5475139430589773,-0.44603668920060346,-0.02665313286909416,0.7623009212706755,-0.09547104589721674,0.8159533450936917,-0.5842071613744229,0.3858907521444491
THUMBS_UP,-0.8336701155588632,-0.20840623654210264,-0.21653183774961068,0.20239938480395486,-0.09651295575606997,-0.7341778942221832,0.9089784394191309,-0.10715896123649954,-0.30982508330345154,-0.2065361347827203,-0.6620517435822699,-0.7444838745061277,-0.8392166369230996,-0.5553623682260511,-0.67852458327456,-0.06493043705721306,0.2423298234612907,0.32611064227482567,-0.9670009948748903,0.9841369039962696,0.6454740218935368,0.9263910591980814,-0.30209327731977337,0.2631166865145572,-0.6876807732048799,0.6174951955792247,-0.6459229480858847,-0.40652420544298,-0.1348030139702637,0.29310522472239253,0.13851696784665876,-0.8413033093624235,-0.09350732385584612,0.953943383825512,0.7386649230214649,0.16260061881222868,0.07956427153083911,-0.9199154245125957,-0.5968890720235095,-0.49823027461514513,0.025370140650042287,0.5751603900230057,-0.031941029440068,-0.7352641479664741,-0.26614314711930914,-0.7352730178918832,0.5961067450398028,-0.784111000364338,-0.030942834724430372,0.4442808064177694,-0.5466712044523773,-0.8740478871035613,0.17380613625538785,-0.9327580034026017,0.0891163194005446,0.5707835916285713,-0.3428540232939487,-0.12069875380808971,0.9999986755084455,-0.02587252839923448,0.960877672388035,-0.7809962463743879,0.40541579457635596
THUMBS_UP,-0.7713949091679176,-0.1988252356417014,-0.20016996898352554,0.3325005173100463,-0.12008095731995899,-0.7669855275057819,0.8973500264439576,-0.10921788649807793,-0.33179756635189667,-0.15178977463256366,-0.4922758766923594,-0.7794712629715247,-0.7453681531821346,-0.6925869327754614,-0.650480469049385,-0.033683321315147854,0.2479786730560911,0.26755436474428834,-0.9544360898848679,0.7657205422626744,0.7140096869469978,0.8896129865923268,-0.16560052814230516,0.3099623644017423,-0.5989224020846379,0.477869682112687,-0.7504803130876271,-0.36626676746706216,-0.14520971173825703,0.2265491675578372,0.1387833876396175,-0.8574718483932247,-0.1575970975595683,0.8959487039746675,0.6131085134944029,0.10194273265108919,0.12366822195634507,-0.7749293549722588,-0.6029594731928393,-0.4390050145811717,0.006215254627032634,0.5060966308036673,-0.16536582952304268,-0.7386000090250013,-0.140455596418698,-0.5831752286823881,0.5130371601928384,-0.7085969311196768,0.018343685615476665,0.4219039837300831,-0.5947716505738287,-0.8694538617828377,0.105851099978159,-0.814628631924184,0.18818221616672426,0.5522516884171215,-0.37208343778242003,-0.002375435457348776,0.9386959774834854,-0.08032494602336729,0.9999987503830675,-0.7709654803528959,0.3699070300770915
THUMBS_UP,-0.7425169337067249,-0.27799342866532833,-0.05548605416322882,0.20564188235513084,-0.13365601875649646,-0.7788118039952203,0.8793561762445604,-0.07349957752159478,-0.4470773501436825,-0.11650892322443215,-0.6220020433548157,-0.9042204383997288,-0.7624002048575136,-0.6526745940998088,-0.6373526503492353,-0.10201883836908301,0.22987618293559536,0.23286332314443886,-0.999998774297914,0.8195136647318293,0.6074966395503795,0.8576705446852296,-0.21396174814280258,0.28494397727492365,-0.6745567249078394,0.6480570035828456,-0.6445655708541904,-0.39601794805286705,0.028295169294204506,0.21833944478231204,0.1278549218944997,-0.8067720957224027,-0.17852955146589405,0.8170100712047729,0.6547676609605115,0.17563111515376512,0.19650997939631235,-0.7078443620910965,-0.6111687238160955,-0.41989151921500917,0.09365392713351949,0.434338933430217,-0.034642870791258336,-0.8720169622526928,-0.1960499862031787,-0.6560334376072747,0.43083319183652613,-0.5290602357229881,0.0023881182756550915,0.4384990231956684,-0.5348160063233145,-0.8929389584714412,0.09234273753172936,-0.8586738262034594,0.13303042598349857,0.5382759693184418,-0.2911332514941247,-0.022542966016877018,0.7289706104832754,0.04843169279600259,0.960770079960979,-0.5066222738406859,0.44973587037984253
THUMBS_UP,-0.6960475054481129,-0.175729102658802,-0.24650048714369957,0.3029798797156586,-0.02326176047705816,-0.8697670610578345,0.814406769835962,-0.1619954155646609,-0.2414259278161328,0.023281330564635286,-0.5041914406854239,-0.6182553527640283,-0.6428635165662311,-0.5929767205985768,-0.5425110409221247,-0.07783824092515468,0.20562563237473752,0.28690418267903567,-0.9999988390785465,0.7654037124779245,0.5627198823073659,0.8668588199283478,-0.2784189579964623,0.37182633991069863,-0.6676461669848293,0.4883846177857229,-0.7077857556570651,-0.2655195423647711,-0.07330301578014273,0.19868345370276594,0.0936555547313811,-0.6912523119844721,-0.15887985664566467,0.9460026751672341,0.8018432181902589,0.15033135059025088,0.10809640479532096,-0.539484146819694,-0.6193834329692058,-0.46265922813869603,-0.020623059574332036,0.4296022136149819,-0.17387703049945147,-0.6657561945526226,-0.1689829156919204,-0.5432965403996922,0.38198670503886234,-0.6160143258536684,-0.16107976611812952,0.23420728797197876,-0.5535862026299685,-0.8280415430561557,0.20265681351875192,-0.830413303622418,0.23804714579731953,0.44882190485889306,-0.2818602986808043,-0.06375166647919343,0.7503561108502503,-0.15935774252203969,0.9418256210196906,-0.6218963016967243,0.4332093199480168
THUMBS_UP,-0.7008266811359853,-0.0877990839511102,-0.12429265753200551,0.31418683277151754,-0.19945488528271185,-0.8363636312830337,0.911020678920996,-0.1681182103396374,-0.25462955140792515,-0.08191700179788829,-0.5975503689705327,-0.7100455483266715,-0.7341676525618431,-0.6084427668547656,-0.5085346405838612,-0.17849454428644032,0.310275165982568,0.27399640848581425,-0.9176541679751454,0.7655062411026168,0.6389621407821113,0.814224607306648,-0.1677861130869671,0.19750273108048813,-0.665178736918652,0.558250531148108,-0.6157024262165424,-0.2208264022041067,0.021911731380631936,0.3627186811352321,0.03213267479692419,-0.8503477897034653,-0.20597969958827747,0.8273369214263979,0.6597729256184934,0.1304783271495524,0.17782815245383476,-0.8280170541808194,-0.649837315899499,-0.50376173498614,-0.041334290297276276,0.5097810312769768,-0.13072180672192496,-0.7686834769792398,-0.0823538867493696,-0.6055720802687665,0.5735251282361664,-0.6182060462389899,-0.025966379945479068,0.4098574446406978,-0.5432072679730567,-0.8386955845563608,0.015237119896116987,-0.8102354366280422,0.1829896740570712,0.5385973283707792,-0.5015581296978001,-0.025443617305026877,0.7794791040421866,0.034951970191749726,0.9999987881701323,-0.6508548825745625,0.3789362857771828
THUMBS_UP,-0.687971317448081,-0.266109310488038,-0.14063092502803548,0.21847184277268222,-0.042375144664253094,-0.6904351239189089,0.9295004588763968,-0.25235279914468883,-0.2520206142713742,-0.09168970270573047,-0.47412175637567583,-0.7536240050244677,-0.6799988233268833,-0.6305079337701665,-0.6937699933965021,-0.20116020120578473,0.2621629099637201,0.31810448004452146,-0.9999987913502417,0.8115985504840311,0.5275827101818442,0.9853715418564944,-0.20345776918632238,0.3581035531160746,-0.6174103158549349,0.7069154293703848,-0.7035093286868278,-0.39170036977045336,0.04642636302311652,0.24289791735957905,0.043194797042229276,-0.8015938944554697,-0.04938994810093939,0.8427167687777841,0.7676711386264798,0.10551670732812718,0.17954679131853693,-0.8367443419181719,-0.6992956755758302,-0.4344312843113418,0.06385952259179192,0.4320685666216863,-0.10898028060556576,-0.6197471294975918,-0.12906078782476768,-0.6563877456922711,0.5880487470866965,-0.6663018570815604,-0.07330097850235948,0.42331407747098776,-0.5686405893530282,-0.82862840339018,0.04269099807707824,-0.8508965415031505,0.1738457791473022,0.5487253874438606,-0.27826935136434094,0.010799231143814597,0.852982479807572,-0.060297751273750075,0.9970928977827964,-0.7305233248153508,0.2620907934280588
THUMBS_UP,-0.6469295739091478,-0.17063964049556515,-0.14342491703225377,0.32092752126177015,-0.22535242620173382,-0.8285256146626407,0.8208060233743377,-0.1290181574476196,-0.4031284766142374,-0.15058403139115,-0.5348256856477364,-0.8526934068532916,-0.7252950568888105,-0.7845583796808719,-0.5524570116865901,-0.1979339856703241,0.1745644796009795,0.17236484368348196,-0.9999987816104532,0.7243624210965037,0.7476945626609075,0.7591342164851813,-0.3003973614579611,0.3277762599067841,-0.6944037618257234,0.6309545167102371,-0.7088489524997529,-0.24601496999098052,-0.08602814803890393,0.041046901857143096,0.037146073279066556,-0.7521382362377435,-0.1598705145610617,0.8702487064195217,0.7564698946142249,0.13821364685644125,0.11119649991356453,-0.7804834647467201,-0.4695278215410039,-0.44012530868706146,0.09222905562698715,0.5022307048459564,-0.08043637308102966,-0.7910642774068234,-0.10595823775784093,-0.6613787054470552,0.4838875491206933,-0.662869191333767,-0.15908360270120334,0.45385468132294593,-0.532930620477279,-0.9126523366434565,0.1527462043811985,-0.9211847956922914,0.205343548342623,0.5478860000674435,-0.2706196563860692,-0.03251489598615242,0.8106311838621211,-0.09442852257406825,0.9239763052265848,-0.6696971290101157,0.3945475424530944
THUMBS_UP,-0.7524227976012537,-0.27568413886711296,-0.13942960182318562,0.2243727155024357,-0.24524741275210096,-0.7200518942893412,0.9603169151792926,-0.10282952649967277,-0.3434628909211378,-0.10475379106898831,-0.44933629215565773,-0.8335917046378167,-0.6244739365795725,-0.7230869843705491,-0.4769048098345588,-0.178551808933245,0.3696758789464974,0.34930278581731283,-0.9611200071575978,0.7610530478042408,0.6282335733515237,0.8753263355277804,-0.29138060152874756,0.21578760956539228,-0.6647608274471307,0.5392254360497625,-0.6138316666104946,-0.2731996081267664,0.026702867597694323,0.20098133845636726,0.06298815765050951,-0.7477008131661708,-0.10227574809351464,0.7727286097171921,0.7182913580449156,0.16470637251789363,0.23735103901423416,-0.6908404095374022,-0.5361194577203098,-0.5748956106608301,-0.012229342650211163,0.4326168896879576,-0.08477877882774078,-0.8075008309950077,-0.18076114442663993,-0.6483991072435776,0.5461782946229541,-0.672197975849171,-0.05722867146529802,0.4757060398966427,-0.5368324758988492,-0.8174303210058432,0.11401784494535126,-0.9317379576602608,0.20175760902666326,0.4451922607624525,-0.327785537510913,0.004270677344216502,0.9348365746662509,-0.13383003505518778,0.9999988063073869,-0.6032444738657801,0.36095295661355153
THUMBS_UP,-0.6896463562932154,-0.11297693028295534,-0.18455317427071766,0.2735295643238952,-0.15806755198538,-0.7623516497192163,0.9305029491894258,-0.15537098289008444,-0.27883566274175686,-0.16136592000868782,-0.5492171793288412,-0.8183887774771782,-0.7694226826603647,-0.689298216786102,-0.5800586118757236,-0.1310900010499422,0.16629699589184505,0.1965437341188513,-0.941923406995851,0.8621504567189959,0.6918899706207425,0.9999987664880222,-0.2431591236979447,0.29966750192165853,-0.6481172023358818,0.7280776060540113,-0.49783210412444195,-0.3148762100626004,0.014942118300200147,0.23132801144047851,0.11916031757740722,-0.7135295504288374,-0.09240994464438787,0.8565182082400754,0.7152995944224377,0.08538224088873352,0.18791321235291328,-0.7532771374582992,-0.6370759558898778,-0.5578834535406897,0.01749713070220926,0.3578515212219191,-0.05903264116689613,-0.6859866174614936,-0.08578724557816167,-0.6899325854184497,0.41861330682054276,-0.6219955300375046,0.03957172771344283,0.3464011202075723,-0.5051696430797782,-0.7392142125909371,0.14582765668050565,-0.9043119873592682,0.2374171412306083,0.45482005712582707,-0.41693199988743807,0.027106566437740277,0.8211622800302544,-0.07654172244282147,0.9413416725529289,-0.7061079103158132,0.4988888809309281
THUMBS_UP,-0.6142109750196503,-0.1019907738077025,-0.06902950269387802,0.2828470599478449,-0.2670772487255633,-0.7940966340658798,0.9999987860051472,-0.18944941840380822,-0.21368107664295105,-0.10014584717828853,-0.713044766597097,-0.737648798408665,-0.6057369338412107,-0.6504609614184931,-0.5123907451383923,-0.25670532548540453,0.15655752558036548,0.2627858858912441,-0.9420456227007595,0.9000086935368381,0.6658782553231619,0.828696448464575,-0.2590295564700343,0.3565687591453603,-0.7585992839611249,0.613153800733006,-0.6781263201451395,-0.3777436427223417,0.012473338346777243,0.11383216227758403,0.14113517435048853,-0.7389244623265594,-0.08635173297946601,0.7532642117574417,0.6319182319646006,0.19326654509946123,0.12310606950469391,-0.578088803234886,-0.5543828317823967,-0.4769401258745702,-0.033419132130274636,0.37544804193107445,-0.04205928068171156,-0.7311400354501072,-0.12256186222404794,-0.6495657039499425,0.5012540912140346,-0.7533583522737536,0.016881246202635314,0.32430603322403256,-0.5363243610036265,-0.7454615295392317,0.23096445260622447,-0.9691326497830728,0.17231694253015403,0.5089592317975898,-0.4230418966992403,0.026087077411244004,0.8398805780557652,-0.04433246680034673,0.9088072934315864,-0.6411735783971503,0.45671146991362227
THUMBS_UP,-0.7045388205096571,-0.24116284674957683,-0.16101556730788594,0.26683985526083726,-0.17645996073946146,-0.7248506012499286,0.8365387863179832,-0.2360051701854378,-0.28262793689542026,-0.13193715136361303,-0.5008807484298746,-0.7729325744611683,-0.6402536397413957,-0.7061905480887621,-0.5761953762120923,-0.19711399098319243,0.16591141779948576,0.1972812396345957,-0.9999987909106611,0.8896080275771031,0.5900458369832743,0.820637771757753,-0.26291403111420597,0.3205753788763905,-0.6719749190135658,0.6035673265497494,-0.5960813934428791,-0.2960909748125512,0.017588960986480016,0.11131690283952564,0.2898673706262397,-0.7062094602040804,-0.12026444967882555,0.7477482845616685,0.777657426009597,0.14532916721573402,0.12817045905074378,-0.8528416498469452,-0.654914159185925,-0.45201694529657227,0.03799551084063377,0.4889737415711297,-0.036633570597198045,-0.727316393937811,-0.14191945772636505,-0.635185455968186,0.5355131389707053,-0.6448744616856684,0.039376393475183236,0.3611650222432784,-0.5850747575440254,-0.8208144067711789,0.12886205227470884,-0.8673731749351162,0.2472135580652232,0.5390879087035515,-0.41670231834002736,0.0702207715020347,0.663727280921034,0.07414788894038445,0.9432362531905203,-0.6750037807495077,0.4005633566888809
THUMBS_UP,-0.6683145647090173,-0.20381669115564408,-0.13844345794913634,0.3226838278339535,-0.14086820628353125,-0.8124332097899282,0.883086438298375,-0.12675088446313404,-0.32721664228463015,-0.05352750049779291,-0.5410792791857103,-0.7632266955389876,-0.6740774260131749,-0.7679524634915977,-0.5982359584544876,-0.1083799306587669,0.2311959811521843,0.166503407685128,-0.8815507087104193,0.7724611055383303,0.5342193128695971,0.9999988271204738,-0.3245128681190273,0.36084039544066165,-0.6681103039991646,0.6029119004609287,-0.6883872624747106,-0.3992342190976636,0.013424657955209071,0.20116666348151657,0.17903456011888763,-0.7487257990977961,-0.016773122226709396,0.8093715034681449,0.7320273968004466,0.09070132471514497,0.09971247603372142,-0.6982570803913166,-0.567434733378629,-0.4531915650543736,-0.07003442180313955,0.44131589072889255,-0.06675107963678144,-0.7709619602431186,-0.07613665875936075,-0.7328034476489698,0.4821093925958061,-0.5223055244138113,0.007133347909088949,0.4025049564383563,-0.5626941502175401,-0.6918801372076412,0.199524478531201,-0.8860579833885022,0.13686526669771287,0.5492952108102537,-0.21497362179813695,-0.09602980117044249,0.7457559800482962,-0.06264954185093895,0.8045153607627489,-0.6425548748644065,0.4616235890157947
THUMBS_UP,-0.8169113783351677,-0.2068929009153637,-0.17358596976184337,0.3604704301619914,-0.21859399858445103,-0.7029562893031518,0.8478285793144417,-0.11829130791724884,-0.29552812954273616,-0.11389598975813446,-0.6092530565733131,-0.77055589970347,-0.7221228070678568,-0.7017795647515046,-0.5068151776198176,-0.1244366555239709,0.28477110785708715,0.23066433125418168,-0.9999987641257431,0.8170407147933845,0.659236875429349,0.9570499457510184,-0.2787321799407272,0.27689341661814715,-0.6094569032705998,0.6289648801047729,-0.7586456914307403,-0.47604345893659794,0.00028502756428588,0.1356705438502022,0.14455520076072945,-0.834743208379972,-0.14664773542740356,0.8128774408321138,0.8445787754940888,0.23823876380910364,0.22626900727049534,-0.7663870311613112,-0.5418898668772878,-0.4834664802794756,0.06746975457420601,0.45299929499229713,-0.16401769012885714,-0.8629286958606818,-0.016840320226881773,-0.6375400348292581,0.5302501261209618,-0.5674099310930649,-0.1366041031124727,0.3602965274090135,-0.552048456437186,-0.7924896184353599,0.08236749755211846,-0.9557564672454111,0.09876167326648665,0.5722945173481314,-0.3833941701005214,-0.05714907454143601,0.8870411456223264,-0.10031972947628952,0.876530317335654,-0.7759822120806366,0.40963531038254775
THUMBS_UP,-0.6740754098288513,-0.21968210040441377,-0.10734222067785627,0.15416174582286682,-0.2695935571045648,-0.635658494375444,0.9289462953960252,-0.1144862343234522,-0.3401536165383459,-0.11606334005651697,-0.541853361500466,-0.685697273376638,-0.6477131180257713,-0.60580302697982,-0.5879399956246857,-0.1056517353247655,0.2549046570394689,0.24901063591327302,-0.9999988052555813,0.7979144566327061,0.5526635036396746,0.884462020541378,-0.2623375356545473,0.1713895796706567,-0.64836841507862,0.5357936881455063,-0.6175391092513873,-0.29458202801222694,-0.04298836340889907,0.21350294772690942,0.14930265286678715,-0.7743522965764502,-0.05806941346633327,0.7651156111601262,0.7997116504864353,0.16008818429896007,0.08787703989267466,-0.7633187820685139,-0.6386558114672019,-0.4259843524440897,-0.1183099044955976,0.5252695087180441,-0.13098316530187956,-0.6648390258198958,-0.11449295947478023,-0.6287295070453913,0.4448434835130331,-0.6164382076325933,-0.025324880719040425,0.28263616007413694,-0.5770712290927407,-0.8427696464639258,0.07590131938903222,-0.7773427632295689,0.16819676197244934,0.4380698783717153,-0.35559525151333,-0.052406388237701815,0.8024100261493222,-0.11946522747327927,0.9005863269410036,-0.6098761610495628,0.4104680641181964
THUMBS_UP,-0.6929720266297509,-0.20164943432164842,-0.1319847490773897,0.2313669141209752,-0.14230195072415763,-0.7230522350871749,0.7401423690829054,-0.163581117092175,-0.37978383627338286,-0.062093628950744495,-0.4820433313063312,-0.7783334003696956,-0.6597899634817178,-0.7420289523891386,-0.5052933390682173,-0.10751981352235342,0.2970129360758069,0.32582037364970384,-0.999998838627734,0.8337891905233784,0.6858143763315664,0.7752995709822749,-0.2701147593972393,0.2851270458068544,-0.5672069073320335,0.4500965463025712,-0.5237948706563038,-0.32988748081025443,0.036165700989360526,0.17216044067937,0.13938684415010377,-0.8741849896077571,-0.16789089452838662,0.8350764627169569,0.7086998563611011,0.07364445334049845,0.13796006813940706,-0.7691267084181085,-0.6095530148966697,-0.5479483559396835,0.013992557678623414,0.49453600186488145,0.050133799384692625,-0.7804476823370443,-0.06814141413705989,-0.578512305979387,0.4329718086722397,-0.6729891467656807,-0.0955028152039015,0.3287776388261305,-0.49329521350574945,-0.7088391809845951,0.18180827405864297,-0.922183682426138,0.11728427486983722,0.5465181879581065,-0.3596178246131961,-0.024954003628024253,0.6976996084980244,0.013269669319664204,0.8116239488412155,-0.7327523511401081,0.4492595531843033
THUMBS_UP,-0.5842212116240906,-0.22310333217480682,-0.13473337211414077,0.30224982391598776,-0.1586695700900442,-0.7860529150977463,0.8194807635790228,-0.2519212060624997,-0.2844598681095225,-0.10645009249135481,-0.5632196626269014,-0.8172540531785256,-0.719578436279892,-0.5953230386272339,-0.5209195840312344,-0.1711196576738438,0.20926730549022485,0.19377297685274758,-0.8922176333158972,0.7998908432504851,0.6338518899941,0.9007742200941298,-0.28366834686030196,0.2433870769423921,-0.6883835027242358,0.6678538802412315,-0.6849738937160834,-0.3542090363288727,-0.0845811458279658,0.10716919794381743,0.06748432113627102,-0.6543212559597065,-0.1095024407692816,0.7705453178024335,0.770092818238654,0.163085257179357,0.21734992649810606,-0.6051572529257481,-0.507337871426144,-0.4633457563820174,0.019051272733100887,0.43949931587234226,-0.18322898445511165,-0.7476987387120094,-0.17135889467990473,-0.6796780597785107,0.5823911502382172,-0.5657694267895605,-0.006992419827687963,0.4148013025355497,-0.627380355987581,-0.7606246338939465,0.1756706720807177,-0.977837271464601,0.21172808043136165,0.39621654709490445,-0.44029489514530373,0.056489085943823875,0.7531881488746021,-0.09718754855541309,0.9999988151205669,-0.6683407889737358,0.38542466199788156
THUMBS_UP,-0.6990520022062795,-0.182450024338814,-0.1431354230511234,0.2512851004365287,-0.20249480127356162,-0.7316963625427481,0.8535331846964217,-0.045943612381398456,-0.3159238652244549,-0.11019799434870269,-0.5151038615322474,-0.690012712090509,-0.7196820422067974,-0.6162189724029727,-0.7106519265898775,-0.1652514208269942,0.2938623014910908,0.19823766667833195,-0.9228605562212301,0.7549551732752808,0.5525311716843483,0.922712566484918,-0.3223409370474069,0.32472371317123716,-0.6017236459634883,0.5421212945591867,-0.6230487412061912,-0.37937554363202336,0.013329949845816414,0.09975663794050561,0.09150712467859845,-0.7575195476608232,-0.08128459135552961,0.7976213095492307,0.7508172807398359,0.20182499576688867,0.1669947180719675,-0.7442558269345666,-0.4999763251630822,-0.4825287633104516,-0.12294444099689002,0.41934667719295476,-0.04686114264292697,-0.7917605680048428,-0.1648508448783425,-0.7015544992356998,0.514714097612613,-0.5249622263861983,-0.0448368789804722,0.39205523261127767,-0.47788786813520157,-0.7007912038461828,0.08009559531733569,-0.8450040823561188,0.1439605101622261,0.4776065687565093,-0.17252965348291235,-0.019950992541073246,0.7505175438834336,-0.12127906145455186,0.9999988333018791,-0.6904039581360638,0.4287307491579235
THUMBS_UP,-0.7319149811147508,-0.2785230179563828,-0.09527910992976373,0.20926324705861407,-0.14932310757816264,-0.7280697932544554,0.873058066393161,-0.17348464160720428,-0.25540060323749747,-0.15432604700616187,-0.6768202278652614,-0.7098879212455784,-0.6507923893459109,-0.6623766952776682,-0.6546516339865832,-0.2700608547374356,0.23591558166527118,0.33909630511038574,-0.9477360049347198,0.7699925596468029,0.6053800414825136,0.9999988252736988,-0.21900027383486273,0.254915701465918,-0.622324891901045,0.6154093758037322,-0.6985258400959435,-0.2824817906377034,-0.06526153240242222,0.08893075368327279,0.11655577567939461,-0.7527107810485426,-0.14727483788477078,0.7499718098889601,0.6631729535623055,0.23691406653393868,0.1618462732575439,-0.7860763411124851,-0.6779577151988643,-0.5186384102429745,-0.012947693209728104,0.3977307149003896,-0.11550137041570276,-0.7374465998445509,-0.11826812530219245,-0.5880155916280375,0.4720224167007639,-0.6231943846993243,-0.04603592015015841,0.33420249345381464,-0.4583441992234763,-0.7532717717693312,0.23910750065489758,-0.8020414728681872,0.13569159266247005,0.42333035473922215,-0.2648386969630998,-0.06976733532742752,0.853445442399556,-0.09893723115865613,0.9538124622123695,-0.706931143012599,0.4385118325985852
THUMBS_UP,-0.775751348929979,-0.19086936023840673,-0.1445518648121574,0.25601912935654947,-0.20047876018184088,-0.7935788522647854,0.8626265425481581,-0.2197974982494369,-0.3601571232809394,-0.12299011013012802,-0.5642392023567321,-0.8224389832879738,-0.6151929225540153,-0.6557384886825967,-0.5901494479268539,-0.2317895239521021,0.35979649743466313,0.39049666136846295,-0.9999988079128138,0.8759892782006943,0.6103067012831374,0.9804790062250396,-0.24701261724062043,0.3202744297982301,-0.7821644970542905,0.552320868808279,-0.6446635958912077,-0.3200629713304565,-0.08989042644026156,0.1368660257515301,0.14672827747187955,-0.8413833825481085,-0.14141957886382647,0.8804189707206546,0.7332088710106581,0.193151472039564,0.017537686594836326,-0.7896568465708861,-0.44926760153407047,-0.5075126513447629,0.05285354109995207,0.4048657487489545,-0.09146939351474227,-0.6824973211012199,-0.10968053975967908,-0.620733115173867,0.4302436368660182,-0.7038227380907581,-0.08611542161614474,0.33717692200601407,-0.5320847381063076,-0.7468283871111571,0.12593952243752876,-0.8214027681141156,0.17584463703745043,0.4170230293523636,-0.32452301170053094,-0.014426448346748342,0.8630891259454089,-0.1187977117503785,0.8254797917687257,-0.6437067567102055,0.41959888728061207
THUMBS_UP,-0.7147475869700972,-0.20599788912894348,-0.0805881247749216,0.2231775975626525,-0.19399374402940223,-0.7658458269369326,0.7827055635381637,-0.1695550400432344,-0.3046567180608287,-0.0040545615636615,-0.5597553661518724,-0.752524816911033,-0.617112018181962,-0.6874864462162565,-0.4959133693272964,-0.047651118838456005,0.23519990070944202,0.21423112228576643,-0.858706429248389,0.8525225552103692,0.6222636214398807,0.972431831699589,-0.18880175153286935,0.29504381620890546,-0.6199645674461843,0.6407150874756634,-0.6458335584513464,-0.41587476234337367,-0.07359447684118413,0.09960149897158864,0.14348951326729953,-0.8316672746623633,-0.13827675832173894,0.9181799864380225,0.7973831654683738,0.06380087490671453,0.0618903462556807,-0.7889780693227175,-0.6430379875635145,-0.5718437169492915,-0.0232205429759636,0.48454649242450415,-0.01809197480372018,-0.7434193866788945,-0.1322286502955296,-0.6238758685708998,0.47377427258828786,-0.5892943996663715,-0.007681725590889165,0.3473684791502912,-0.6307025877679122,-0.7211585043210412,0.08004574923423186,-0.8311101028421978,0.05330433047597891,0.4840769466551483,-0.32039947143480074,-0.013398724925054409,0.9999988048422133,-0.09296144745617979,0.9985778868665709,-0.6246307152557187,0.35898033492001297
THUMBS_UP,-0.6421473437762466,-0.21293712255268238,-0.07910692880844333,0.36007584303011,-0.1648061411983667,-0.7708792793315226,0.8992039874374218,-0.07540405025774495,-0.34622346472369664,-0.1262480720360042,-0.49107468445881713,-0.7561921287090327,-0.7137680891707975,-0.5924567404563934,-0.5267311635483255,-0.16941470043313422,0.23555426678116645,0.20757135995061549,-0.9999988298711795,0.7590380360537695,0.6087619835380558,0.7822854127984251,-0.2869419088087944,0.3136768415379315,-0.5516382829524111,0.575262505312403,-0.7068827313990986,-0.33805709580821136,-0.050306992293749915,0.2092887703322147,0.0918756745394562,-0.9035438853141253,0.06934514494396635,0.8001024790766345,0.7023689116627616,0.0797830555515967,0.04971977688060276,-0.7324037030169,-0.5415078973747169,-0.42203118645595455,-0.008208396919334622,0.36376094988531416,-0.22005765726444299,-0.7059544562127424,-0.1447923607727514,-0.7054886626567886,0.5186463466725956,-0.7165605158730194,0.003396679478607991,0.2796079749098276,-0.501024194344362,-0.7391155104856905,0.09873839043799311,-0.7357533032738877,0.27652969305989056,0.48847777677373755,-0.2878811124730619,0.04024599319232348,0.8345829838592628,-0.028508616570372403,0.8989901134104651,-0.7408833866340941,0.3098377940655048
THUMBS_UP,-0.5308923342795149,-0.17808135384914459,-0.13968701859148963,0.30822405319972324,-0.2099595911146939,-0.6954173887671177,0.8130857561516707,-0.12570205875793627,-0.30336760604787966,-0.15078915348131688,-0.5587298390064138,-0.7668726384285038,-0.6353589641452089,-0.6904152339209805,-0.6169123682298052,-0.13701621867871594,0.2167351883320803,0.24370864484899368,-0.9061133194098474,0.9031577464569415,0.5907020346398989,0.8171517993235846,-0.2473610660499755,0.3554844191041457,-0.6028526774618416,0.6117105585014154,-0.5897044516264998,-0.33093311560412847,-0.010303195601063,0.2611787877490556,0.12151620282735386,-0.7749023237694025,-0.15961716490192857,0.6449833008134612,0.6808135531603883,0.23820103586568733,0.05495792594090345,-0.6934360428137882,-0.4861170834565016,-0.38546943334831335,0.05095229113445655,0.3126473268102926,-0.042467995722892844,-0.7609317296360948,-0.16601623253354478,-0.563406968760692,0.462873691722219,-0.5617702164418777,-0.08404995983472116,0.4328284499730056,-0.45239960094972037,-0.7160905128711837,0.053400987872190706,-0.7396090808080851,0.14078292159333033,0.42367173159979193,-0.27318104725207915,0.011883849443980993,0.7271513142191881,0.06392782627903344,0.9999988703182093,-0.5857901491091322,0.4019570655806803
THUMBS_UP,-0.66210486124785,-0.29054806727882665,-0.12225841439873146,0.2482148420271614,-0.20488930535400557,-0.7634391036199546,0.6901416433705123,-0.21871026660784,-0.23778278416833906,0.0015208929888828463,-0.5788913816242596,-0.7290872050128306,-0.5866845125426916,-0.6468240590002797,-0.5202572497301754,-0.15004112149510457,0.2980616681904041,0.16431620077955014,-0.9887704045625082,0.7950069731052827,0.602885643250213,0.8551092057959084,-0.22575598587203413,0.2510989926288285,-0.6933970282582782,0.5576508094448588,-0.6489778261241596,-0.3383622659865045,0.05641647058304653,0.21944387950795102,0.1411622409341555,-0.723355749690139,-0.17001683232678638,0.7330820679319204,0.6197291340144839,0.12781030674489302,0.13133133280360063,-0.7852469535457588,-0.544770655432525,-0.46890133048098537,-0.04481091199163781,0.4952061726410143,-0.21493272893056692,-0.7140382875246255,-0.24822810727721378,-0.6103937230816021,0.5087338527285725,-0.695149317822882,-0.10302978189478151,0.2596565157898529,-0.4992010158204835,-0.8041214075507275,0.10100376043810769,-0.8460776454658518,0.1060957266093615,0.534458799312185,-0.3000488113818119,-0.09005038473059962,0.752779515592646,-0.10387480239600225,0.999998843641738,-0.5934837386643619,0.37925055453625156
THUMBS_UP,-0.6276022664814551,-0.1260413974969017,-0.153133444133444,0.23567125148955345,-0.2074571796148773,-0.8626841587152475,0.9999987540302752,-0.2299986531604666,-0.2595439920359021,-0.06319240070972672,-0.5839738088560393,-0.6842156140644264,-0.7977062617761389,-0.6695054369502594,-0.6331700507580024,-0.09971994459763876,0.2690261991804534,0.1493366756000479,-0.9193635768083003,0.8694443438623327,0.5791029247691163,0.9030999232064535,-0.3601053033253263,0.3178929046872618,-0.6524656309720425,0.611173674472215,-0.7031441605028651,-0.4473777612473011,0.002738445327406844,0.06856314765776043,0.12081771551340266,-0.905326800797315,-0.15299654842474084,0.8427102185298799,0.7674636401873803,0.2347007292385157,0.20944594310560377,-0.8744487620069796,-0.6011743853408732,-0.36784685390489497,-0.016112638684376596,0.40942847983969516,-0.08326128811904646,-0.7693684005666013,-0.19420270314257712,-0.6184141278573184,0.5370794744830047,-0.7479856249517353,-0.04063025776112589,0.3502901613911387,-0.6416279627684719,-0.9333469506721529,0.047323388591894944,-0.8923600606547738,0.14644153639712415,0.44560644691932183,-0.36468109053932884,0.023344243458842624,0.8769804582244134,0.004818941242120407,0.9756825776862487,-0.5839464907065983,0.4382053570066252
THUMBS_UP,-0.6308533244044375,-0.17389375551352096,-0.1786828015455288,0.19985948049252802,-0.13047201271116626,-0.6315176902679234,0.7150343255736623,0.0024894813864652964,-0.2676905425407105,-0.1739456174353615,-0.40388530891724894,-0.6265100768985054,-0.5662548705496919,-0.5723301944212922,-0.4771713769673562,-0.04844446075463648,0.21420851397404658,0.13647006987526977,-0.99999897173568,0.7123406423271571,0.4804665926375597,0.758154940759501,-0.27195095623851884,0.22584118201208125,-0.5855250739527983,0.486892487596534,-0.5172167924010834,-0.25679943980596354,-0.07718529526143404,0.10042433852584473,0.11760149423449924,-0.6005282268628874,-0.07553766188885158,0.6442172423162629,0.6634929159119487,0.0580353981077841,0.10855910828336733,-0.6138412911187766,-0.6000180678785477,-0.2993622578941685,0.04878900811697292,0.4138968261452616,-0.11423074850341848,-0.6187143680261336,-0.05914657426127809,-0.6127631423250568,0.40391461666464934,-0.5018746640869808,-0.10557741624253743,0.33529951406563546,-0.5373931227271997,-0.7460511780369612,0.07819901972900951,-0.7070324464742449,0.10836916086997882,0.42351644876185457,-0.3161458499066296,-0.046448533837277296,0.7697093302901282,-0.10666928839051976,0.8559726661003311,-0.5643621893750745,0.3141517773351325
THUMBS_UP,-0.8144618411929979,-0.2895643806405044,-0.18583853692148736,0.2533478860850117,-0.14813088487884818,-0.8267566206713496,0.882480852559236,-0.17352436456271952,-0.2855667507787135,-0.06642137164317366,-0.6551292639262478,-0.8192312052983447,-0.6276971024951801,-0.7508219902762184,-0.6015100134075132,-0.17118462437829704,0.2129127710717047,0.35809343850783204,-0.9999987468720332,0.93870502792574,0.6476627098848017,0.9590359476481333,-0.3168946642315325,0.29495394122165425,-0.6399717316799113,0.6624507067560541,-0.6414916070641846,-0.3252981911056441,-0.1021114792824212,0.13901228776054333,0.17281885680311027,-0.9205097713757479,-0.13870627016893877,0.8409250781621642,0.7998324056263315,0.20812537805130712,0.10340850420321172,-0.8230384206656342,-0.6337369504675262,-0.45961382890089186,-0.1679160377099575,0.4737308037982157,-0.13407361528818046,-0.7377923337082108,-0.100020798955426,-0.7805773242088293,0.4893369990808833,-0.6589198797107602,-0.029508797668242537,0.38013851984326014,-0.6214605867586823,-0.9170180302689142,0.040572268018259146,-0.859111275818309,0.16873529307437035,0.5050230996010888,-0.4490823234885551,-0.025464920347207758,0.8993709376895671,-0.17332989853028566,0.9620466223358248,-0.7861042140998349,0.3925801051660449
THUMBS_UP,-0.8020401700100717,-0.19568715620282834,-0.13015643087636186,0.3468759750894899,-0.19109874021863799,-0.7940736886638161,0.8701961203480679,-0.23958975679146177,-0.26559083034401065,-0.02919427116846368,-0.5289003063139539,-0.8007340870473472,-0.7727756179371182,-0.6023945953346291,-0.5751709233174036,-0.033921999989021255,0.17772882682728577,0.3153802158130272,-0.9769287337657637,0.8302637366020961,0.7395971416457313,0.9643179667818691,-0.34259604458444304,0.32602113828483315,-0.7318343498282817,0.6119517782684293,-0.6407810606859785,-0.28959102828784494,-0.004557905215896731,0.14386883230992573,0.1448128062606358,-0.7594916292691777,-0.28322243907915645,0.863209456767792,0.7415360040902838,0.24403241742022727,0.17075482093014097,-0.7552237931060769,-0.6370626168345684,-0.5004795340834971,0.035790997253317115,0.46409316110402343,-0.06843402776163593,-0.8538769380890735,-0.1270744555798979,-0.8099708978423487,0.4756065567793734,-0.6708868350697468,0.013161568744646428,0.32822428837010714,-0.5264146497519416,-0.7651210155320994,0.08757828863069127,-0.9999987351848797,0.1959474687422494,0.43762326142110625,-0.397208032186774,0.03481517656008547,0.9863836586880097,-0.12175151218242432,0.95824355393494,-0.7219433038454814,0.38817661893402877
THUMBS_UP,-0.6192214648314099,-0.25187488431928107,-0.16443129283685023,0.3652987021100403,-0.15034105056227412,-0.7488060468362777,0.8432921264882909,-0.2021922832444823,-0.3819285212782583,-0.056818112306845255,-0.49319268333560407,-0.8420995517108254,-0.7299919124193195,-0.6908698248815099,-0.7055918826906099,-0.20341501454484476,0.29791674267198054,0.20428882612470362,-0.9999987424480794,0.7647567073245337,0.6405409159852569,0.8980615960600087,-0.35853487179104726,0.38128741272528566,-0.6147359377913826,0.5769345241569874,-0.6949493691326826,-0.3473445736075768,-0.13254888975227405,0.1023597386908196,0.2008650719266757,-0.8675884982222227,-0.078482859631943,0.7663321943968553,0.7906619184184247,0.1630899994077244,0.13478568154202866,-0.6646450031740789,-0.6819631228264168,-0.4603099061263304,0.011050924646115257,0.6764350986185993,-0.1467512437714789,-0.7917566670076146,-0.07073186604109813,-0.6914020295510781,0.47621380416221104,-0.6108219530709699,-0.0519042464420944,0.33308628165209886,-0.5012257259905523,-0.8294654361055146,0.10769276247957082,-0.9196361680808105,0.11907067294251662,0.5556524636369379,-0.36607311784238095,-0.07184801650911365,0.7818718185481544,-0.03347364205302736,0.967129546645201,-0.8166918275074424,0.3447337196840147
THUMBS_UP,-0.7553091765345312,-0.23138841980780878,-0.15533060786409186,0.23955947189190566,-0.27933962904176346,-0.865601919034972,0.9744915431984168,-0.10367821388882861,-0.2801535622577951,-0.07640447004019449,-0.5132346947290719,-0.8746735149109093,-0.7048685070536367,-0.7409998494480509,-0.6775102726927346,-0.13787425869231504,0.30875916337510295,0.24709157145348543,-0.9019676692149009,0.8601348410399372,0.6006248425841983,0.8649665223804327,-0.2176550254453759,0.339594608778678,-0.6253282308573528,0.47067006584076687,-0.665829879124314,-0.38222883710203653,-0.1060546615803259,0.18622453888364196,0.18859698624931898,-0.6579805627091353,-0.14233807060206244,0.8061672046651429,0.7007024991381039,0.24317157587694196,0.08282434160119034,-0.7420467952523147,-0.5845122538485911,-0.4860927405786658,-0.122324613398966,0.4429684409498047,-0.1706729036607122,-0.7892155114271492,-0.06435389865125724,-0.6012757215507077,0.518671292859297,-0.7067388850018111,0.06469900567602796,0.3523943033675059,-0.6181654726150357,-0.8090969099077618,0.15611172599694298,-0.9308986072906456,0.18286072292847821,0.5377473861694171,-0.33055306974801263,0.005413866797433304,0.8307291294026635,-0.02503700230710001,0.9999987427162252,-0.7196524704531041,0.40484538284679217
THUMBS_UP,-0.7006266753849586,-0.29021290355480844,-0.16891660385627427,0.25115697999188946,-0.25471170162755935,-0.797088779972999,0.9850924789594788,-0.22498913396688988,-0.31956367494049537,-0.149724841739109,-0.5417705169062986,-0.8025769683321404,-0.6775948334981611,-0.6715117771266532,-0.5083596928013565,-0.1462466605453664,0.17468447278447355,0.29284336184922966,-0.9999988204183964,0.7022382607405151,0.609139908762157,0.9880931438285734,-0.37204600040635116,0.23253026876021582,-0.58217131568701,0.5604625972848876,-0.6030188833919312,-0.37781683112750136,-0.008924857866678992,0.2812999755680855,0.042091430890072286,-0.6905958884135197,-0.10773479216732389,0.7103353247672637,0.735745942936586,0.1756325568131262,0.1418730228201638,-0.7130498006769947,-0.5863737526674423,-0.4627162024056382,-0.008037920427236942,0.48064715212856973,-0.16419478985858796,-0.6296111626601375,-0.18260668003385783,-0.5918024258012229,0.4786836722272495,-0.7049845424599868,-0.0018146013902076827,0.3092761901522808,-0.44994352299369744,-0.8420957217310706,0.031294131073008435,-0.7509021658495851,0.17634274592897303,0.5295816732859233,-0.3723561742017128,-0.1335657616776183,0.9080172207780092,-0.054906171190393906,0.9661411403576003,-0.6086244178212129,0.3745462845631197
THUMBS_UP,-0.6742559520539058,-0.10977498427916435,-0.13186179088527025,0.2996692916918651,-0.2893604229965878,-0.6868585510693431,0.7466493261850061,-0.09780035859094667,-0.2709724487599788,-0.10507981148927688,-0.5349956848255267,-0.761230245733293,-0.7040763462110211,-0.6344552551180801,-0.4356738194603342,-0.07346236623868427,0.18052578619428689,0.2562847609148523,-0.9278385399026542,0.777727024541975,0.5443205669666399,0.8923035522815125,-0.21207004156755715,0.25906111414130006,-0.505777320435989,0.6807884442218085,-0.6003223831399621,-0.3967993702775005,0.006309179868178532,0.1929673379885836,0.14129260736247234,-0.6501775265296796,-0.1565182139302041,0.9091675402938691,0.7190223995351948,0.15256593880774313,0.2750543640844887,-0.6766712991395368,-0.5862226080213631,-0.4569674294897081,0.015025252911095592,0.42319489869744725,-0.06552158230606685,-0.7459196207264063,-0.21158369070704078,-0.6237358095189008,0.47712381185929525,-0.5919656309955071,-0.06623471080320457,0.2829269716703209,-0.5638480839190231,-0.730056960244333,0.0792978154827856,-0.8582077342663026,0.14565559199434344,0.43720765026352393,-0.35915820207031257,-0.07258569450058482,0.8823324862763907,-0.014261978362030294,0.999998832973453,-0.5558887677770527,0.25301165190723
THUMBS_UP,-0.7029219743238281,-0.24959623508592096,-0.068248890917647,0.21214663184853821,-0.24716441930324465,-0.8805906866057605,0.8613054003731361,-0.10880861493386246,-0.2936516454566264,-0.1786846208514001,-0.4250440514845215,-0.7462778813947066,-0.6433220040550629,-0.5765774263725236,-0.6953495133098414,-0.21341729897556153,0.2942363619045483,0.20364371699685022,-0.9999987708880845,0.8230689367227684,0.5564007971391723,0.8901966007918739,-0.21914658317096408,0.3689198308068062,-0.584462465281421,0.6855330376384804,-0.641003922765765,-0.3221366560146887,-0.0024553876299606976,0.14736844367825808,0.0539771905193957,-0.8248892688911409,-0.17406665892200682,0.7913803311084746,0.7577244270777911,0.19094056704151985,0.16124165585258748,-0.7420754640651743,-0.5159832462955836,-0.48698035584915167,0.038755911155846576,0.4867270216248265,-0.00781439144450677,-0.6361524881834267,-0.08383688523185513,-0.6570812407062668,0.4998812338949106,-0.6847467625640531,-0.06530790790767245,0.4358032895546048,-0.5937429291481374,-0.7345335000386417,0.11515918155693558,-0.7008050069931553,0.1300081543055521,0.5139004260887846,-0.3572867039860532,-0.07165126353722827,0.9085705391530388,-0.12475919454422159,0.9349642600280563,-0.6384992500508504,0.4566670489993286
THUMBS_UP,-0.7827675895885654,-0.1719380863021872,-0.12469220524835956,0.1946504235729252,-0.22321951448991262,-0.8870560947956276,0.9528296362709882,-0.09923616303396278,-0.37575448126309363,-0.05383459557169669,-0.5729954136597374,-0.7058096177445217,-0.6976966565763657,-0.6554385853827663,-0.5920004669885824,-0.19125447984986774,0.3187376831844628,0.29846853810807683,-0.9440189632889238,0.86132167031089,0.517203599614505,0.8091704350990863,-0.23803396561569834,0.35706818651446615,-0.6146477077380677,0.49095872958504777,-0.7070260769280813,-0.3061295768481944,0.1267563788992786,0.2521193749233214,0.20711590668640933,-0.7364178263796701,-0.12917417916549226,0.7427407544102097,0.7646079576802965,0.16827410795288264,0.17868633519347155,-0.7365667118673552,-0.5533637834193257,-0.4755623728903787,-0.009098084303812174,0.4993435176138677,-0.14992053799296376,-0.7997468772251947,-0.09002127910132919,-0.5558940816783955,0.5781353013222146,-0.706896259330793,-0.057150401416184424,0.27987461645348305,-0.549542677997587,-0.7394474863725721,0.1195963592868893,-0.8698887291536817,0.199279525370473,0.4347783829500902,-0.22989491928792394,-0.021720432142737053,0.7914050740322524,-0.02006455444522578,0.999998811577808,-0.5573668941492611,0.38480611279121874
THUMBS_UP,-0.6748752746629615,-0.21290144498382835,-0.17912462471877,0.21559414207764319,-0.25648188188790594,-0.8604695693417802,0.973856032039697,-0.12486029275413398,-0.39599541068418886,-0.21777691369782323,-0.6424385280662057,-0.8562482026280234,-0.7287296129043171,-0.5990855252417612,-0.6450215700249277,-0.055577036919188486,0.14415742616452032,0.23825266048653027,-0.9598390966239402,0.9034603540647628,0.630712255894087,0.9999987379944382,-0.2314669972965747,0.2897225413245232,-0.6504633833997497,0.6845541036862336,-0.7222942208664973,-0.24445881437119588,-0.07121791156780907,0.19997148797749525,0.04155023708970431,-0.7969292167654928,-0.2254851286866583,0.8353825190799561,0.6517750975545359,0.23377934600503567,0.16851979657802849,-0.7154930185085385,-0.6271853838518655,-0.4279259487956246,-0.021356733461555446,0.4742970892790401,0.05409364126185591,-0.7856440601206771,-0.045014281055141006,-0.6509456830637367,0.4710316097205025,-0.7564248914986761,-0.10045547771280641,0.4618883618256203,-0.4393837955462937,-0.8503138961836376,0.13689384461624646,-0.8511635213816309,0.1818486033583026,0.5812578811509921,-0.32624522339341827,-0.014972282277127026,0.8216391941121756,-0.1179838541380102,0.8033070473644833,-0.6147106700010128,0.4126302492120731
THUMBS_UP,-0.7759136270229517,-0.3456678058138978,-0.1826425301161716,0.21795198983342057,-0.2396493105257275,-0.8001352128613755,0.9197539165879612,-0.2577580376744641,-0.40333362789567734,-0.19137561854217358,-0.4623233390112454,-0.7197632882880299,-0.770566554251385,-0.8053345177335433,-0.6080567103757412,-0.16015002416788005,0.27272175471974947,0.3099253400881101,-0.9901472364456166,0.7868990647296642,0.6767672003157117,0.999998726103358,-0.33149584863045906,0.3550052691918642,-0.7118608793479347,0.7733333892460503,-0.774724064778879,-0.2810539968063418,-0.12510285227859178,0.30688591054649195,0.04883531884116983,-0.7989405900655573,-0.2634138695822801,0.7760014858621133,0.8161562747900466,0.2505267464712853,0.16266038109187944,-0.7442940170512381,-0.5443881873855,-0.5477567724704271,-0.11316648854206253,0.47068507354592987,-0.11681567279915087,-0.7374221530361973,-0.08871462861886172,-0.7310502169130553,0.5567453041608058,-0.6380842604227858,0.01047176443253259,0.36824803532097616,-0.5043191064547038,-0.8310286575242879,0.1697956374757808,-0.801773107114023,0.19977060926919532,0.4780291402924913,-0.41862427097924365,0.04809706649007247,0.8966758779031756,0.047484856691674786,0.882821696130484,-0.6411047749456424,0.4092232160927903
THUMBS_UP,-0.7053130069364212,-0.24644316738871874,-0.07717431387239476,0.2793989315073088,-0.23888909759355628,-0.7398999913397295,0.8732308633249746,-0.145740734166758,-0.2282253312552664,-0.11595111304860369,-0.658142582071242,-0.7327080015118916,-0.643121714594656,-0.60191236729323,-0.49796609427165367,-0.26235136930060593,0.21658290403564545,0.1860951105800046,-0.9999988375423708,0.778750496074251,0.6412657875314661,0.8803851852253944,-0.3003766910519746,0.2980602537941712,-0.5634106395461617,0.6293653779932976,-0.6619616642021671,-0.3595454681077672,-0.11681355198671885,0.1508638714003954,0.010024328210590632,-0.6199303965340875,-0.19537925607972934,0.8510397237300069,0.798253789061187,0.1814174475628153,0.1287056904429013,-0.7991175134072133,-0.5868259113070963,-0.36684623901481117,-0.001539329741244384,0.43195424453308645,0.0032162057284087038,-0.655030698561654,-0.12140179044817201,-0.6149098644680432,0.42247489488141193,-0.6528950895672868,-0.04447626613867864,0.3921380132453129,-0.5780335048610988,-0.7841239497222807,0.09507282209574425,-0.881517425902579,0.14089596902964646,0.336563447701664,-0.361493920922139,-0.08557465498367704,0.7811984248894556,-0.18624350762463668,0.9346521273763183,-0.5850939594331536,0.38178529112902404
THUMBS_UP,-0.6085170629934349,-0.2150880986895544,-0.20397820918355508,0.22626513317118452,-0.12336459183272742,-0.7669055380026353,0.7471276371352789,-0.15816717013025514,-0.11774051641332633,-0.07990489429584206,-0.5919033891530932,-0.8060900036570517,-0.5671193638070865,-0.44129175549603916,-0.5369395571458335,-0.15652255001930332,0.23707126715886762,0.17939188875311582,-0.9999989213125784,0.7824749869305991,0.5241303159006743,0.8573480506713571,-0.28269289398665953,0.2909951315998187,-0.5268581237191171,0.6048959672581262,-0.5718793071937173,-0.2904483717421494,0.017605342109940744,0.18818688731644845,0.03328161907297717,-0.7553514051758133,-0.24893015311040018,0.7712401729531089,0.6213273588395918,0.200920093977,0.14659885157240568,-0.7242750061379629,-0.5238062949713556,-0.4514495784953346,-0.053231075912248266,0.44866282062002577,0.06763126618743012,-0.5851794595386193,-0.10613164027207951,-0.5143304661031818,0.5258395099192475,-0.6506827656113523,0.035917185962140524,0.3753248281625241,-0.40502247323058693,-0.6878654365600284,0.09696613701368265,-0.6597599674191261,0.16979592725310458,0.41408793949385614,-0.26729390252573243,0.032337807992472996,0.7451108817964333,-0.0286596440997731,0.8617686152204328,-0.6275802647070915,0.3162744107553327
THUMBS_UP,-0.7787088810910525,-0.11560059268409559,-0.14475208132452846,0.04523872546765747,-0.1518626700932427,-0.7394233865303829,0.7354171776642697,-0.20777920171256628,-0.3491113228588205,-0.1445390332994145,-0.46401634423904675,-0.7643934652640498,-0.6894377046561493,-0.5637455058508182,-0.5421544633226402,-0.2541081661472951,0.19775529576251807,0.26262055423188213,-0.9999988187200674,0.9155037682456639,0.6168637040059567,0.8323676959943209,-0.330958053600811,0.36626201189108193,-0.6657219984105319,0.6216474452645171,-0.7080445569014994,-0.3247491972904376,-0.054880523731520255,0.16004092689199495,0.06567774534949647,-0.6914800073727799,-0.1770367628348485,0.7908456081548239,0.698174867671333,0.2668123238162767,0.18928209480355238,-0.6872517369037849,-0.6597202805782473,-0.5062918908933797,0.04789393340673116,0.3681141573266803,-0.06926878293630707,-0.7696811416132167,-0.17162480605329777,-0.5383653895308731,0.5171635214682287,-0.5722611547607547,0.013279307897995411,0.3573340446876633,-0.5545671419818473,-0.8250724591734688,0.10830900428062479,-0.7376637618033007,0.08695638690586602,0.44642291872044004,-0.3765242153773567,0.04038821417036925,0.9198725521303392,-0.03636747385299665,0.9616059150862065,-0.6428880907751435,0.42073433956181816
THUMBS_UP,-0.6630612625171461,-0.1836873540465363,-0.10411449653392048,0.2992951755882355,-0.28586606617098,-0.7765806176553495,0.8807923952552953,-0.1366891267949417,-0.3135349896046374,-0.09300896654882428,-0.589616231209671,-0.8774664131430884,-0.6181372078273191,-0.7108404921676965,-0.5923905412146099,-0.1993971026940648,0.3344034167592785,0.2436303617591558,-0.9822475858760903,0.8564304936275909,0.7521707107281028,0.9186634649394341,-0.2926056265139783,0.3596042004882117,-0.7346085023938252,0.6138687355855813,-0.5326010587013139,-0.3259059348685788,-0.011173730459542867,0.18345011275969797,0.09112004263271788,-0.7480057463808945,-0.1042698799510052,0.7951588952595124,0.567703082652501,0.20302842341601976,0.2678891806600743,-0.7711485726083169,-0.6663546759217965,-0.43597691254894133,0.08228469859253038,0.4778182153330118,0.028183936705112746,-0.672951279044048,-0.07432721501231632,-0.6814657910720976,0.501270426390229,-0.6445852409527127,-0.03750426281395222,0.35750803432987466,-0.5103010125504087,-0.8952732815355654,0.17090056778083415,-0.9121313404614644,0.15409685374657683,0.5085219930248246,-0.38484147988739087,-0.14090310752379734,0.8033540069536093,-0.14188683281814407,0.9999987953302831,-0.7305976338816601,0.4921702488468461
THUMBS_UP,-0.7463369115993052,-0.21629757024525406,-0.26644068938342336,0.2746963440732019,-0.19298470796770853,-0.8987308616206946,0.9120967479525988,-0.1952340616370313,-0.3324969855757992,-0.10631147485177506,-0.6040780135301284,-0.7944153618619192,-0.7175217164685008,-0.6454806460551836,-0.6460408517743871,-0.22960307632783297,0.20615739965554855,0.352495263574053,-0.952359548912816,0.9297622127580241,0.7353634199006129,0.9104929629951016,-0.26496184595143013,0.33871400399186896,-0.6308871540105565,0.6240545862662656,-0.6802410338565631,-0.3480071935399527,0.01513158190640987,0.2330562888996989,0.12675794931664836,-0.7983719340220282,-0.1443946605155103,0.9611440666663831,0.6449435851211002,0.12254510734494303,0.1891981909496843,-0.7697315138124967,-0.590689788656948,-0.458930517911873,-0.010367920090134545,0.4333550284956111,-0.03976236844794473,-0.7563429185885645,-0.15122940351754252,-0.6398515662595009,0.5500903960861097,-0.6621287634497228,0.07333527243892035,0.47590158049355136,-0.48728252090011587,-0.6965398493684342,0.11898200092048866,-0.9326932398016008,0.2323109765633059,0.4976359000849897,-0.3450802871098816,-0.0860325495527225,0.9071585816617777,-0.1516796243141726,0.9999987336411561,-0.695945141375635,0.3957273900862316
THUMBS_UP,-0.8776350275259373,-0.33967328420872034,-0.19275818784315688,0.306787135938539,-0.1736504680174629,-0.8369723033652409,0.8708036574875762,-0.15197136324216357,-0.4429788375069357,-0.26587543221626275,-0.6036498642279864,-0.8646962477031858,-0.6633086922522478,-0.6812486125007915,-0.5201362985461893,-0.20157218820889117,0.28857110006991743,0.2510105814107934,-0.9474257904402094,0.8600053527056758,0.7250997101430701,0.8925346955203189,-0.31735987303821084,0.3364108555409655,-0.6067555436445288,0.5152196729644538,-0.7240210731517822,-0.38473159325349576,-0.15365168660361508,0.16601505498621869,0.023828952770498825,-0.976495406975008,-0.17947938206586267,0.8580837126509366,0.7565606965037436,0.20471248098639871,0.09302302056342332,-0.6894474282340334,-0.6239388709410391,-0.4297304330632221,-0.13338599141781657,0.4258257790342984,-0.036980893661490426,-0.7903844771965208,-0.19538316589210927,-0.8190211794985472,0.568508896215269,-0.6495692442258615,-0.02045818874861569,0.3690693456107017,-0.6359807686682185,-0.8829159675109208,0.046042815747173886,-0.9734815523734073,0.26382733227676564,0.40587615399228594,-0.31014556638752544,0.07269312632826566,0.9423357732114744,-0.034117556405305664,0.9999987035025044,-0.7533824356984202,0.2876768482130089
THUMBS_UP,-0.7372063659052108,-0.2433936035486119,-0.18362999960602977,0.2619708634060537,-0.18237045114351338,-0.8493203956018057,0.9999987445750518,-0.12270941552766189,-0.2597576014281566,-0.11350264378394927,-0.5371776570767768,-0.8592511683624402,-0.6640714717623202,-0.6824143610746558,-0.6714284743663118,-0.16220340661715132,0.23054137767577154,0.40471637127879195,-0.9768137324093835,0.9447300474060444,0.7195089506504759,0.9342745579432494,-0.3090954253184279,0.22179280415509373,-0.7215102669400628,0.6784197360828029,-0.6991689553168735,-0.3259483174175936,-0.14585274462660774,0.21835155754447869,0.18861117338184805,-0.9107283131336655,-0.1340043101760715,0.9338246918826777,0.8534303181646875,0.15074977521346908,0.19423412284433553,-0.6902705713682851,-0.576887607881467,-0.41620165802827713,-0.02596208376366217,0.48947183817056156,-0.11790937599166688,-0.7614558326807919,-0.0946037876892279,-0.721389471873087,0.4904398460179531,-0.6221320339829227,0.09375797230027161,0.2598602087419857,-0.4218909073614198,-0.8679322830373851,0.18771635475269852,-0.8225809197544897,0.274504524541292,0.46350234713426947,-0.3569901007034271,-0.026766601988713907,0.838808725476454,0.024747227111942677,0.9925956002176839,-0.7905706238075683,0.37994626665418146
THUMBS_UP,-0.7930011911474848,-0.21983467366641274,-0.09228909170970856,0.21006785132856523,-0.20007768134305806,-0.7817157965718494,0.8582211041525514,-0.12876944753695269,-0.25091531109371085,0.032683741642643434,-0.5309794255165547,-0.7156805422454653,-0.7617379777584738,-0.6556769264737476,-0.5903028107025049,-0.21241617810919766,0.203524168482809,0.23843484257823364,-0.9794908516611921,0.9540228103782918,0.6436366415320536,0.999998812849245,-0.17734760781143477,0.27508246070155756,-0.6283455722170207,0.576375477353782,-0.6528175019389757,-0.3884886290560522,-0.04361710226183767,0.200897502867444,0.13304272876154663,-0.740753814580222,-0.15231397841027186,0.8543828346981004,0.6920346850678016,0.2550370856222298,0.027707437230897615,-0.6986134750323187,-0.5403510412727109,-0.509886876019088,-0.04350715875993448,0.46703605719885344,-0.02023221698614164,-0.8141188924876398,-0.07791210264095083,-0.6679733475781725,0.5438340593568809,-0.7426368565355721,0.11197126563642748,0.3147786825645001,-0.4313928226416415,-0.8094125132029357,0.07163959154497064,-0.8310293167949021,0.22779772967821293,0.38934083464398545,-0.2825596523648382,-0.022852498184037503,0.8486598198780673,-0.054225543744681755,0.909230520048895,-0.717576009543697,0.4367842217667261
THUMBS_UP,-0.7061526048744228,-0.1787263753979253,-0.11435062135754215,0.326465038485656,-0.09922029251248407,-0.9385194408650924,0.7609147394936376,-0.06147328632469808,-0.4050782737489462,-0.1773399006652488,-0.5944857206231928,-0.9179088662106222,-0.7387475557473931,-0.7379899116733318,-0.6295096609105502,-0.1449549598285731,0.2300820215554476,0.23701548792005428,-0.9999987292633229,0.9222331494090908,0.7582532848367626,0.929383703457598,-0.16872510042651137,0.3907695529028051,-0.7532510523880309,0.5644516134792317,-0.7251789694463812,-0.2620166004438729,-0.050489667348579265,0.07196541286175058,0.10670201585330773,-0.9348491790678981,-0.22627712914450562,0.8225521746705053,0.7666012417157174,0.2496511558710216,0.19115198520456955,-0.8644643046481659,-0.6330435123525413,-0.49807493936420555,-0.04066000364006849,0.4532780192364971,-0.18931002617776163,-0.8335257968646765,-0.14891609263253625,-0.8824606427486034,0.5513319535719716,-0.7652790254486923,0.008128000217096032,0.43129764067709164,-0.5871664370384561,-0.7984348748144577,0.17591955165126266,-0.9260160753134193,0.15165206335507375,0.5851225200937128,-0.33228966256006054,0.042689017310258426,0.7199615808803852,-0.052483410250478785,0.9093595536923855,-0.6990139057959753,0.47015383274628
THUMBS_UP,-0.5933798860225331,-0.2607815758859082,-0.1626742468417156,0.24214345668426548,-0.23294036372634797,-0.704117288408003,0.841875221806733,-0.15147446828345346,-0.2608330848166125,-0.10497709344291746,-0.5841785329937633,-0.7596392481531731,-0.7150712664573694,-0.6239208069698159,-0.5127424284774135,-0.2207700330995326,0.14372754790050057,0.246615952454308,-0.9906020463122217,0.7978379459216686,0.6293834723465702,0.7505635104665395,-0.22398067599468452,0.2424943776563802,-0.6290390255415615,0.5604956413182767,-0.672912692336002,-0.22893892777920336,0.0015352949719226149,0.23220074922555808,0.12167522435173772,-0.7157356605003988,-0.12343555864331857,0.8146877807504518,0.7695083792461073,0.1809045027939307,0.27178028325513476,-0.6775022669465554,-0.6340943100895998,-0.47814990918332917,0.0011428282697153668,0.44008573943848467,-0.033675516197597566,-0.6599628297171173,-0.1950175135174738,-0.5622082547274221,0.4455223327216085,-0.6658035658424115,-0.06842670120089467,0.41349120053906374,-0.5297137147835875,-0.8408661534315038,0.09463779415894219,-0.948975812640852,0.11619384740532337,0.40607900072816366,-0.33864041942327694,0.017216915743672966,0.8434463491136505,0.01963126532810404,0.9999988182271293,-0.6797864548116901,0.3961867715556974
THUMBS_UP,-0.6937687903981915,-0.3304023640041727,-0.2022840333562199,0.23643877458738363,-0.18443022688603458,-0.7271613570790125,0.8680350837281319,-0.2616872859000921,-0.26519210651563324,-0.08963196932385421,-0.49596424791331506,-0.688609567954332,-0.6687800262707027,-0.553273343927244,-0.620360170116853,-0.2059485941188778,0.2580103437199639,0.22054945912557977,-0.924049375623709,0.9080986733720114,0.6298004437853414,0.884289245331158,-0.31415764201801144,0.20985882815742557,-0.6281137372095729,0.6584183541304183,-0.6553202533552888,-0.3034308337313465,0.06654770483582273,0.25994714199212215,0.13724416162161832,-0.737749357072281,-0.23636743959423584,0.7577205313915742,0.6832654087111709,0.12054684479074462,0.150502287843176,-0.6174765197951954,-0.4741404000260189,-0.4505161372724506,0.02358960490682507,0.3919757672986169,0.012173697173342619,-0.7944300859213903,-0.06036956714481313,-0.6048741859697407,0.42756691927971047,-0.6389705805824013,-0.09943080486670124,0.29935534105591466,-0.6042029486730127,-0.7516496094446137,0.1897356634544373,-0.9646914947279654,0.27288846908663794,0.4756677756797903,-0.30372680601947116,-0.10836089423204401,0.8832919671529689,-0.042532402270370556,0.999998825503685,-0.5728643662767989,0.4710176121555604
THUMBS_UP,-0.7683449178750138,-0.22767883053725355,-0.17549780166899331,0.31455500974654044,-0.16287176452319452,-0.7310134232526982,0.9538462049459223,-0.2727756739308212,-0.22770846741580883,-0.04661091550905639,-0.5834261199585731,-0.7691790536482648,-0.702791829354966,-0.6213084029118782,-0.6209904541844952,-0.12872155537010818,0.24924573698916344,0.22823676336596543,-0.9771038946584238,0.9999987636871358,0.5962473082127485,0.9022656822776232,-0.31826089079195374,0.29117396210793267,-0.606260732967484,0.6713759505787437,-0.6702111607686068,-0.28077660308596,0.030917630869084424,0.1769583571156563,0.023143284479361058,-0.7358005407283267,-0.14444481669607961,0.8379308196506928,0.7077733435957548,0.2256098940024699,0.16460780484683551,-0.7827852252674721,-0.6686692130983583,-0.42328874495336344,0.014042569164563617,0.47343342808299516,-0.24191939033242502,-0.7420313289069885,-0.13488418379889183,-0.7055780659308347,0.5434182615983282,-0.615505309541735,-0.007546924596490104,0.4467494545997821,-0.6008456082808951,-0.8666980084362901,0.12983606236288583,-0.9202814259764132,0.21856563695794357,0.46916542359716507,-0.2573705593797768,-0.08060625803524733,0.9799239826297786,0.06829274868986712,0.9763766514904864,-0.6076324663014042,0.38853955612528096
THUMBS_UP,-0.6113338750439135,-0.2072897487145339,-0.19943135073365328,0.03750897705970937,-0.18373997955323798,-0.716235092524249,0.8883871524402626,-0.15038265655449254,-0.22888180633134214,-0.12256330848653839,-0.5340185122480419,-0.6664500740895692,-0.7783661401471547,-0.6048623050723659,-0.5719538543022457,-0.06816510052889363,0.1951018967795759,0.26348293133768297,-0.8558724115650502,0.6800289633499476,0.578614916762764,0.8183466412645326,-0.2006436959743165,0.33772278678573964,-0.616357480646273,0.5165001844114704,-0.5562660653505231,-0.31997850135999123,-0.1085306070913901,0.08474114984965488,0.13318306174938974,-0.7953168717592871,-0.03671621317422572,0.7151133186211583,0.6764740023179504,0.17396274566628941,0.08998558739904836,-0.8326443564081566,-0.5337111031258268,-0.49215137625363337,-0.01482899064608987,0.41336725469403435,-0.0564037573083906,-0.5906755918797081,-0.14119535396340643,-0.6395232480426989,0.3616956822200564,-0.6169603163042968,-0.008461570714756091,0.3239316037388536,-0.4701497779411782,-0.7803181029515643,0.04106482558362266,-0.792182772012237,0.1477665647988136,0.4675086768474661,-0.3422748094037735,-0.058375143943827555,0.7878827865117072,-0.06557933508487489,0.9999988645413895,-0.5777890327463112,0.4105187667001204
THUMBS_UP,-0.7389691915265018,-0.3399379187834799,-0.18753778113807318,0.2191302537879501,-0.20037385909023148,-0.7988703932257238,0.9252755045701542,-0.14906429512322178,-0.23946186064704614,-0.12462339123376873,-0.5445044519632909,-0.769262655016709,-0.6797063513242448,-0.5799352235616133,-0.5481440755010202,-0.23979794504686344,0.23792989133879644,0.2539955073164058,-0.8555424171510435,0.8120104527806943,0.5776779679948777,0.9444626565882529,-0.24614869117919871,0.3213105587589241,-0.6700564533026058,0.6855271388763107,-0.7223476392048648,-0.3651591727716428,-0.05038799659674395,0.25451894604286757,0.13555806230788947,-0.8526125112878946,-0.2144751154676448,0.9520118167765125,0.8032455412908565,0.2315144070961552,0.14376923916157056,-0.6746491360520568,-0.6608805459317749,-0.44259483488259105,-0.05073253618704587,0.44209675353405314,-0.03281194830421656,-0.7482866064586762,-0.14679105887333252,-0.6976961660775862,0.37386940183530387,-0.6122907826934906,-0.0967392822133685,0.49728667024893175,-0.5552254617120799,-0.7574314860193642,0.013381371501900396,-0.8363060051622803,0.23463675397804887,0.5818113493442325,-0.431927312423537,-0.06646049941041222,0.883445093249305,-0.04795582470721323,0.999998764143574,-0.7004963642681907,0.5089679112647585
THUMBS_UP,-0.5774193110909429,-0.21221534074981463,-0.1116662614238933,0.2675154694596273,-0.1059823854164672,-0.759520616232956,0.8341554715937222,-0.20761519543638587,-0.3804446753579671,0.062314703844869784,-0.5308847781150662,-0.8427928312307392,-0.7504125462041618,-0.6207871721765816,-0.5520294215395577,-0.11098875855495179,0.2227888146966421,0.2788782130459791,-0.9999987410284646,0.7890216943861552,0.5920071880815122,0.9604682705073012,-0.26967081450733665,0.36679686007494133,-0.6189301087258036,0.7330008933509747,-0.7309675131924996,-0.31085400733613183,0.028699150447260718,0.17077212319986737,0.12779316219213302,-0.819558125373639,-0.02503952906803194,0.8584894886798973,0.7785038073316703,0.16625275886504196,0.11549501756613857,-0.8641830408974844,-0.5345485434759,-0.4498991900511584,-0.042731579500405244,0.40935608255862055,-0.06778806927974389,-0.7845749124495781,-0.13615012356038494,-0.7591155089552629,0.5195640082807004,-0.6568664638276769,0.033728511517187955,0.38011458526256564,-0.5685027243786673,-0.9520215229873573,0.19681150649888976,-0.8417919069735252,0.17860620108858433,0.4269627058268681,-0.42027084087779143,-0.05790795929480899,0.9244379042346302,-0.03992064728129239,0.9062311768164871,-0.6654741565134303,0.3680438547239363
THUMBS_UP,-0.756342745690726,-0.15389844645503056,-0.08986480568308665,0.32498612076601935,-0.18385635084274746,-0.7384092088639127,0.8441314287160558,-0.18091878058375047,-0.32954325848164734,-0.10333867016901921,-0.6365848278139934,-0.8002569880807158,-0.6020614210145543,-0.7229025481098874,-0.676440701546141,-0.2342117982917095,0.4073627336848906,0.28211820051533615,-0.9999987705293292,0.8322880653471059,0.6490836216181278,0.8732664170103703,-0.3072234334094467,0.314492064292698,-0.6976072595797377,0.599251520940207,-0.6444357375700474,-0.4036112928761052,0.14241357197310575,0.23225746108242645,0.03923069022239446,-0.9350635378955935,-0.19633854793256997,0.8739973261341019,0.7626568112543802,0.1717708371520147,0.10530071756807047,-0.8194745082127478,-0.614383743489025,-0.5488300648111752,-0.0477412340360996,0.536931018018174,-0.12467007308959893,-0.6980421397148062,-0.07237968361106331,-0.7300189395634563,0.4422002355042545,-0.590332127155906,-0.09126830288568823,0.37694031075068285,-0.40927099991392224,-0.7737799256089472,0.12975917592876507,-0.8252689213625527,0.16921662756254793,0.5612647360255867,-0.46155273815977005,-0.03147966863107506,0.7151854815341121,-0.04691421305123529,0.9622791579533251,-0.5910798887494328,0.4547635119932526
THUMBS_UP,-0.7641876348707697,-0.24100510629413405,-0.11466161653705165,0.22483002228555765,-0.18627851988712113,-0.7189056846874097,0.8375304319491678,-0.19454186883860447,-0.3316853782548006,0.09023033971937193,-0.5253380136861988,-0.7240399250317906,-0.65055609650715,-0.6104628577877416,-0.571297022530081,-0.13635337457796118,0.15610023456013405,0.27831159255684945,-0.9999987581682543,0.8702820358116415,0.6370752463103333,0.9691988589028784,-0.21983553781867804,0.14662411917277152,-0.6865608897381406,0.5145945830062,-0.6580024521035522,-0.3644258299814497,0.06597503487939556,0.2006960337663744,0.08833936532481289,-0.7323302903135948,-0.17538205742604182,0.8093699809975118,0.7643113209326582,0.28053253169559245,0.19670231887129871,-0.7363728937756727,-0.424752963145,-0.5369642140889828,-0.07031589893102415,0.46872709621394903,0.016034392628200576,-0.8014616076737557,-0.011565386313379411,-0.7596817763290828,0.49148578548841226,-0.6518689513887231,-0.08950777067531182,0.34572601512419826,-0.4905875854115332,-0.7528903502423088,-0.00552783569513808,-0.8745772920718866,0.1673546896966599,0.5103524605054645,-0.3588058452917207,-0.10327730216096787,0.94768376666955,0.014579927528319946,0.9801617011846788,-0.7118326132595159,0.37729606854152814
THUMBS_UP,-0.8510583738792956,-0.18490310018120096,-0.08571756460373803,0.25657967208757515,-0.1809114165145212,-0.7559516303135975,0.7975994209971158,-0.18867149773504072,-0.3080785528525792,-0.05972372031719849,-0.455537726929231,-0.771388204573245,-0.7280397241404106,-0.6297728170943208,-0.4539311625000964,-0.20845993589809894,0.28733631674570065,0.32345635267588035,-0.9689342484356529,0.7564525765430424,0.6460433252961791,0.9003579552630759,-0.2242515384465933,0.43523164665161146,-0.6193998582892353,0.5303394575538272,-0.6379590305166282,-0.3155499470009033,0.057690027639591225,0.1675371592982101,0.08880754705256617,-0.8354867143191619,-0.11604274392538677,0.9999988152587779,0.6926709157012835,0.19886045491664453,0.10464544124972233,-0.8120026229836282,-0.542461111586259,-0.4672228387639154,-0.16368922776505293,0.5339286448711328,-0.04980795713957304,-0.7044560820357213,-0.13996608619669804,-0.6154992340082498,0.5028107622090077,-0.6084031864014738,0.03015644512116733,0.4433601700045821,-0.39641849376245114,-0.8532434449522448,0.08602179257869873,-0.8236517998961009,0.1202219541256617,0.4439188709452763,-0.2953950052309139,0.03127855710952294,0.8883371408348786,-0.06617554310045984,0.9686967252530584,-0.6358011569157401,0.39709814630362017
THUMBS_UP,-0.7932762524671753,-0.2782366395502369,-0.09827832381615158,0.21162788006100217,-0.29877588340057304,-0.8140103842655432,0.993252447717105,-0.34510498936334394,-0.3351838740135955,-0.06484050876875722,-0.6859149918077689,-0.8190248227548481,-0.7799009479968056,-0.7351455674966403,-0.6345573977732283,-0.23201421532367747,0.17370588369297835,0.2559911871289791,-0.8671036879524288,0.8959856491004117,0.7142023739182659,0.985083726140895,-0.32606428767568063,0.35165966557639866,-0.5998457396002935,0.6910131628889451,-0.6701246680979359,-0.3179069666329514,0.13662270364147155,0.24335135598749322,0.10032003343517591,-0.8064761790007877,-0.22421191023206877,0.999998740566243,0.8513559738473692,0.18817739935191088,0.28307074260604137,-0.7426877155401551,-0.6311365086198846,-0.44137332680959024,0.0013165355110255621,0.5189654424239062,-0.1653561259211323,-0.8045490052326529,-0.028486194215649036,-0.5732059842838665,0.5951975611791328,-0.5323201786223696,0.001162203180967822,0.42167848760175985,-0.6052126334407449,-0.8908962356177111,0.002350248986052222,-0.9185680597058227,0.04723320451436632,0.5788936491664919,-0.3194861906442789,-0.1510683332882462,0.8520393751937114,0.0656882408634702,0.9926897056251548,-0.7540414900730272,0.3085853640408691
THUMBS_UP,-0.7959426315652849,-0.1728444011847637,-0.15647355260468487,0.22593037198680402,-0.19976108647441748,-0.7664322400000445,0.7696960585936528,-0.13931300789911757,-0.37966493020458275,-0.14468535256103535,-0.4737977877310054,-0.7300725804894573,-0.6208916007409958,-0.5007592445107428,-0.5723422320322845,-0.14933497874142274,0.21757801755958994,0.21643387543753284,-0.9999988240474259,0.7969848147256263,0.6283207729295894,0.8970629326118968,-0.2596546289262299,0.36453046091507724,-0.6228961595295671,0.5724393066480393,-0.6916495035285818,-0.41848817027218144,0.06862450980229044,0.13676086060157994,0.0577739404632929,-0.7732162085656303,-0.16373709018151844,0.8920546264090632,0.6813260944361864,0.32564809769093483,0.13982567767065707,-0.6096941264678672,-0.5114081478153921,-0.4441861461072458,0.07056370720716656,0.5012864352174499,-0.036578565540005444,-0.5673061365821214,-0.14342086034894766,-0.6932622347909926,0.4327790354508433,-0.5244571662525951,0.052438529133258374,0.33302820412911016,-0.6498498103023583,-0.8098127780512355,0.05952195233084761,-0.8678207044703484,0.10314206690632788,0.3823265902550438,-0.21041812709832736,-0.06211893702363262,0.8897872567264847,-0.06737545343020468,0.8677898369316307,-0.6154262214679012,0.37012096083425644
THUMBS_UP,-0.7117860259281921,-0.19773027861081185,-0.1804670226725259,0.15272831359781228,-0.17924364682420418,-0.7083715142577498,0.7965541477848322,-0.15030241086559104,-0.20952231201417132,-0.10655362512605883,-0.5333356830098175,-0.7562712589007498,-0.7081876465644759,-0.6923094251158808,-0.6331333856260885,-0.13020967361259211,0.28039641685923594,0.2926773084392259,-0.9722529234016464,0.8647012531533723,0.6316348929217078,0.8856482740450525,-0.4642822551668241,0.26457467732429546,-0.7210478225900585,0.6395704568115064,-0.6377340090796081,-0.3942610819026471,0.0006577277202732201,0.09508662681622786,0.05132732316840903,-0.7981560394343681,-0.11674047656696693,0.8865850950882,0.6726798836752212,0.2509999493755287,0.1402258452012222,-0.7237684024657743,-0.5732732209614853,-0.48168132722944984,0.0036551822323843144,0.4835143248497383,-0.12714069359788907,-0.7216957690119673,-0.016123299976808426,-0.6304518105001711,0.4941832654228317,-0.5643199274207013,-0.06294437281436331,0.3654552711481765,-0.4679053806786953,-0.7319546110825482,-0.020160597254128287,-0.8907201319561096,0.10747831661652406,0.4742767269100464,-0.37906862241097405,0.01729447109800444,0.8248523922636073,-0.0020974104830002085,0.9999988125460157,-0.6113509952376696,0.37702224052481687
THUMBS_DOWN,0.9474120319888453,0.7986883475302354,-0.7967893208417601,0.1441087252532865,0.15739435883106087,-0.4478086310457249,0.9999987588430111,-0.4061925094913999,-0.551410343961472,-0.04867829290373706,-0.3823011776139396,0.7651357754530428,-0.1109640794804326,-0.1128493219999268,0.25082198162218844,-0.8790572418553817,0.5188913394415298,0.6238414575777259,-0.06424210135646366,0.8282072231531777,0.17119693268517966,0.42430006259598463,0.8965037829342896,0.37360543627285847,-0.1250761814712881,-0.9954750967144281,0.39234871066303034,0.9021714380525155,-0.020927184403247652,-0.3585675111556801,0.0077990176250360265,0.3986967848201219,-0.8946948379719669,0.7551618368239637,0.8089395171601218,0.18008129099218903,-0.8089583297695958,0.38828130584597426,-0.7249650444630423,0.10222077793634049,-0.8561599488309204,0.19016839551229855,-0.3219182438588073,0.6148183410742015,0.582762397889321,0.9811637241679817,-0.41368309098240463,-0.7325551125150132,-0.01532787522319991,-0.7380519931287033,-0.8982350324540318,0.20145786161204882,0.18692731791761794,-0.8571937514728549,-0.2027985302416698,0.10501893093892094,-0.590080743339541,0.8025831704199171,-0.7753020492698782,-0.41270085393674294,-0.6082527371355981,-0.7821934046348735,0.779800258268603
THUMBS_DOWN,0.8016129981774625,0.6925415169407492,-0.795792922964704,0.2537509646223257,0.23885359660860417,-0.3318290407060569,0.8341706005363633,-0.32311867814773154,-0.507799246648044,-0.02927740467355969,-0.2909534920655474,0.8463893985379468,-0.07798000317574331,-0.22185281286452257,0.185524796328975,-0.7554704729838321,0.48836780118121714,0.4163572211454414,-0.02701268883657244,0.867319796524956,0.11428317150664866,0.46072450905023765,0.7195998269148841,0.30970229239830677,-0.23937990040513657,-0.8702691068718478,0.40120142785265756,0.8099365244312434,-0.09471594455703794,-0.3164370979876921,0.0700709139908168,0.30225443304681504,-0.9999988788147032,0.6670633781405064,0.686251979605969,0.03021049430885446,-0.673867316438619,0.3429702448610376,-0.5947962529202581,0.08771903413077131,-0.8032298187774364,0.11653377119381884,-0.3755385691024506,0.6504407993958061,0.5026048094919608,0.9114237908232665,-0.514336412628545,-0.8221658767237178,-0.15252413740427098,-0.7090196920109295,-0.646626556156124,0.27459202291299545,0.1773569181645058,-0.8600469672016647,-0.0832897670559472,0.008594705422766732,-0.4756944699526142,0.7065519502172678,-0.531212910320776,-0.4201167357942385,-0.6842060125522776,-0.7336285114536604,0.7655661488372549
THUMBS_DOWN,0.8953552867956966,0.7534905084365564,-0.9175821068120347,0.2091551942329984,0.2632816995658455,-0.26503764538590807,0.8911238862168314,-0.360745140159297,-0.5201885370358259,-0.12852222085644768,-0.4775698185974973,0.7819185379206179,-0.08890902143202424,-0.07623250915395108,0.19244897924361845,-0.7668243681167994,0.4700226852103903,0.6118202756464778,-0.051666660127119096,0.8387485277973165,0.16067910544672465,0.3819614330744985,0.8881474720363257,0.3159956178289389,-0.10386212517070209,-0.9999988138587804,0.3647509088531788,0.8599094197237123,-0.0503351963737754,-0.34926361579996257,0.053366560979920236,0.4024982234227445,-0.8468814887167642,0.722601622673617,0.758800432674961,0.0654321054968995,-0.7221758635611397,0.35845996340746106,-0.6791221887878739,-0.016617240768523237,-0.751350117812863,0.15963134611641386,-0.31071903373863025,0.6962261916010951,0.6280800752411849,0.8830231409021564,-0.6398412568417706,-0.6977324131306545,-0.07705630024690704,-0.7682499406622505,-0.6523634370787277,0.06307708391071697,0.056057814165958605,-0.8866885528207333,-0.09928109722950516,0.15729550913567972,-0.4258268339893525,0.7457935536858618,-0.6747640330780518,-0.49420225349458646,-0.738342956434303,-0.8005738747786982,0.6458068190261465
THUMBS_DOWN,0.7947663199940423,0.6938105570216649,-0.88772592855096,0.18815845137044418,0.12430735812158222,-0.28940030200398315,0.9999988596658828,-0.3220899715007794,-0.4947081103100906,-0.010336857723451902,-0.29237216709643854,0.7785666571539955,-0.09895515966200667,-0.25864556060553096,0.2362628310651279,-0.7358393294331372,0.487706843088204,0.5551625596413199,0.03638469227599268,0.8014824976675625,0.08009056302497614,0.4278193196141552,0.8121629266412976,0.2708479199215925,-0.13712129552131747,-0.8844021858816419,0.43198150994141654,0.930077336930538,-0.10537043783620374,-0.2756622368241221,0.04973471590184201,0.30350222686153444,-0.7681899968358306,0.718422663990279,0.770874322996753,-0.01689553822621774,-0.5791009760584631,0.2933726519841936,-0.792091824004457,-0.06732411308819118,-0.8114894101358953,0.11840644394675298,-0.4054799329986679,0.6501145516466553,0.5574689827401403,0.9386340853926879,-0.4179242762323642,-0.8134817307200236,-0.1929045699116463,-0.8462644216999201,-0.6703353943901067,0.11526717816530954,0.26464908760697764,-0.9185023613596836,-0.01989198847725662,-0.0049706632647325095,-0.5005147314904733,0.7028421932844517,-0.5460839614032486,-0.5416262277519877,-0.6309371958442872,-0.6319388018724916,0.7433965069159975
THUMBS_DOWN,0.7794579624286075,0.8326009358209051,-0.9999987780570998,0.22687502317867292,0.2901335990833211,-0.3661452206533303,0.9043697967681263,-0.4509597456850953,-0.4936607140094992,0.03199277532964577,-0.24359538215566784,0.9158476277569363,-0.2178876517441747,-0.10087751755035096,0.24396854261546666,-0.7745189545714588,0.4812839462151165,0.46884626743436564,-0.06817740749827866,0.8948842903631383,0.17284173298421554,0.44119459145015943,0.7662383925548347,0.25650389842184534,-0.23285964716820123,-0.9426943659851135,0.392913937902855,0.88863414723335,-0.056687832764670404,-0.42218270985663836,0.0037145788304690846,0.468778836591131,-0.9720006659977242,0.7341848909540809,0.7532057067462834,0.06412821233362286,-0.7991645091467195,0.26471588866077095,-0.5438639571542501,0.05316456112881722,-0.7284327216657541,0.21101997584966628,-0.27058650350941404,0.6821507437733352,0.45782412295718905,0.9233543500843183,-0.45967258634357566,-0.8439580043082109,-0.1034056593846652,-0.8826607878202127,-0.6628636805423604,0.2053575290901715,0.18234366302809765,-0.8454655987849595,-0.17729580884678925,0.08876766467398756,-0.4885397922869469,0.7056294894437811,-0.6659970699500349,-0.586934971233696,-0.6628459624332804,-0.6728509902343948,0.6666470525203229
THUMBS_DOWN,0.9899306127839929,0.8076632406824594,-0.8679639970528824,0.12349488358623077,0.4130153394122188,-0.4666614511233854,0.9779211066469751,-0.4421515934603267,-0.5585592835704458,-0.024211259179039938,-0.36665085094089955,0.7895478104297956,-0.12035458128471842,-0.1803513487864797,0.26655440153310506,-0.7914291584994937,0.552931289623913,0.5605243980287187,-0.04281538143553654,0.8775542551028982,0.061620529824817805,0.3922206342361652,0.8988520530742832,0.2790867049289303,-0.17456423226682585,-0.851583751327537,0.5475172463696013,0.8600964196264149,0.09795070080907325,-0.2885140011990691,0.09432058855143126,0.4262155490246817,-0.9629412512142523,0.7851037826973948,0.7022524032750114,0.18224086150580768,-0.7426199925846725,0.3061422189163587,-0.7808862627499763,0.049241981290438344,-0.7808985513306779,0.1148224005670774,-0.3480421482091408,0.6787023124914761,0.5637643141675599,0.9999987748644414,-0.47505647678812524,-0.8724178556794118,-0.17053213914466991,-0.8044266222726559,-0.7572591195108224,0.27882288430860075,0.2533245558459928,-0.9579353032599914,-0.2000620581299761,0.13085822796451818,-0.4648989232142706,0.7329508217750365,-0.66285707191904,-0.5628999547452425,-0.6242506673001831,-0.7241550355522068,0.7440313552681609
THUMBS_DOWN,0.7422873832795441,0.8843051919660346,-0.887023972594777,0.20015381050579137,0.3422516617279789,-0.33488070762895117,0.9926750880003508,-0.5054449157709687,-0.6374287373667357,-0.07433250687037658,-0.36442184295475816,0.8888980250994973,-0.09796042171153854,-0.187579592303505,0.28723628406130425,-0.8746639312090677,0.5454344404136452,0.5438382555494451,-0.01899638664716721,0.9516987104589159,0.1536720158786564,0.26255839911506385,0.7969545716712937,0.37656309528506426,-0.16941109567954443,-0.9790361351094703,0.45447773408910863,0.9850398834877506,-0.030500515174484,-0.20890092960737142,0.06278284273819379,0.47329324296378866,-0.9999987663173587,0.6686181488390546,0.7717245986184011,0.08407853063679308,-0.7044522692676819,0.35793161595538475,-0.698245682177611,0.08494352780995768,-0.8182381040059953,0.22753387658920335,-0.2796317712557688,0.6191930142418945,0.5668875243061693,0.9365540971962196,-0.5623985089474244,-0.751221491420303,0.08396437683644545,-0.8093336963911926,-0.6550015724492799,0.2992598290601306,0.2189300509865942,-0.9479430882786608,-0.16687220329989746,0.11016006093884809,-0.43426193875729857,0.8036027375492463,-0.6255434851279887,-0.5610642874767799,-0.7247766248875316,-0.8110442084339708,0.7614507124380273
THUMBS_DOWN,0.878230228832766,0.8285205768073381,-0.9333519027598454,0.24857003882124085,0.2726666747218061,-0.44836191494113864,0.8951157470692706,-0.46978940139247616,-0.4955142375565522,-0.07280941293705043,-0.23818257574060311,0.8794185648236679,-0.16933932264009946,-0.21602797299836707,0.11884740185510206,-0.857467178776035,0.6295303813050727,0.6331224012250033,0.04813954763719946,0.9409275908114274,0.14623018048999564,0.39301582076933694,0.8747884186547892,0.3286872944113067,-0.18380861123531855,-0.9463583244055312,0.3687022692384126,0.9581999931655152,-0.11528588801064026,-0.28229382450463003,-0.028730970068610036,0.4424631235839243,-0.9725971778928224,0.7572943190796732,0.8053973332333021,0.1095813593137467,-0.7745676395436623,0.30397805253119486,-0.7587395531301687,-0.03489487991685367,-0.6755341222523932,0.13746781042733305,-0.2929437813199477,0.6661651409558895,0.5724813369350488,0.999998761252265,-0.46485697837712187,-0.977383590657441,-0.11778009560635366,-0.8252971477689787,-0.6575944925591186,0.061361756417153517,0.16203522273671536,-0.8051863568750364,-0.07906356628923572,-0.005303387745025495,-0.4044534185798994,0.6688141710041012,-0.6550463666237282,-0.4705911434453042,-0.7025704754755444,-0.6954491669792964,0.7978159471084999
THUMBS_DOWN,0.805834675009776,0.8067330453668543,-0.9302053236738441,0.16475913991121224,0.311755594782182,-0.39146616952367685,0.9999988085764402,-0.49221884058060866,-0.5237751870556367,0.01929176004864882,-0.3310896623569517,0.727126365130352,-0.17677990896734594,-0.1171572086128652,0.20817908048484857,-0.8449493995451894,0.4692204410586955,0.496556680277791,0.021149572060600152,0.7647251104551176,0.18554527061522427,0.4591916614140092,0.8652335306691671,0.45553127111438246,-0.15720068883950922,-0.8527699262945453,0.43007873887343806,0.8552529566316095,-0.18899179896202814,-0.33313206539176743,0.10016221864681367,0.3332606634449039,-0.8268635876412304,0.7625456399187583,0.6706614716306224,0.0923455212213868,-0.6789391828532444,0.2983862724062681,-0.7275364552671885,0.13199058778968673,-0.7949014130254466,0.16122717502512957,-0.2679751131964262,0.6266214987662194,0.6173244399149299,0.9221242393269663,-0.5038306142464625,-0.8126393814155811,-0.16709029698799585,-0.7698953613440646,-0.6675375507842447,0.2091658523661857,0.24919962729733974,-0.9892969411158575,-0.13333308448630113,-0.059137343138079244,-0.45968385110086857,0.7292481124933569,-0.6662948904113886,-0.5966693030370805,-0.6003201881743019,-0.8179265833387549,0.7722186027899437
THUMBS_DOWN,0.8277504895062902,0.7914967205189867,-0.9005166843713137,0.26900853709183886,0.39927475806195367,-0.4254889821765554,0.882670774958278,-0.3869029546127661,-0.6355156711163905,0.014435604610910532,-0.31848499561808424,0.9112790473532038,-0.05275869908972155,-0.16704489942990666,0.24783830851086874,-0.8726803924086409,0.44625882321279925,0.5219312773971683,-0.11652954638721026,0.8740803170595768,0.126296733214903,0.4176749674126876,0.8278005118055372,0.3857956540517309,-0.15163893617802954,-0.9999987787501159,0.47962395358253945,0.9007747290052694,-0.07465174618688189,-0.3388669746960666,0.036929896683606155,0.4298564630152926,-0.9440927102161626,0.8017939285273102,0.732334902770228,0.20280060166063327,-0.7726975354579265,0.3368086393068049,-0.8067127747660695,0.008367856278934277,-0.806477169758803,0.17100400828408593,-0.2958362091803512,0.7493068670803827,0.6537548235829509,0.967746611986333,-0.46182192842616304,-0.7632344661775436,-0.1725030226451603,-0.7661021777961978,-0.6824366461699841,0.25992584765600096,0.17185015672217122,-0.9460513543362516,-0.15172691037452263,0.028579155425892004,-0.395091464786115,0.8087623910076812,-0.686755496597683,-0.5341500205684107,-0.5462887737090351,-0.6992568544944581,0.6931816979704215
THUMBS_DOWN,0.8053050017005642,0.7370930299463446,-0.8811770898939112,0.1663752325433929,0.1764463370938347,-0.3865825122625242,0.844210323396021,-0.39664845955096834,-0.44804371037499807,-0.005657835087286915,-0.3459426471482318,0.76298857583961,-0.03359109293133347,-0.20350261563919816,0.149037548093507,-0.795791785814865,0.4719082942331525,0.5535597524946411,0.0009140852917242555,0.8714984982220498,0.0186475378214492,0.29737283075120435,0.6844239575650765,0.32304673203327877,-0.13076986977132718,-0.9999989015134615,0.44297942341141605,0.8811945512717064,0.05805269139732833,-0.2725541001060768,0.06784945811351722,0.3388122433874054,-0.9677433615997599,0.7488536966282785,0.7091108236305246,0.14116726007944072,-0.6777453309203679,0.43213660744765925,-0.619318645939057,-0.028126396678878722,-0.731690431884368,0.06844787280801685,-0.37151482073969017,0.5604820652196052,0.6122998659866646,0.8724916231593954,-0.36664903177308145,-0.7756536735929068,-0.15653358497441083,-0.7022399450702356,-0.6114620837720889,0.14920531644202312,0.2735111811455691,-0.7694353526126787,-0.14540428022429597,0.09332221264711968,-0.4592225026967232,0.5575540254051814,-0.5356411785547164,-0.4163433113649502,-0.6136928877355483,-0.7654219082736999,0.6487664958638255
THUMBS_DOWN,0.9004697096001365,0.7869096413145626,-0.9142136165786066,0.303755834037803,0.29880338457046857,-0.37110008276757156,0.9515694312823761,-0.4804076061393838,-0.598248100877725,0.03401848395225436,-0.3576179579480147,0.8303875644451983,-0.150534465211653,-0.25760590865683475,0.3351542885194544,-0.8456513430742335,0.47735259856964696,0.5385174452909607,-0.08453342038106734,0.9253448221744771,0.1151940312805234,0.3957995420884303,0.8403129841530184,0.44595557981112793,-0.016841947456543212,-0.8958128792935633,0.44836359680577825,0.9740221081666331,-0.011260903210672087,-0.34774340583577845,-0.06419485540491282,0.33590039769705854,-0.9999987575280006,0.7383893478839104,0.7342690311396346,0.03211010859558033,-0.8033803798279265,0.3822232564855307,-0.9081288743070978,0.05154869130606012,-0.8249940143775502,0.2665620251162733,-0.34512531430177845,0.550330074494656,0.4800118363340958,0.9199726372196406,-0.4656324537642744,-0.9775295736435219,-0.10645043549052188,-0.7845390739875489,-0.67192574113859,0.138260757941757,0.049526505683083484,-0.8140319026947253,-1.7267534967574325e-05,0.13585331339367898,-0.4783425912994383,0.7362715725990874,-0.6311285447628429,-0.4801225517968021,-0.8754536994073399,-0.70525090757679,0.8291186724999321
THUMBS_DOWN,0.8934115808070777,0.8300901523893944,-0.8019380654389595,0.11194171528267487,0.2608951589962621,-0.41993896262307884,0.9999988377907472,-0.37760373865157487,-0.5362117465907255,-0.08863242811106734,-0.3904196718241147,0.7229141809120834,-0.06812832336063529,-0.1323324615997043,0.24857869158022514,-0.732957797188886,0.4305947336340611,0.3919605488715005,-0.008592432783059326,0.8441173632790518,0.19593100356949283,0.3878091646817722,0.7848114202068917,0.32127166609572744,-0.04488909941254799,-0.9005635104631939,0.46734409751254924,0.8823956580599327,-0.1526644524373634,-0.3743158905273143,0.03351161743412328,0.3958656014008871,-0.9836932136147494,0.7822548626881626,0.6315564356790997,0.06525184591167797,-0.7529885612845741,0.40564394953191507,-0.5271445191727191,-0.0040511626889643245,-0.7063455294262067,0.2394058734608968,-0.28608108226964435,0.6614581090967069,0.454740011576242,0.9952851669804326,-0.43005365469828344,-0.8281559741993333,-0.11052593673511416,-0.759692109292774,-0.6126013168927318,0.16030886176965026,0.1145067065853478,-0.8195523080355623,-0.1155596904938662,0.010116604265421087,-0.42568538814924306,0.6943160073268109,-0.600805441479965,-0.4593645753762257,-0.6019869485405649,-0.728914465018973,0.6930365971366238
THUMBS_DOWN,0.868184026504925,0.846712908206804,-0.8066461648929674,0.2612232832549216,0.27031350159722917,-0.4744631871750563,0.9790024822829576,-0.3664549888369037,-0.5270625008821844,0.01583086654850566,-0.358933075441454,0.7129946899390212,-0.16624573054170183,-0.34370573272825816,0.2662538383436217,-0.8021010334216352,0.5404456014862653,0.5562946156257049,-0.07865865142874667,0.8192182376908177,0.10427051340351272,0.48605037237745924,0.7995612371111267,0.30068126351266594,-0.11254841063969115,-0.9999988090871013,0.4113633800364065,0.8347742871486818,-0.12021153109174566,-0.32092409202031097,0.0395110299536967,0.36055194910003957,-0.9731841254034661,0.7425791123714574,0.7630895309093827,0.062445033639244384,-0.6998904553941675,0.30639402686840306,-0.6137646351566209,0.04677470303051176,-0.8142873320406069,0.14021596526634397,-0.3233029923004177,0.5994277100162622,0.45660906426476694,0.9674313234660171,-0.48489236283779263,-0.7944878733540056,-0.10617318599464017,-0.7553483744688319,-0.46260857924810583,0.2617438544413539,0.15466906810521902,-0.8449737647884146,-0.10178956959946629,0.07356255354147788,-0.5353635536191699,0.7716994009627517,-0.7830325170519404,-0.46995037448306787,-0.7581845336139844,-0.7725443569058639,0.7346135061743786
THUMBS_DOWN,0.8779843864653171,0.859650528192237,-0.8652600037819336,0.25056947814281205,0.2616142721974025,-0.4207337297292924,0.9335000807246691,-0.4397964482239372,-0.532513843471892,-0.05706403137651806,-0.4172163349777137,0.8043312522285659,-0.10263832116567176,-0.09981157404506982,0.12495217760262405,-0.8170118162406136,0.5407220563798786,0.5276939145577506,-0.006180747062541673,0.9279204381334905,0.10268827052046617,0.311544731698658,0.8353778569492982,0.34473132247365856,-0.1334971429624069,-0.8889694167020722,0.36659498500175147,0.9522322331845968,0.062153114243470635,-0.2320830946779776,0.073451638579611,0.4571794488413505,-0.9055133936738307,0.6150706908268124,0.6879688276342321,0.12392193932206379,-0.7483310980259384,0.32716131348518623,-0.6037171770040696,0.08185946243698858,-0.6983193119802849,0.18135730784397483,-0.2907474236247044,0.5989917744698074,0.654029603279143,0.8310611723823136,-0.4451469093877341,-0.8387656602999198,-0.06605974067186961,-0.7911408129309458,-0.4554438853428022,0.23318420140938867,0.11282634093997637,-0.9999988425648639,-0.17158958177567388,0.08845526768156411,-0.4448311044185494,0.6557832632356068,-0.6694739365540457,-0.4077248068390674,-0.6543730655252442,-0.7352976158333219,0.7593834870390028
THUMBS_DOWN,0.9531681103998677,0.7641487638447203,-0.8159160503539823,0.19398784558079077,0.3305317880003835,-0.3546209679649225,0.9479185516319404,-0.39771780538752566,-0.5046936729676195,-0.09636022299048655,-0.40867912008098195,0.940266331051354,-0.04505198456591654,-0.11311943817598437,0.23260153767439826,-0.9038172282757976,0.4617401904300625,0.5406625095473376,0.01920484596761563,0.901862674620784,0.1799523205510151,0.3650640949533923,0.8548855170524817,0.2651975786622013,-0.12360743738419469,-0.927460442447981,0.5257717507394536,0.7221814427875664,-0.06633996649741067,-0.2930880194642562,-0.07433515928075031,0.4836859217096404,-0.9678827055527888,0.6871410494770712,0.8040172455331054,0.034710126281027,-0.6774381435720845,0.3415285009168918,-0.7209124489015316,-0.04613300850101342,-0.8241568400880409,0.2240966561140047,-0.2805048726718603,0.6781170175625423,0.5749253703891137,0.9999987983706735,-0.4472177398580758,-0.8786496263707114,-0.16461572487643644,-0.8197927675392616,-0.6562482899912854,0.19487071454904709,0.27363434446479135,-0.8611865704087232,-0.021500406425485057,0.05813007737228853,-0.45607816547317964,0.6242676010700446,-0.6131345431857406,-0.5125690615063329,-0.7111728335433203,-0.798102240547766,0.7498902891707397
THUMBS_DOWN,0.8672402368260557,0.9781020601864765,-0.8618456673161379,0.17724844389172287,0.1395875514275529,-0.4069042668932181,0.9760810839375598,-0.36599237515950667,-0.5721693483379924,0.04066874920899068,-0.32643212149655104,0.7767290532440224,-0.16836480846858054,-0.21039645115499683,0.2438527665089497,-0.8640375910330241,0.5645183730904825,0.5744821693082459,-0.07913169752531828,0.9633135413034575,0.08642407954018136,0.43895175754203075,0.9129469649082482,0.3537636671335778,-0.10463237754576628,-0.9194040620722707,0.5278319666585743,0.9868477943954662,0.01611461831602825,-0.42338434632633937,0.047311786976688565,0.45900376141311994,-0.9999987362308151,0.83988258660025,0.7893885042660063,0.08910178220701596,-0.7340505172198007,0.25219667330891565,-0.6339642098040215,0.008641414527516905,-0.7283623474172919,0.12609109274916686,-0.4255197741006689,0.6548954681632979,0.6087632212740152,0.9758463412256276,-0.5411721467713791,-0.8626400936579455,-0.023638573246999216,-0.7375281155089717,-0.6686206179136357,0.12854062005380815,0.16968138157845236,-0.8152592884899768,-0.05044298521416939,0.0854742292561367,-0.49857331247420955,0.8099091003378158,-0.5422966562911952,-0.5066368601055087,-0.8180651235176283,-0.8401958282451987,0.7702575887338964
THUMBS_DOWN,0.7991547755636035,0.8582474222857107,-0.867111484674583,0.17877776687176425,0.22232936140549195,-0.3264502624287162,0.8415111141979288,-0.3907300553746111,-0.5983330193070163,-0.05852178997441098,-0.2257622096024214,0.8668230570491999,-0.07025212801239673,-0.13749772029390317,0.1919712337564804,-0.7459640081933245,0.4734493982672272,0.48615945672616334,-0.001389406118170268,0.7704576992672431,0.2881483415358538,0.44470712757839914,0.721208041993016,0.3067741264016521,-0.15706345764796797,-0.823120218656113,0.40765064750359187,0.7340282816252868,-0.10582902176198546,-0.21471273014543527,0.02245116493355274,0.4000597754468596,-0.8647865980249176,0.7530495664441597,0.6933848290545044,-0.047703485746011264,-0.727980440503182,0.18945623184930788,-0.733718320452304,0.01799727654125516,-0.7319725358922886,0.23304850368511795,-0.3307210719488772,0.548718669130708,0.6101567042510156,0.9999988702050141,-0.3865776661896521,-0.7959192918258782,-0.12043184523862309,-0.8203816680161421,-0.6258005026182452,0.15055952761014443,0.09173424253936567,-0.8444341742931087,-0.11911740184586979,0.12661547861100445,-0.5107950706342481,0.6822717363264834,-0.6895041864211284,-0.5553578439467048,-0.6479621245266212,-0.6920919896223702,0.7569376069672515
THUMBS_DOWN,0.8417735006908496,0.7974206021237612,-0.9273657495413656,0.16925698300910863,0.06366655919425283,-0.44251289974516217,0.9932576007625504,-0.5479867640809221,-0.5688598932483578,-0.0477498222651772,-0.29649386940959266,0.8209166979780802,-0.08972313054767406,-0.2172114045319242,0.13612076218851799,-0.8358359184311076,0.4842363626741009,0.5846449056821235,-0.13549549942155317,0.9999988003229409,0.1626380308721833,0.3290946580474948,0.7657515459958364,0.30971861720682836,-0.13491807299662517,-0.9114002796253284,0.4764608928342,0.8526419098381489,-0.0507545477863262,-0.32765516656757904,0.13574468095642617,0.33003566713014965,-0.8297413799623092,0.6902446033743453,0.6765042993586939,0.061505266232482654,-0.7118765653898292,0.3079882935922908,-0.6593096696632635,-0.012474331487763923,-0.8186294928527971,0.1155001188328621,-0.2736050992096158,0.6583892106285344,0.506344157819197,0.9296799224895262,-0.5448781583521866,-0.6776140908735359,-0.09842092557843746,-0.9190029161223068,-0.698688596390281,0.11176094939472862,0.19439784812294733,-0.9784177226620222,-0.19150663824185307,0.042929979263664216,-0.4502471106810593,0.6808897643102994,-0.6754239926741648,-0.5584641691776785,-0.6316322163193905,-0.8560944477944883,0.7175754511593389
THUMBS_DOWN,0.9755635016029477,0.8168393732841894,-0.9800680433162552,0.19547312946950982,0.25931202048116897,-0.38659915254258215,0.9660045520509861,-0.346949012725575,-0.5805228578739486,-0.08147044830884544,-0.3924417386824242,0.7832292974311048,-0.09893236179985394,-0.2583554284372303,0.18696732996895396,-0.8100252905187126,0.5714143791499342,0.4673256313967357,-0.02923391577821814,0.8718873771160515,0.1845475793034494,0.3825697918024719,0.8253149758915114,0.4777165848841254,0.04538510112869621,-0.9383962638179734,0.38748802797152565,0.9170094119350721,-0.021137983836494244,-0.2309061916107265,-0.09879236912740391,0.41849907931085206,-0.999998786844561,0.7026456385158302,0.6591527255555163,0.06654084637574588,-0.6902449937366685,0.25799111866663654,-0.697635193218841,0.040115060621202715,-0.6890970293738115,0.21140863902323365,-0.3583137251731049,0.6613619475722643,0.6284762182040197,0.9748912090397092,-0.4229760660530118,-0.8707306091539426,-0.03781743001234901,-0.8395475974913249,-0.6656445360672769,0.16046796645130462,0.11996630150160027,-0.8406589848359579,-0.20620844191422524,0.03236537648453171,-0.4305981029616821,0.7228881225759213,-0.660367969132806,-0.4863384601279868,-0.6558149005063438,-0.8051202959791646,0.7065367825059305
THUMBS_DOWN,0.8749327455976089,0.8900806861649677,-0.860620101168745,0.19978799002409087,0.33125228886851316,-0.4029355552555343,0.9771880540193677,-0.3673877599482102,-0.6550894370672548,-0.004058071893192726,-0.3952556355539139,0.9099715721985341,-0.1604349120192709,-0.19845199778806982,0.15341905947799103,-0.8121364300674573,0.48576355419304984,0.5015689627533749,-0.050070935092254784,0.8043701560052777,0.11497352480255346,0.37758524845270525,0.9371440260825081,0.3430218511316415,-0.11122834222083035,-0.9434747075117762,0.6675061989611552,0.9826692566456483,-0.18598377151245327,-0.30556152448734325,0.1063116554270851,0.36499295054015457,-0.9888002672954975,0.7383607065716628,0.7169470257422961,0.1655481689587046,-0.794068148060452,0.30174699702802266,-0.77807281423829,-0.05274813565094033,-0.8441117178525009,0.14042043169155433,-0.436663104301994,0.6581021597445516,0.4403281059811332,0.9999987541077845,-0.4225810415622804,-0.9065805616597443,-0.09156089208291501,-0.8461865775664025,-0.4943750629559614,0.25458766535683697,0.12968207139035848,-0.8298879434679828,0.0363894785925647,0.04675016459501146,-0.43210125254261256,0.8047393110016364,-0.7453099964030832,-0.604838813671703,-0.6738165410793866,-0.8156082633278342,0.7418738135011725
THUMBS_DOWN,0.8758055017927273,0.8226648966253624,-0.8113941840597632,0.18345268434611114,0.2250622326994875,-0.41521724575770236,0.9999988572046615,-0.25289319244536473,-0.4565241833677907,-0.045036713299709666,-0.38695756028176814,0.9308111606157332,-0.08367559468945586,-0.13961290946912738,0.19598474769384694,-0.7265993971466262,0.4575564835442772,0.4304509168095096,-0.06683958303912704,0.8562580519904367,0.23268272736711232,0.2670017563516726,0.7051178435510161,0.2797830623639514,-0.17813605063695082,-0.8687994463444776,0.3893378028622686,0.8571185317262725,-0.04485472488587523,-0.3703400314913672,0.023283545064939612,0.3720536681688602,-0.8479385912062457,0.6691705091021438,0.6781677226972687,0.02364389822416983,-0.6921766186170561,0.30544863586873044,-0.5775190511398678,0.01206743727731993,-0.6661626336782106,0.25075004441011134,-0.3528670566953789,0.5952086433417543,0.5156570266871464,0.8412947082607133,-0.3086324017144528,-0.8337196796224391,-0.15574039988600177,-0.8223505054657428,-0.6235885363159005,0.16056232947814306,0.23946339492524807,-0.7314341353157225,-0.22333052798319109,0.14597034377522364,-0.32830231126700704,0.6448486996589964,-0.6717234746515562,-0.42016311594865546,-0.6636398042223052,-0.6155424801789223,0.7210004995816166
THUMBS_DOWN,0.797929298066732,0.8318855404759109,-0.8650593240050273,0.08356656626761165,0.2117979004940781,-0.42497213002231293,0.9503789630601807,-0.3601831285419238,-0.46303000915631354,-0.07138261290278683,-0.4205951115354868,0.7492647610653097,-0.15451864484695796,-0.2165592870825035,0.23593516225136482,-0.7483336039014673,0.45959764024457,0.5353524348501878,0.008179364517150426,0.8582139451102925,0.08253708187706264,0.3515180562524367,0.8598433538818666,0.3506238687798816,-0.1913449548300605,-0.8262974261123364,0.41079504034228637,0.812934954512184,-0.05797583294620688,-0.39179414014930763,0.07459254183141635,0.4979406053728511,-0.9999988220884768,0.7198473489833119,0.7794962560889951,-0.0005490748697394223,-0.7836212004163187,0.3098356231828793,-0.6989637600443851,0.017098142814918577,-0.7720572000532225,0.08953850068228636,-0.43799432367246594,0.5461743927312455,0.5949142752634755,0.9954670571721257,-0.4622646636914247,-0.7840079567341656,-0.14323841228529313,-0.8067649452117155,-0.5514889364291443,0.21077642874018865,0.18403274297176508,-0.8693537393707712,-0.17581805164799244,0.0619878269892631,-0.4189410601892553,0.8312228531368339,-0.6433626240156282,-0.485582582024986,-0.6298477651909772,-0.6373785014929612,0.7349822447706572
THUMBS_DOWN,0.805498524981653,0.7441212719508584,-0.8891808571810866,0.23499327245978002,0.24497689840781617,-0.25955096841779435,0.9034594711162015,-0.3532538586645326,-0.5487982549211863,-0.0758377072658997,-0.279199802249932,0.8420577680788519,-0.16603874462520188,-0.20589681334805482,0.19212465595123418,-0.7258892828415767,0.48917710961013217,0.4841753488459047,-0.09188295851995013,0.9233667541341364,0.20055134814285533,0.24251183356052552,0.8233042123354615,0.28712216954054504,-0.15872493630564044,-0.8236087813169299,0.4366719306177384,0.8534715211614351,-0.10561312324546587,-0.23455629555551052,-0.035366140773714326,0.4610557117682068,-0.9061397934517443,0.7046369394216815,0.6736910353349587,0.08476240390339747,-0.7676259207097963,0.3839657419710826,-0.683927626506493,-0.02556566382339516,-0.7528623487071858,0.14123854504977656,-0.2611154140346396,0.5052125892261763,0.5431794859299637,0.9999988593543717,-0.4386705797204529,-0.788979801048641,-0.10562804979796063,-0.7973208080708603,-0.555940843072515,0.16664369977858784,0.1761707195910689,-0.8021296295809007,-0.0789947864244524,0.06067485787623172,-0.372116447892189,0.7366896280953569,-0.5737509212332574,-0.3889510389129324,-0.5486744565473832,-0.7686160993451757,0.8489289218083459
THUMBS_DOWN,0.8283733167572125,0.7785443539398399,-0.8358583095294859,0.10676348961071476,0.27598515456991746,-0.421146687554294,0.9069056351786711,-0.3745207126711063,-0.5534907325690238,-0.1323999182485601,-0.30854446398457913,0.7773170305424182,-0.09883815823704478,-0.1888722138346748,0.193108756673081,-0.7802694167515152,0.4786430085598737,0.5306533671782698,-0.09403446690956366,0.8807611247997221,0.18291261147972535,0.38775506310511,0.88281260530873,0.20416513060007685,-0.01323199525599943,-0.9086904243858788,0.43238194552725046,0.8547670647179656,-0.13123502130294984,-0.2634462349773052,0.08479417935599072,0.4429846825969974,-0.9999988541816143,0.6388286213049245,0.6683746030137759,0.1486294634109435,-0.6867897506728442,0.20035295824295085,-0.5456739259084389,0.09978658047917954,-0.807262336908903,0.13983630505803993,-0.3499388457313542,0.6367818195029974,0.56128796191925,0.8748246304857734,-0.36945749506438724,-0.703440083641631,-0.10732572785999056,-0.7966189855452447,-0.4980235848119202,0.05265881139181731,0.11766580284913204,-0.7811132794617598,-0.024950441939670453,0.03709422297296008,-0.29464300137782967,0.542018096348472,-0.5585928132535508,-0.4462233256620037,-0.6567160671584178,-0.6527001441213914,0.672430716677421
THUMBS_DOWN,0.7459618749269675,0.7872979509747142,-0.8361027479618659,0.14442565789818526,0.22635056191373576,-0.39348111416999776,0.7976319999034672,-0.47260278410509726,-0.45920545675889274,-0.10900291926346628,-0.32044762474329924,0.6603952660621963,-0.02322202393269665,-0.17751549948169057,0.29043064880240527,-0.6372682403832607,0.3909790298351666,0.44637337819789513,0.002305304668739934,0.7873866456127169,0.1596975582088228,0.35843881158139745,0.6342329128368689,0.35372989910394925,-0.13088155476593544,-0.9257869079586004,0.499681724388194,0.7999964651830729,-0.09653932435236301,-0.39107060008014066,0.06837514290889746,0.41501613823568956,-0.9999988710844353,0.7132715402374336,0.7445846491107868,0.10068053510595096,-0.6073096693284942,0.2762152295114299,-0.5543662778279079,0.013837829876677895,-0.6888273388673398,0.23299217466179187,-0.17905613817171293,0.5368308352443028,0.5000444394308415,0.91109273072529,-0.45894694432612715,-0.8367606601633364,-0.18902221766203978,-0.7453789168620061,-0.5358130076669756,0.19563315661597042,0.07441277417522607,-0.9155300330179473,-0.09967426669328747,0.04110095169518901,-0.43695041533902784,0.6563397168360244,-0.6402651884066233,-0.436117989225782,-0.5573994621479934,-0.7453502516365084,0.7100982408853497
THUMBS_DOWN,0.872799936287476,0.7310698650270998,-0.9352129447473538,0.20321413616498352,0.4093979929306331,-0.4418883884190095,0.9190124190337366,-0.38035054350142744,-0.5570828633139319,-0.10733292649346235,-0.4486355141912191,0.7103358136881535,-0.0647697383185691,-0.2369693638009163,0.3881560821081967,-0.8453265273017189,0.5452653914784195,0.45062026337246053,-0.03890794996487261,0.9705172566507534,0.13281544100763368,0.31319319655653305,0.8012944999691696,0.3098472037840978,-0.19216720359374884,-0.8223861594974577,0.44439025020884154,0.9802324540465693,0.007396439624491436,-0.20787835709388752,-0.0389989553716086,0.48262704696779857,-0.9999987865369253,0.743167786818928,0.6845573015024291,0.22125087149198533,-0.7777725317873874,0.3731751593725493,-0.781141447183355,-0.0007856941473199862,-0.7246344444350444,0.19399836422273364,-0.4103590120382327,0.5992462478624678,0.5922349625445069,0.9667584485127347,-0.5504817885431419,-0.8739001151194865,-0.11951570312270567,-0.774352835797062,-0.562740596436111,0.2296324835227712,0.19947658164602836,-0.8646449488686482,-0.08190859728007398,0.11672144265387467,-0.3477378342734237,0.6633247088618186,-0.6851855421344134,-0.41649785230144903,-0.7263322827929353,-0.823095460949304,0.6968719452310641
THUMBS_DOWN,0.7984391672009153,0.7416731751240455,-0.7991421984755697,0.16967203179055967,0.23537755603063573,-0.45692112169217536,0.9083993547582369,-0.33712803974293115,-0.5140400892381608,-0.019902117478246592,-0.3061548065429354,0.8120019948043554,-0.09412777449259543,-0.2338563339180822,0.3296566685685869,-0.6728794647994334,0.4590414670016659,0.48561460259416983,-0.030095615996790316,0.767090403605861,0.20292570943899482,0.40311062786768764,0.7493675454511399,0.33298253991905963,-0.06321601650617693,-0.831996270394627,0.3484950649152574,0.8642749573952309,-0.04976922977948933,-0.34557384191511015,0.09170506928821519,0.41915430784866864,-0.9001489928125272,0.803255629249408,0.6563903019701813,0.021030201667120687,-0.6624399822392971,0.29672852927561955,-0.6746692002972047,0.09165543619649262,-0.7845531196893576,0.17549586867948885,-0.31848780389279135,0.5876447904400985,0.5972502702868296,0.9999988892136841,-0.43096283836696087,-0.7294636155419602,-0.09903449659633887,-0.7360206102859197,-0.5463207217893093,0.18228696179670092,0.11312449775198032,-0.7376904362138171,-0.07650993441282603,0.05111215535710644,-0.4470744561212888,0.6774336586697131,-0.6158198415122911,-0.4272624501156275,-0.6200999307508474,-0.7276525176006399,0.7629836186383802
THUMBS_DOWN,0.7838271314725749,0.7658059990078093,-0.8261523107768528,0.21410502798059944,0.30768770477993873,-0.3552640315060281,0.8803690185899542,-0.35275642451397027,-0.5698183972666869,0.03206217850832425,-0.3906180704722643,0.7496294622225412,-0.1573881411168841,-0.15049978228669417,0.2332657809470572,-0.779767126527306,0.4751220207556458,0.5008268103456788,-0.07705161362787614,0.7669590915724285,0.06710995401144297,0.31955144232907967,0.7778525240820042,0.398264511504646,-0.18780935294750545,-0.9563900728575536,0.321842465040657,0.9022429030335344,-0.06841129370813338,-0.37678324171431443,0.03448382209479391,0.39468738613145676,-0.8615084150050686,0.6876871596371152,0.8250724859609508,0.08764645523512035,-0.7321916917859059,0.30750531510326873,-0.6627757666077618,-0.001564760714054073,-0.817312209383375,0.20424862504913624,-0.28341574494147964,0.6817393386177638,0.553774993313989,0.9999988264996238,-0.4368016865134265,-0.8399365572909728,-0.13993454301175512,-0.7281817250259188,-0.7023924708158776,0.2641756021038695,0.18037784228886714,-0.8924785038902121,-0.1491463345316,0.030730813052194435,-0.3941387277315649,0.7168308324284365,-0.6632516320431263,-0.49380945975862883,-0.6256013236257372,-0.5589885874169138,0.871956429993017
THUMBS_DOWN,0.948975767431099,0.8070766411324144,-0.8655640799289936,0.16039546600601323,0.2691294513742955,-0.32092061211505857,0.9588236811956199,-0.43047736563647454,-0.5917538121703765,-0.08186044206639106,-0.3659699079206679,0.8844239361575892,-0.07668252732856295,-0.15954882879094862,0.3216434266199951,-0.9350746941376031,0.5110246911185945,0.48702731151777523,0.0712756215485612,0.8854677685821567,0.2027579362113647,0.4477844911939296,0.8162086288514416,0.3864617720971264,-0.07041314809928503,-0.8911090025284155,0.4192649206510178,0.8310029592274629,0.07329972542110764,-0.3348821576868319,0.10016789963096794,0.42309093449513235,-0.8578910411229176,0.7350422384066908,0.7703781684418297,0.22519812207263618,-0.84566017277629,0.41435461098496623,-0.717843629842732,0.05866546315465122,-0.825241682071526,0.27727541178192927,-0.41001114745534434,0.6569433759999699,0.6510598205340368,0.9351911227244558,-0.4717447377241968,-0.9300461156126815,-0.13757123278130304,-0.6617427540666212,-0.5529581397171821,0.23361785394379653,0.20504109487073796,-0.9999987638535742,-0.12447399690193858,0.11677223590528724,-0.4861431522757179,0.7581251925170804,-0.7323080699600933,-0.5539753933828374,-0.5374116070332291,-0.6268117676891133,0.7442712328873561
THUMBS_DOWN,0.8395615674708008,0.8001894329368583,-0.8912243286961176,0.3273907808683795,0.24113274298525988,-0.3947349046897333,0.9873969387276237,-0.3114001289741264,-0.545520653052539,-0.11816033905911563,-0.3045955516889213,0.8529386778108587,-0.17286596766806456,-0.11267932380379368,0.23060090717380027,-0.8114052572750409,0.5189626869454939,0.5146301394458275,-0.1019821737840615,0.9399684884399577,0.08185761363220648,0.44546671264660764,0.789942328683697,0.258130155574788,-0.04837206915775574,-0.9381977940643099,0.33530347010510775,0.9226505301320921,-0.021179591087990102,-0.27865193228253526,-0.00977581911861116,0.414547015188452,-0.9817364722501856,0.8336547940384067,0.685857690035414,0.0039378719053568744,-0.6650391687692135,0.4168758657090311,-0.777908702141124,-0.009062366656963583,-0.6763900562539966,0.2315651500814622,-0.3644642615976531,0.7284313234979699,0.5658839618815792,0.9999987584536045,-0.5009521446168803,-0.8265431550911477,-0.06963673339440939,-0.813706978324965,-0.6073591234122603,0.2638505469170104,0.21196008825566293,-0.8931666291018027,-0.08692888833331863,0.1352809461272454,-0.5181817555902782,0.764865430454011,-0.7903575514787743,-0.5064279206541191,-0.5643541701825984,-0.8107851651431078,0.6515557469335519
THUMBS_DOWN,0.8519830681894187,0.9277664171931076,-0.9497618356529675,0.14880585775192798,0.3693860822317402,-0.39105062779980637,0.9313150865652138,-0.44035752672710804,-0.44240688713702797,-0.05211036370464351,-0.46904037785525243,0.8954959748948951,-0.09790668838316074,-0.09839392415094719,0.23191151221638703,-0.8268374142081737,0.539758414013983,0.5474400969851669,-0.03237227177696344,0.9685486012126829,0.19704632931561258,0.4570660304862354,0.7207526015588828,0.2441443398548102,-0.12554459470181037,-0.9626263267279581,0.40114142383626844,0.9275039095243041,-0.1134735514050857,-0.28957079448857365,-0.017560186028035447,0.4799709686843016,-0.9537828630873965,0.734805598224029,0.7031197644125385,0.03573543094042583,-0.8262796350217062,0.3532550756802415,-0.8477366523658235,0.11785086375229059,-0.9095982101529408,0.09573819237367803,-0.3674343216026921,0.6677613161352656,0.6997061319325073,0.999998724276729,-0.5131545362128457,-0.8531218479709792,-0.05590343441805045,-0.974388700644132,-0.6520567094971487,0.33606878149431746,0.14829202147625656,-0.9225595574206735,-0.05149668368425137,0.09269744923655818,-0.5405276217480788,0.7550989695351851,-0.7708393026717044,-0.5705023338844416,-0.6293986034512506,-0.728075143121837,0.8874727723118315
THUMBS_DOWN,0.9159294589586918,0.8235367692038515,-0.9487809238632218,0.2849184112934813,0.3133486988679561,-0.34637489461315524,0.9823471266081785,-0.33058900465030033,-0.6371639028560838,-0.10353891864932964,-0.39287241138782597,0.8381315069595484,-0.14285603307119124,-0.10508830605391728,0.24127498852662635,-0.6668461113155925,0.597280148111694,0.5250211478100982,-0.1317008431237254,0.9186372706618122,0.08575348286568477,0.31719722567313213,0.7931357362635504,0.2953634349766716,-0.0979875707659104,-0.8950911533091048,0.3787529247191722,0.8770488074948659,-0.13909329010597216,-0.28426158173699256,-0.07482425725172062,0.4256064056151416,-0.9999987969153336,0.7781703458771173,0.6950614778778482,0.028365866699222888,-0.7030497783197884,0.35776007833685053,-0.7600677373747541,0.04994438852208997,-0.6344538162402725,0.1430807897446071,-0.42410255568031846,0.640472364423687,0.49425885229412087,0.9439659219285582,-0.4971713447344849,-0.801861522758153,-0.21536513550761657,-0.8968969910619807,-0.5959025057796803,0.21992632783208,0.04818794176450703,-0.7875813924072095,-0.057230086505020275,0.017772035570298324,-0.44078968859461065,0.59760304281974,-0.6100017372124434,-0.5246296876027223,-0.681675558250093,-0.7447330772357026,0.8021915232176766
THUMBS_DOWN,0.8668568524642838,0.7907324766363112,-0.9007600499788764,0.20921270014414978,0.26397269011708013,-0.399082389644062,0.9251530259674738,-0.4080437086511543,-0.6241003844015003,-0.033153671244855375,-0.33342403011373234,0.8041816796494167,-0.1714312166538073,-0.21569508764789744,0.33258852569056024,-0.8301762697711735,0.5120571015979934,0.45731198302789433,-0.15977178683087578,0.8497497563664299,0.1849724192730295,0.34708742721063346,0.6798044451146703,0.18134135400833049,-0.06033206253432399,-0.8933653544095019,0.46440388365510965,0.8866625698332309,-0.12341864172014835,-0.31594502265655566,-0.06342706383396372,0.4845380886608723,-0.9190156465173428,0.770692199756869,0.8013797342847893,0.05664758109892471,-0.7527256019792538,0.31645583198000493,-0.6057657170783182,-0.07774929062347849,-0.7619910461480058,0.21451785631279355,-0.323609130251642,0.6846193150186536,0.4732372324095361,0.9999988261855766,-0.4920695846590265,-0.9459478561293421,-0.12622633672731315,-0.8316484689682846,-0.6134408575954162,0.09353459933081965,0.16580109810924742,-0.8914197317135418,0.009441780408267429,0.0669541270096667,-0.42227821882520694,0.6853471945884965,-0.5632736585725279,-0.4337156125155077,-0.5553942012092162,-0.6582875458740947,0.689154362509716
THUMBS_DOWN,0.8551270555123215,0.8331905964860473,-0.7858064907764456,0.212791312983015,0.18429475994918298,-0.374718522136476,0.9026925981269186,-0.3760773094694559,-0.4506006099312811,-0.06545327255857862,-0.31419482790007847,0.7679320178300703,-0.070199246098638,-0.06058799014884156,0.2645295433159671,-0.7308838054599659,0.40933410691268995,0.40077498219155216,-0.03273633126980714,0.8189285430168213,0.17061333503376092,0.3205355238623683,0.8522718083096383,0.23476357426762856,-0.13525219085981013,-0.8873544879516605,0.47803329737619066,0.8330803278122335,-0.08706419247590376,-0.2870893730004999,-0.009822635516956058,0.41457312638951227,-0.9163085060370977,0.8692264375726594,0.6770137975889363,0.07009316760131734,-0.6750000371162804,0.32828883787123164,-0.5999126132011043,0.12303213822141182,-0.7853126765374056,0.1870848836425002,-0.3405338348821789,0.6213187221124092,0.6091780294615072,0.9999988622691934,-0.3916783714375013,-0.7797467828908557,-0.045370284885003116,-0.8062239023199989,-0.6265367211798362,0.1867044929764873,0.2339153802620642,-0.8481293509451399,-0.11476630988593177,-0.05776260709387746,-0.2864187174120471,0.664175751705768,-0.7728636944922304,-0.4384831690188782,-0.5974965659690176,-0.7111098997026043,0.6381045757438298
THUMBS_DOWN,0.9112057556128195,0.8761468537454633,-0.8531685826878506,0.1543606547189015,0.2382529228736852,-0.41412993285640637,0.9197368886229231,-0.3630714724189901,-0.5672862678463756,-0.08735908696012495,-0.31388319633450973,0.9558748889303809,-0.16211700696027703,-0.2148933809520781,0.23410261363975424,-0.758199595308116,0.526397349598334,0.5077783385040696,-0.07596751596698544,0.9999988010770063,0.22076928053644995,0.47853776947737914,0.8561457211735353,0.31349392735364395,-0.10687340485932037,-0.803318596985535,0.46874536686608936,0.7887350562206694,0.026967651029277784,-0.21763661208495835,0.11111522579246702,0.35771611059080066,-0.9346218338910459,0.8042469626301266,0.7421074661431407,0.10205942500608133,-0.6908145022778394,0.2800318059982672,-0.6665370860346534,-0.0446074207552818,-0.7856863068928104,0.1362920769393482,-0.29651691077858994,0.6750263907912256,0.6093918843940767,0.9731106117765327,-0.4390440442078188,-0.7201655100085007,-0.0299470523876068,-0.8567912502330621,-0.6487455754170965,0.17414185523148526,0.1622045446164918,-0.9255982871613507,-0.07435467062446094,0.05430750317195876,-0.43195392928410237,0.611213945609842,-0.7443922879142848,-0.504526974899501,-0.6215352509007329,-0.7069138179243778,0.7873834605227101
THUMBS_DOWN,0.7494310322767139,0.7999149308138038,-0.7288379348785866,0.23503755485687858,0.18131773891862976,-0.30028708154076594,0.8861646524205653,-0.3431409746457726,-0.3621494408759269,-0.01436686280384692,-0.277035733942582,0.752786301740647,-0.11905572315871714,-0.13833039264935756,0.19782642109854162,-0.730532065080711,0.43603064696643523,0.3587086729520951,-0.07288950225030308,0.8561029678360111,0.16852230509405755,0.3313197743220343,0.7536066430939032,0.24890904212220508,-0.15864778076826547,-0.8375217825318286,0.390633294359989,0.7780990314777362,-0.056153957776946206,-0.3438144780653782,0.12069237017285644,0.4521097206639252,-0.9999988980440234,0.7289086435418866,0.6606644127703144,0.04269255777123494,-0.6243057765673102,0.2950332279240688,-0.6598553623829158,-0.05989835381398456,-0.6660367466958594,0.21414348869600866,-0.311879480092369,0.5193441527508952,0.5455159001710748,0.9141955125115269,-0.42901604250622283,-0.7240288548346135,-0.09115096396162238,-0.7177589677040481,-0.4852762958357668,0.14445365290079226,0.07604130795036453,-0.8144854928200825,-0.13172791704290218,-0.025063075464592223,-0.37473965193490255,0.6560062780943102,-0.6978697650352469,-0.34871189950451703,-0.6448691145333143,-0.7100117403438275,0.720068147173074
THUMBS_DOWN,0.8696717696483947,0.8810960632047885,-0.9999988192454798,0.18025323119246167,0.27848525002848884,-0.31032435852237467,0.8804017144662047,-0.4146001403839795,-0.5270670569312547,0.014998857330845973,-0.39960083301015226,0.848997442731968,-0.1480449703368789,-0.14758631244341985,0.22638492233914273,-0.7751284327730977,0.4975432443354982,0.5824528363036634,-0.06298227973466804,0.8430568204693164,0.2129630156407367,0.45151237353917645,0.7782806379301221,0.3551352182558024,-0.17920591311743772,-0.856587358397111,0.4856256061169536,0.8619807439387103,0.009349386564192404,-0.3182198356897529,0.03780399108497054,0.454656538539554,-0.9999804640773016,0.6512975246936041,0.7464374329725605,0.03421830238075099,-0.7854733090127052,0.36997659961792945,-0.594633920784618,0.06486911102359005,-0.8376523036479986,0.17878705206264803,-0.3619753409877281,0.5749626728833701,0.5716860534951482,0.9377335672054394,-0.47186368679061735,-0.7695127067706523,-0.030937408991246983,-0.8061223001727638,-0.6179714281024534,0.1692063295149797,0.20445460415700153,-0.8431817770236476,-0.14975703124249445,0.049487861888187115,-0.5266260607628023,0.6100918579712437,-0.7099668146447773,-0.4797737851456962,-0.6119242483861632,-0.7706184718068252,0.7085250334664299
THUMBS_DOWN,0.8789183273421312,0.930189938697006,-0.8898835271193898,0.20818873516101602,0.24076621482588406,-0.2857573405561196,0.9999987894769679,-0.47168752982595064,-0.4582061110858293,0.012677253246591082,-0.328373939210973,0.8612421016915459,-0.04731408846992227,-0.21960295502450294,0.22019166179673283,-0.8136382530999616,0.4221970394811947,0.5639913984228361,-0.0669796194889463,0.8592690338590199,0.11475073936207839,0.3760799412669263,0.8313147475307314,0.38247090147726936,-0.07005425605948642,-0.9890575262721759,0.4700538630028611,0.9748108956001192,-0.07112405972010082,-0.32062830859996333,0.013287648333032791,0.47502185107586037,-0.9496894953505457,0.8092601885164844,0.7415914767432645,0.15625022646525258,-0.6952257794821987,0.4039591076740896,-0.7374979238999549,0.10950140748071166,-0.8206938129864277,0.1417192637074157,-0.3761966437460622,0.6107945748785046,0.6955561951783117,0.9970463717965986,-0.43966308987920105,-0.9632058864626417,-0.03258763541113537,-0.8697338574215296,-0.6248939595259999,0.14583250736127684,0.1929481575654273,-0.7916493487993164,-0.1687753674238392,0.015013838843505146,-0.44085087508798404,0.8156129651396041,-0.6820968442849066,-0.5200025189544485,-0.6544252813841955,-0.7422335153770367,0.671982218293826
THUMBS_DOWN,0.8442039680101213,0.7207195208538665,-0.8983570024373615,0.12715867680464735,0.4283909863278097,-0.364663732176268,0.9726036656060891,-0.3738952130453579,-0.5807198370597753,-0.039455783010984916,-0.31307882793189706,0.7649792153680796,-0.07498766291517721,-0.046658647970472776,0.15476223791618893,-0.7818968084123462,0.44933961533920863,0.5637061688665187,-0.029903447751463457,0.9999987850778331,0.2575873328555035,0.2915492720269759,0.8712984205910322,0.3687365761097995,-0.060299661171173365,-0.895088308604652,0.4800217973363556,0.8409151851362604,-0.032226824660793255,-0.32462606781071146,0.078965896523425,0.43831202407905,-0.9434298232851133,0.7901189069957855,0.7896143703030173,0.0350952209638942,-0.5871179481465721,0.3493912546054309,-0.665606892532421,0.01825483385101923,-0.8572535311631889,0.22068839742634877,-0.33734900359865905,0.6973981711785721,0.5426683624234654,0.9487850740095719,-0.455112534151409,-0.8488727368069223,-0.12817783396947766,-0.7934806705504155,-0.5381015814946574,0.21695146839517143,0.2503470844951234,-0.8979106966753768,-0.10767353458400686,0.07351008130842833,-0.47793231453219887,0.7384884282104512,-0.5635431046509362,-0.37242151949352653,-0.5832199643833055,-0.7268162315405311,0.6930035117565342
THUMBS_DOWN,0.965385588583607,0.7676338017245532,-0.7627555266177719,0.2135547633767079,0.20462325091217004,-0.46338243521946976,0.9883294598543347,-0.41822485405290677,-0.5952918450935526,-0.04473270126789883,-0.32647408355192825,0.8034478348244323,-0.09212347717055169,-0.20793520927416903,0.23222818997652872,-0.6735867688029897,0.41284481525202693,0.5221696345404956,-0.10865255815765487,0.8167487601609105,0.21159872563455856,0.24289179291073607,0.9035740367874596,0.2322590882805609,-0.24155367766513922,-0.8753780339218467,0.3963414667523806,0.8217344352735931,-0.017923259329379607,-0.3488748403795355,0.06836281057274103,0.46900211675941694,-0.9999988472706469,0.7733218365899682,0.7571611151409682,0.16564817240081656,-0.6961619537845893,0.26875901524197565,-0.5956664065788488,0.01672270283724263,-0.6444329094364516,0.20515299550045135,-0.3370389237229155,0.5596646237657679,0.5471951218731556,0.9733912024917316,-0.534177201128741,-0.8315451345377185,-0.1981745771017977,-0.828357537631113,-0.6281964150963291,0.1638531469688738,0.19028929325892444,-0.8018244438364438,-0.02556755574853905,0.1481374977342136,-0.35953403478868234,0.6643157551821631,-0.6115827643102244,-0.48630328323004424,-0.6181818956423129,-0.7164898485095857,0.6331386544693004
THUMBS_DOWN,0.8721583590018428,0.8603085971603317,-0.8589740752305184,0.2136850499345408,0.21414838770709924,-0.36742734025954943,0.8428733124330205,-0.40462931398789637,-0.4914932067345803,-0.12858268163170525,-0.3422413348639475,0.9734645075352769,-0.19146786109693656,-0.18022215920252488,0.23891338171251586,-0.7519953723056215,0.41251240683461055,0.5290555118457012,-0.03774362073430381,0.7727524172360701,0.18800645596694734,0.31666697493127366,0.7032911107736263,0.3272197966818069,-0.19312716448115916,-0.74455173669853,0.48836018300403267,0.8537826933917982,-0.0849575048175493,-0.3429619380431833,-0.10830827156831567,0.49413389009669817,-0.9381908397330196,0.705545761975587,0.6954547214714745,-0.019429805625723044,-0.702414528770185,0.24162812457433908,-0.5976495493530549,0.05971498992040881,-0.7333926937138483,0.11112431854623006,-0.3118836577754162,0.6476397872079958,0.4493353215152392,0.9999988928165332,-0.4430776625024637,-0.7828449104861291,-0.012247649603659934,-0.7410867970250973,-0.5753550474753395,0.12179862696271099,0.13126180053376582,-0.8480838656273021,-0.1988907033478698,-0.06162902168371388,-0.4237646585945239,0.582617896389364,-0.5642309090638102,-0.4481820676394595,-0.6959681776486338,-0.5948758042537375,0.6477538387466315
THUMBS_DOWN,0.8310226403697935,0.8679740261430388,-0.8295900189832935,0.18805833289901613,0.33769490993560775,-0.38427236391169545,0.9439007167285327,-0.37890192179632626,-0.4990345098735228,-0.0196849073927978,-0.3381308104729133,0.7309965184911974,-0.144141872979326,-0.23391351444625624,0.20083357811995986,-0.7666393314263199,0.48360430649995345,0.47650919995561436,0.013808943740899195,0.8757245993159106,0.21783211128894842,0.33903544774251687,0.7328965815202034,0.22184112980970302,-0.04896861065564175,-0.9176209978164004,0.35918337001761713,0.8469373029109776,-0.07073952268951268,-0.20639158085821213,-0.00848215458590656,0.4115981328296742,-0.9999988783364923,0.7640176576947871,0.5994066172017256,0.2136347201453025,-0.6842862876697429,0.29221574196448025,-0.6517189753161873,-0.04669065242236244,-0.6924000345516287,0.1369290760251177,-0.34403802208208095,0.6660906932862645,0.44185207245355157,0.8836131760342832,-0.44133526257814454,-0.7786759009303728,-0.13348343796870163,-0.7655423495710978,-0.47327404191925626,0.20263163552720706,0.12165128108737643,-0.7829966398963549,-0.09990658057697088,0.0958427791967727,-0.4277585224731013,0.6223876197273555,-0.7017893068988382,-0.377035381600957,-0.5772115276712108,-0.6681639008039734,0.7165304539125709
THUMBS_DOWN,0.915846205341007,0.7160505558460368,-0.864905893397204,0.09008344260332607,0.24689968799621656,-0.367062858588306,0.9079461429165292,-0.2899492823809405,-0.5516253985224941,-0.07529651466088343,-0.33165868171659224,0.7386653755086028,-0.1646718968187637,-0.1142644544962701,0.29574014372927865,-0.7807597836299308,0.5201679423231015,0.6292848874168702,-0.05242758540093802,0.8083544645789232,0.18120955346542622,0.41744290748978113,0.8553443022607748,0.38116268291628674,-0.06993795498486527,-0.8656318625802657,0.4680506443848639,0.9009460395266424,-0.14980864859869752,-0.40347999341728025,-0.02575361331507133,0.47914945395193453,-0.9674924931750005,0.738308851580993,0.8208170312312771,0.14175753495768292,-0.8402624806228777,0.36706117769108104,-0.6797139519978026,-0.024418673766569303,-0.7857160985547158,0.14949693815865803,-0.420426959314319,0.6386624961880241,0.6939808411698409,0.9999988212499245,-0.576770379346183,-0.8092727370292245,-0.09033171384043244,-0.8443377182799714,-0.677715962545757,0.2364150013929126,0.1799428971397609,-0.8894144101924482,-0.07216929648525446,0.18178223197971707,-0.4223022696431645,0.7188456144130059,-0.6404388219856845,-0.48725776909379354,-0.5986318306546515,-0.7345438171168343,0.7442189204860798
THUMBS_DOWN,0.9857284813514698,0.9092545366472609,-0.9999987524950706,0.12518844681555835,0.3640518194729762,-0.41604869735788436,0.999128315178243,-0.46618358599951365,-0.5272186248953601,0.08611125188143205,-0.3435426440113233,0.8867770878447944,-0.04192137090690737,-0.07454348769820976,0.20885222727815442,-0.8102973103460925,0.5919778113797433,0.6326627543075961,-0.07827147312195036,0.8677752431478636,0.14869460388688602,0.3696862940822945,0.8296145663659719,0.3577226831611738,-0.16980974329069456,-0.8513076916454421,0.4304470414973656,0.8903780399540304,-0.1323803451749597,-0.2414016699889741,-0.04223484334703134,0.48449087950151803,-0.9533017807573088,0.5909638523797537,0.6895516815340085,0.05886276704587266,-0.6355631388564286,0.3193732231361199,-0.7542665763694699,-0.031707289324845074,-0.8588638062661877,0.13815787422256817,-0.40505874597823927,0.6160717612704186,0.5540337702580355,0.9711822255199551,-0.424718562032152,-0.944580091470847,-0.15412112309968298,-0.8639459316868108,-0.6417202427396419,0.14662999842158883,0.313347247632564,-0.8751437519116539,-0.05318353450589223,0.07519859431672003,-0.37542859175758087,0.6712970005687672,-0.7112221519956737,-0.5421478578850523,-0.6953319229362313,-0.6665916556996874,0.8936319288096671
THUMBS_DOWN,0.9442285358165551,0.8499887632027756,-0.8440355235059501,0.29844305845535574,0.35645351254982816,-0.41412223630996414,0.9685470043847048,-0.4542691681624988,-0.5763965633955577,-0.080863907392297,-0.3542244697171224,0.8383135867620874,-0.17211620315056114,-0.011747507260110326,0.2675812191980459,-0.7495722217027351,0.5827355730566972,0.6517821824709306,-0.10757191637995175,0.8687164880016789,0.04485598537926861,0.2865356905647159,0.77788020804845,0.3200333600079927,-0.1408386739836765,-0.7446465778479286,0.4832687345699417,0.9806648317087953,-0.05015384849792003,-0.39856541079933683,0.05650406959555575,0.35249782674597907,-0.9999987622531316,0.8069344988324951,0.7288084052279881,0.0937240770227991,-0.7850968109991315,0.2718285177131804,-0.6870167199411846,0.07959164308903835,-0.7402833115230105,0.1614580742323848,-0.49494924241774213,0.660959607883184,0.6725683790954029,0.9058072755832753,-0.37002333990886604,-0.9952294228238358,-0.08830634225441153,-0.7736742366002198,-0.5458335858760694,0.2210996791307485,0.16232612562636187,-0.8939895306399801,-0.15530134414564703,-0.06329126137749777,-0.4743800044740867,0.7671878044744723,-0.6076787324538727,-0.5174361486855159,-0.5878685440615343,-0.7697843942138123,0.7801456276080317
THUMBS_DOWN,0.9356149418439542,0.8633265112995381,-0.9232059464237704,0.3044218660648966,0.1793195094839043,-0.4050900274282031,0.865622744919226,-0.5271997332567104,-0.5671151829571246,-0.06423941602218664,-0.2226013127484787,0.8278720128843858,-0.048644189095304095,-0.17555098785944212,0.17570237113379614,-0.9429796473707692,0.42599279539080637,0.5543795523118225,0.04762147284918587,0.8498252844333849,0.2099405030716593,0.3771334289402889,0.7780480442819907,0.35299881164355773,-0.03669045029359772,-0.9501808755423172,0.5057872418949811,0.9440614295032496,-0.03992196067146111,-0.36871900194040086,0.0688330630273172,0.3636037993184029,-0.9709326836308769,0.8557097485147602,0.8808426791276124,0.017362776218451073,-0.7238302691513484,0.297965392897088,-0.7117857618323831,0.13452242079959337,-0.7539186424811595,0.13663425040384225,-0.4060288151096463,0.6595769290442981,0.6020404933166068,0.9999987565345857,-0.5750470385346613,-0.7475255341507069,0.017034886362827076,-0.7990360721892864,-0.6937387135793099,0.15460196033028917,0.12473579854351594,-0.9727430398881874,-0.1530149045773643,0.08637815548790455,-0.4535392160308462,0.8349619916887303,-0.7689633591641396,-0.5443887493152363,-0.8067786735535725,-0.7539019231277091,0.8535131082858098
THUMBS_DOWN,0.7721547216879101,0.8485155090004839,-0.7852416913804423,0.23482650590393514,0.288597899407619,-0.2654609972936003,0.8685670518077814,-0.33472001221202763,-0.40326655006110784,-0.08545792501054648,-0.32797762875856823,0.7896625701404837,-0.15500180086678128,-0.21081499102986953,0.3382014663024535,-0.793718986345757,0.43822171151471423,0.4915770574166496,-0.022470263527316327,0.783709826969286,0.13013987379930594,0.29287694817571874,0.7272189406151872,0.33601443309679313,-0.0711913555484568,-0.7921993718890877,0.4076090810771362,0.8195474279862169,-0.12619149277214092,-0.30613962897749314,0.04409202190749429,0.46887665558891123,-0.9999988833735862,0.6729872481854646,0.563772871264302,-0.01575431323418165,-0.6011032199441889,0.234271013707533,-0.6409918646703856,0.07077661255932674,-0.7521536927129308,0.09078074448623459,-0.31838522070007097,0.6784375549096949,0.5913113880301412,0.8767074436920201,-0.46434382585870676,-0.7183236236177147,-0.18342440593132986,-0.6919799457559398,-0.6040124779511451,0.09080644990111901,0.06597480847298669,-0.7246019176215085,-0.11323607436698155,0.004062451372856979,-0.4168884552063035,0.6327426993961854,-0.6355382872927356,-0.4673863806730956,-0.6123510760732238,-0.642790973338546,0.5917232855400244
THUMBS_DOWN,0.9114879520322832,0.7504445975774603,-0.8444695338998781,0.19105942538154375,0.2198961555247291,-0.31576211961093403,0.8713086634901012,-0.30648006770978686,-0.4891620071432029,-0.07318812499229184,-0.3993307297509234,0.8521571775617529,-0.17810674754303166,-0.17517813055822998,0.2751050784580239,-0.753550437395161,0.4665806737050325,0.4576421336759556,-0.0063515766496816325,0.7396112845665621,0.1629531108041319,0.28829403705488915,0.7396360096477799,0.3314133761702566,-0.17068608239232258,-0.8181438174271375,0.46654590353683595,0.8256077947433937,-0.06858073500947447,-0.36283728753012084,0.06342960246647251,0.5169798976847756,-0.9999988353844655,0.7324956482806511,0.7387773188054517,0.004163272600941248,-0.7623737240118594,0.21483974462710548,-0.6421741242840814,-0.006881565611596747,-0.7994776150573598,0.2861698903254974,-0.4439397208802373,0.6915923204239356,0.4334821288825768,0.8985251648846143,-0.5507724156674517,-0.8642835483839895,-0.13770337085753656,-0.817608740047607,-0.5845171074507775,0.2324175877427366,0.1650864214501053,-0.8321255136326546,-0.01549299369819296,0.015664542584182716,-0.3796268796411142,0.8403265999943597,-0.5258648788313834,-0.3636988125879314,-0.596752770295828,-0.6474882512615068,0.6780093907052127
THUMBS_DOWN,0.8405209328276061,0.8058625221466958,-0.9114704061140214,0.20602234159381103,0.2398723796724987,-0.38391611624962935,0.8496955139656038,-0.42645651287232156,-0.45821578043111716,-0.01846295008888328,-0.25559694288633344,0.7661777261870754,-0.12800855780138276,-0.15723162026899934,0.2265370922818248,-0.8746467176449887,0.5190636002756289,0.44937273120198934,-0.04974110763046526,0.7359457668199699,0.11172062033990098,0.36179050401907065,0.8357417067361611,0.24159191804806454,-0.18160992222527092,-0.7945276700870902,0.5479350670979682,0.9096247523773303,0.01933671953571841,-0.3263867489819919,0.07503858607150514,0.467687927634802,-0.9999988179336775,0.7439500877223109,0.7132747681808124,0.09984740241089976,-0.7458227040988283,0.23894996170467292,-0.6839248362221392,0.06336594459030226,-0.7194694444477462,0.06347035629070565,-0.3333040737552963,0.6667028053664262,0.5753890225612643,0.9938707534361744,-0.542004284588222,-0.896441744395091,-0.07296560145920303,-0.8084960537147212,-0.5387285258981694,0.20215729523264667,0.12132670233238678,-0.9196062600493582,-0.2189073950771575,0.09778500035881714,-0.44563645366847515,0.7578057849395069,-0.625732655073478,-0.45867912197424626,-0.6005354655354685,-0.7310147949429736,0.6971218302156699
THUMBS_DOWN,0.861000049821625,0.8833757141498227,-0.9451385853270401,0.25668661460689857,0.27972039015881056,-0.41790360542193866,0.9596047235714786,-0.3314341891521086,-0.4755426447069059,-0.006938374322818664,-0.3030016681618735,0.8194448083570672,-0.15063875344796515,-0.1463030181732855,0.21544033160231593,-0.8687281320063925,0.46914102668606034,0.4181860661384597,-0.12459430815482059,0.999998796012081,0.22061961859186957,0.3616430112895114,0.8488824314232477,0.26322355307642026,-0.09150169664768841,-0.8997463196884208,0.3973538619633152,0.8760478886908136,-0.08097790869497189,-0.2574969027520694,0.03220233197319246,0.3450539158470441,-0.9888836066832889,0.6988192143919615,0.6553094626022613,0.033732379235848785,-0.857382804674052,0.2749308871345006,-0.6858417822675428,0.0418529605471803,-0.7525159378034069,0.22920587516461444,-0.2789742529349433,0.5759391501556749,0.49493620307177694,0.962814217947981,-0.43423582728475313,-0.8944245380954424,-0.09386596845164288,-0.6928083005605538,-0.6997731709700822,0.1877930231381713,0.24001128150659026,-0.891631213113319,-0.08513295627260734,0.11300100525862644,-0.46503564947412435,0.6528151342450759,-0.6589244869678123,-0.5399784286133404,-0.6938936062510886,-0.7120721413304004,0.7409623317465397
THUMBS_DOWN,0.9251783045280116,0.8504414047876375,-0.9395442280027612,0.1416457723881049,0.315096511740868,-0.3820157275971286,0.9411827778165746,-0.3835569275189071,-0.590930480579787,-0.17855109024999152,-0.2791491201369471,0.8597198771565853,-0.12120794560854377,-0.2281964717077004,0.23062735601622758,-0.9151160496915159,0.5036923128841025,0.4022834150604373,-0.04381231230905507,0.8391053107590024,0.14459325734912667,0.30889113382421574,0.9122871973978611,0.3436703855851697,-0.17354648996438082,-0.930402194411696,0.5388664060577409,0.842067623669498,-0.12485184107566427,-0.3798883173477909,-0.0039289278201568,0.5324198932035836,-0.9999987906488025,0.7240232340090852,0.7597908489137729,0.07802584522493526,-0.6720607186342767,0.382099051434183,-0.680964914758598,0.0007083263899404741,-0.7282726455902663,0.12473729666613,-0.40350165530766147,0.6157884190524716,0.6506324727009294,0.9139214911358244,-0.5055256071374015,-0.8373784777401337,-0.11371194120514783,-0.8290425822815429,-0.5938501890825655,0.15966415881271068,0.24212524789607692,-0.8692879480153863,-0.049012492612107564,0.010664427896027182,-0.4578272663019721,0.6051590905520957,-0.574909742893493,-0.3374847207696027,-0.6811251313585314,-0.7194296652224914,0.7401575048554354
THUMBS_DOWN,0.7666349330599492,0.8885700420104921,-0.8858015102301634,0.07606573111651434,0.22787916910584488,-0.4685830413424976,0.9356815861198436,-0.3868833531502136,-0.4644561298554038,0.07792530317105338,-0.2208383457445287,0.7391209490523213,-0.07650012945411815,-0.12246608560999254,0.20647643739761434,-0.7729210300504061,0.5076187729517663,0.47750217088936353,0.02656142470142076,0.8731068103388879,0.13948447641692802,0.2960355148204166,0.8679752767734612,0.31807425717681964,-0.12393403330337875,-0.9459369372811464,0.48314164005636134,0.8096749346563913,-0.18623271185344298,-0.3438909428102474,0.05676301456030219,0.4506751703229047,-0.9332070985735126,0.7199763195917479,0.7378625023555601,0.24641111067062513,-0.6973148413804354,0.2990628543198746,-0.6890383807751351,0.0020100694959335284,-0.7621565047708218,0.11423067708318693,-0.2959671631789538,0.6416013629316308,0.5190730349028019,0.9999988215157668,-0.5693589867211728,-0.6994181360078588,0.003612433867149183,-0.6838715135541396,-0.6354704143020724,0.19764801460623202,0.13707916524328617,-0.8357128150142528,-0.10657519884704027,0.029859502582645175,-0.46515564411192195,0.7063756656785583,-0.4660108949731057,-0.38710898624835893,-0.6417148125957179,-0.7337062822219212,0.7513031323638866
THUMBS_DOWN,0.7991162295987507,0.7941381521969776,-0.9754178996500528,0.20022652186825182,0.2743265165170546,-0.4145540500450517,0.9461567242056339,-0.3827882523823478,-0.5604015824188833,0.018429098308690987,-0.340842916289185,0.7309248955934146,-0.2147473844036545,-0.08404695113840681,0.24245587212018585,-0.7775868369911846,0.47701081545662266,0.5724601097801841,-0.04019433288336184,0.9415910489353942,0.15671371190407213,0.20856148322854248,0.8666130669467736,0.32913042234276135,-0.156936213110985,-0.9026951899719499,0.4084903110779479,0.795879407711472,-0.004392886118830928,-0.32533285094938064,-0.014700435703142055,0.6776528216756348,-0.9999988325235842,0.7181724826481957,0.5874220341827466,0.15036125641195366,-0.7218696838379388,0.3686134776452575,-0.7315529665483993,-0.08021528809288889,-0.8026300226199383,0.24491142362336474,-0.3061468421472962,0.5239211352690457,0.4190487075529277,0.9123796094174647,-0.38920899974966033,-0.8628165615629619,-0.043639402029133106,-0.7707751110095576,-0.49823460842049333,0.14213392367405342,0.16859195593810222,-0.8912931886584622,-0.04913308412423398,0.09093565032956663,-0.5324661704184775,0.735367496550514,-0.7199739941595068,-0.5128941078976332,-0.597192658165631,-0.7895041874182728,0.686237829376875
THUMBS_DOWN,0.9111699333880123,0.8619061353227654,-0.871219840279334,0.2499048010943515,0.35632770228934685,-0.47176488246502707,0.9733868014816223,-0.34587766384843416,-0.502141081449083,-0.040329846274416624,-0.3554904735899508,0.8707174498515887,-0.10305398320390133,-0.10774618531538502,0.25029447148052725,-0.8334897087205148,0.3903112939492022,0.5056347926195502,-0.1247478785129821,0.7714767718228541,0.10122625001976819,0.4204795494841043,0.8068297869924934,0.33279537460374736,-0.09122417749383256,-0.9221292720442353,0.40032794899354357,0.8729152079438416,-0.01089185284979648,-0.311766705207224,-0.11662915002702313,0.4208524034613979,-0.9344157661973356,0.7606398881905421,0.6861959400765767,0.034811381951555705,-0.8488936796404355,0.3658210330471737,-0.6634542863291087,0.006540430823033148,-0.8078564591332354,0.10699224044352024,-0.33208034674249876,0.5414002618294199,0.627639168789958,0.9999987901050872,-0.39876406828149724,-0.8452336133104015,-0.14179289075536686,-0.7803162920633503,-0.5751291040842622,0.11832257415930436,0.17416169743731755,-0.8679881063963921,-0.08141067441807678,0.03718613861121711,-0.4108928591774763,0.6621264402260971,-0.5339750576252663,-0.514176402289976,-0.639333107389667,-0.7757268776964804,0.7395676596977335
THUMBS_DOWN,0.8054992676659012,0.9081194883482763,-0.9487925171416117,0.2083787597161042,0.27529450544154405,-0.4422169421769731,0.8048091470243546,-0.3425004947666976,-0.5436079202289049,-0.13691503147153614,-0.4612829730219314,0.8069337688825212,-0.12183070215957739,-0.18823787595890187,0.3332977367806854,-0.918225925015163,0.5133758711712934,0.5625127272638683,-0.012591619602619333,0.942731303301746,0.16177536410243987,0.39556318609941066,0.8070742521419751,0.23229424095013254,-0.11286180879743564,-0.95088041960268,0.3996984962691212,0.9288439481021445,-0.02991004027584096,-0.3553240780774815,0.05277126593597579,0.44033981311520776,-0.9617263541037169,0.8311446340178926,0.780085642635782,0.10285435994086341,-0.7900116223011873,0.2895554059484167,-0.6766059012521175,-0.08200069335078154,-0.8138380399935163,0.1271196490269369,-0.36329608107531985,0.6320584588134791,0.5926328411290942,0.9999987817007462,-0.4138130974480139,-0.790710690522625,-0.12554664687503977,-0.8480583197542005,-0.6746804066935056,0.1700263125956378,0.1194149942263008,-0.8615732300647494,-0.048950282981919925,-0.0339675887686585,-0.45160764137188497,0.8199967432499362,-0.7508653221758347,-0.3897283835730255,-0.7209884797191463,-0.7844440747465145,0.7763549974512248
THUMBS_DOWN,0.9224162387451853,0.8549545621075173,-0.9667352412400231,0.13050113185513285,0.2806805723784812,-0.4216669276694461,0.9320549930340598,-0.4320884442507108,-0.5491795435859758,0.03503581825775104,-0.3403262401486188,0.8341721160092012,-0.17071594438348964,-0.22544338845752418,0.26432971072615635,-0.8179944391406585,0.49783809105541404,0.5913015810786918,-0.04810316374608535,0.8779330305065152,0.11732868057326566,0.3441379900482156,0.8756360496142851,0.2928349146912468,-0.1291742468208214,-0.999998754346731,0.4446080135021273,0.9231021384772126,0.08792228234162079,-0.40075814000373516,0.08875069309228831,0.40741738441809155,-0.9110810217668174,0.7282554635543811,0.8345782517204775,0.09611934950998641,-0.835537582143197,0.35479396234629573,-0.689677718300081,0.051641958248557995,-0.8246708160386091,0.3391116470183533,-0.241388620058869,0.6807406467776725,0.5158340149050165,0.9311804393718874,-0.5000590923444153,-0.8793301966991085,-0.1650500036938934,-0.8641611637862018,-0.7646355842700873,0.05931207385684625,0.1844778776612303,-0.8109906837024314,-0.21039960290471146,0.04693774044967399,-0.46348984568404455,0.764714795066058,-0.7072332584769154,-0.5590066014234594,-0.6434049175534127,-0.8859474892141518,0.7791015150994796
THUMBS_DOWN,0.7484419756362575,0.7804672670558329,-0.7539383192131136,0.14709063219085158,0.23370481541001148,-0.3869278709323111,0.9999988910872528,-0.37758362777322607,-0.5124443190632941,-0.03292515636504746,-0.23877063367115547,0.7169663333333612,-0.06233273752048972,-0.20150141852544912,0.17738218210270043,-0.7226511921372246,0.5228347303635084,0.45495549833224835,-0.06772935560880954,0.8437476398449617,0.14017775979990005,0.38410339822522344,0.6627790593802293,0.2375130588868974,-0.12437534458897559,-0.8181281143330542,0.39786217808488067,0.8292203668637189,-0.01917982771991885,-0.35341543826582833,0.06779193496623408,0.46355916555539595,-0.9049141850986376,0.639268287319187,0.7347872138156226,0.168613398471722,-0.6618043914378745,0.25587485427731926,-0.6428802102688294,-0.03283705337445478,-0.6813016264527313,0.15521887694203068,-0.37424387152520766,0.5983222846658359,0.49584482410696595,0.8115081430691757,-0.38815389614454887,-0.7609211701235712,-0.12713937990115348,-0.6686200574577911,-0.611828541343474,0.1485345564689386,0.18425892394488202,-0.7616708955140089,-0.07962426620697245,0.022346875367660838,-0.4247455090654497,0.6243221691485881,-0.6197253337293147,-0.45087059245751376,-0.5855000197115664,-0.7186043999098407,0.7253481062809164
THUMBS_DOWN,0.8405691781732381,0.7640869664934399,-0.84599099320022,0.18951819791973748,0.24274166780508677,-0.30269096144651075,0.9092703445382954,-0.4201243334594439,-0.477328259649759,-0.00020431219891405244,-0.2887650562865275,0.7656974822840997,-0.09994477424836139,-0.2508941858116984,0.124054267249456,-0.823945794362714,0.4864476001971557,0.6469561546789638,0.024644289551733294,0.7941316294141237,0.20101978575261015,0.28859804841534925,0.889697079773752,0.2836355843117983,-0.16226257256416848,-0.8352413610501824,0.39718612116830526,0.9787078765430165,-0.08964060963258279,-0.24961811536674391,0.04311098210823173,0.4703260258702972,-0.999998822534826,0.6215442899328295,0.6726195688782304,0.05402475732210198,-0.7231876645044709,0.2951744096114643,-0.8080656448520553,-0.023385383866511403,-0.7632498319230039,0.1534672307693669,-0.36478652338820594,0.5964824329856181,0.5684034245717394,0.8774441855188079,-0.4712909146570876,-0.8495367380842315,-0.18090299970353282,-0.7955300644343933,-0.7226188769412396,0.14333719100779757,0.19340167474306352,-0.8360953721221872,-0.10678792438685517,0.07016454402277468,-0.40053631503662346,0.707068925744214,-0.5692048735984362,-0.5885373971120177,-0.5976449329816401,-0.8504321129483591,0.6770816453089556
THUMBS_DOWN,0.926135580982686,0.8903722932057446,-0.9689642114173441,0.20276097144380717,0.2456828918212871,-0.351805336386058,0.9659834734229563,-0.4515881775450276,-0.5351565346714293,0.004420031569014108,-0.36067372646734036,0.8761877827024125,-0.02192789648282704,-0.3053043714455735,0.32242667998484703,-0.7375715963950978,0.5337964174263982,0.5098721173513242,-0.1472303477400671,0.9009850118070917,0.13161027140480763,0.29919251456226914,0.7961031391694944,0.3254788495448034,-0.11780086575002864,-0.999998767866642,0.30344270723016337,0.9006924421545822,-0.11523266093137341,-0.3427641815261959,-0.088130669019113,0.4305827158655377,-0.9614059738556809,0.7360377543647201,0.7680461973359554,0.06329204085905721,-0.8658823554701449,0.34369203881454957,-0.7622891353354763,-0.06673474649298135,-0.7593413796661744,0.1921805568427753,-0.3963787010262296,0.6429639740548354,0.6012011792879823,0.8780473943296145,-0.5483233378610182,-0.9311922719528077,-0.08170406620576127,-0.7248406676320429,-0.5973881920251044,0.19906957140090709,0.11834373881480607,-0.8546630588720833,-0.13488985988512914,-0.002738029625887761,-0.412804673020767,0.8153785349894814,-0.6226061033267243,-0.33863101416040586,-0.7229361930972323,-0.7848305517934645,0.6928688655097743
FIST,0.5928379766003133,-0.23077836615937364,-0.25363915087464584,-0.5631079187429345,0.14623971417290058,0.6105719462988283,-0.054189667048771956,-0.6471599157714704,0.6041659246617496,-0.9023678417475858,-0.07919558512293633,-0.5197325781838659,0.781129275637947,0.3059154221987874,0.01863245519864437,0.4040325967690511,0.06491390795510114,-0.652306249475129,0.38163190013663256,-0.02078944753944369,0.36928764865362307,-0.8122144766335847,-0.6567846204433276,0.19131267739399752,-0.04874887601641627,-0.5228708005098662,-0.5286917002066328,0.23794477561815816,-0.8115811797920138,-0.21237190854736807,0.1391091777152698,-0.40076367099856214,0.558739461139085,-0.9201730579436472,0.6766343046793788,0.41037605112416276,-0.14455335389676638,0.8089931613570549,0.38506948967313265,0.8576864646715814,-0.007076277632399846,-0.10931797545443935,0.08182760852119994,-0.8683155730297027,0.8504219138989545,0.33821096963758995,0.19466421794686878,0.7952096183458711,0.9999987505184788,-0.5933808366460297,0.48347306099830634,0.11603821995864065,-0.09397729366443515,0.9197563887372033,0.65856646433733,0.30314951339946555,-0.24981951962152493,0.34667382634422933,-0.004229007857594181,-0.5559286494650658,-0.15842548889588848,-0.6619687494129382,-0.05885949601765843
FIST,0.41043427588982284,-0.3515546814326319,-0.30874178996948465,-0.6512727744052733,0.13064383379883535,0.6380398097785629,-0.10039197089993349,-0.7925671855304862,0.7524203780153724,-0.9081434965234274,0.04102529751880693,-0.49599627810732555,0.7958738233241707,0.43730297515996036,0.13613217785800982,0.4109462790317946,0.11455287227672138,-0.6957735698231488,0.4933775468134846,-0.13126785966326077,0.28216859231722646,-0.8838354123576109,-0.6908020922287028,0.0775458565067465,-0.14366056980304875,-0.552661634427538,-0.4455821827484421,0.3802713387418509,-0.9169636095963644,-0.21181732156255298,0.09649445558922837,-0.21873523858864719,0.7051850411048628,-0.926551520864168,0.903852031726711,0.4859376893325824,-0.15580312955869965,0.9628672481081066,0.34758907636337877,0.8173632262675202,-0.009339119033018525,-0.09492409029436331,0.06334026592003271,-0.8605070080397549,0.8802791823935774,0.18879472450028462,0.2511377768998279,0.8287972545507372,0.9334942984649024,-0.7152381564929849,0.33078309237105696,0.10919971631046521,0.002629288043887564,0.9999987589724839,0.6836221538550824,0.30310507131772874,-0.18196521758916784,0.4109758268240963,0.12710644926519163,-0.557775793875909,-0.15219194130734798,-0.4686930143817621,-0.07420237915091857
FIST,0.4457844084571903,-0.37306498252333864,-0.31418972513679955,-0.5629760672800265,0.18370876230029312,0.6377003135255838,-0.1347635051136397,-0.8024028915088119,0.6915348976541394,-0.7960228457759121,-0.04187955334010606,-0.4095842281093764,0.7523993948175514,0.4362877012943467,0.24139026291287935,0.4067210947939742,0.10278089133829577,-0.6990289787598332,0.4724120623107848,0.011905607172285355,0.17001367170365583,-0.8290037413223155,-0.7533751002111119,0.2213204620324681,-0.17819448588030898,-0.4366447250587814,-0.524054322085596,0.18978053125166428,-0.9050556232935892,-0.14923173517873342,0.04485315662040707,-0.29480247286850386,0.6314994047453959,-0.9999987770807933,0.6405229273579679,0.6054642764300814,-0.09688400570904061,0.8886798931048544,0.37685963453842236,0.7819858956610495,-0.08306124001355247,-0.08416953518670223,0.03201161431281547,-0.7330102946518154,0.7616073762880189,0.26366810958600045,0.2795314757595709,0.8914369075960484,0.9677183968328683,-0.6954469502726731,0.3709875039113197,0.2310685727576883,-0.023206668552831114,0.9076332044460984,0.6889919983320381,0.3711145411059128,-0.12997383493499418,0.2614226701914871,0.02410070838408123,-0.5342283327278666,-0.07812230297374882,-0.5596743292751355,0.013055735399310686
FIST,0.38707364588299104,-0.18523304335177493,-0.34533696855590673,-0.5614992417801562,0.40285461323824473,0.5893798335874927,-0.04146157050976777,-0.811407805252653,0.8390951284240367,-0.9133105183006789,-0.0428096415106174,-0.48410712065914274,0.904555575614012,0.5453296448602283,0.14476796036820225,0.38174553621424867,0.08227885824373753,-0.7753189846248084,0.41908268582761854,0.020946273654231757,0.31644000527232385,-0.8684534053131805,-0.6261670952982057,0.1526183430056948,-0.0759181461726593,-0.58295538243263,-0.6135934114923951,0.31176538258029945,-0.8701944359323204,-0.20755930019420807,0.023805991011035064,-0.4314375178222073,0.5709302165966151,-0.9279149356906243,0.6890840259615496,0.47658660629930427,-0.09466845175569427,0.9120075443102937,0.45110688149771033,0.9999986948928204,-0.11000573528644698,-0.1476952328150973,0.10694884172655593,-0.9160760676604079,0.9264396400466127,0.3868751689391183,0.37070610320024566,0.8845693264258221,0.9340880550313118,-0.6806623407896459,0.5152712813805507,0.20181740670878232,-0.038205888881032594,0.9624548614579667,0.6655662064691326,0.40132412120143557,-0.4003777909032233,0.35198564388199427,0.0395952472759868,-0.46713274269823063,-0.23319956516930687,-0.6005366971067484,0.10373472581307429
FIST,0.4327941435740088,-0.1932172213495749,-0.26000575753192495,-0.6620370397162543,0.18501603461471244,0.5961415316927046,-0.11883749654031536,-0.7184233347738855,0.45816885337138236,-0.8120660158000955,-0.07751665160258832,-0.36086691286933875,0.7721584408218912,0.42397032185287015,0.1182522662757862,0.2761637833703488,0.1021377014190205,-0.7669681525973964,0.45244930662521343,-0.014237009931696467,0.323658106839937,-0.9999988439840194,-0.8029176018414242,0.1484253233533524,-0.04579902455147942,-0.5372569998636083,-0.4457484743749646,0.3002390693519863,-0.7772505577911555,-0.11562844540445061,0.048258754175478785,-0.3903999948029868,0.5896964787327162,-0.879011676713149,0.6312032020554464,0.4426836019831977,-0.1261641742058427,0.7424740713251612,0.40003103573901655,0.8192310038495225,-0.06314313291487422,-0.09559074172941079,0.08090447757155085,-0.7477913843578522,0.7671843238339436,0.24131323458172182,0.20469079039998625,0.7652642753515928,0.8521805071955255,-0.5938152796163508,0.49377812829806245,0.1898440658895585,-0.12941615776255963,0.8925052700538414,0.6474927078344053,0.3816819456991523,-0.20950686615391242,0.3063881512208118,0.0509507219744164,-0.39959825209397665,-0.14158951166053288,-0.5423095169499765,0.063281473649075
FIST,0.362928580471817,-0.3074327281632456,-0.2481984274575456,-0.6783047987112886,0.22345945566372621,0.5694153095603286,-0.03433560649455995,-0.8178421929005798,0.7264848814545133,-0.9030556947721105,-0.010871945545645615,-0.5334556444852058,0.9537313651901934,0.4553822619054651,0.2464957121352413,0.2751214178792731,0.036564938047019886,-0.6087517305758993,0.3184023916641971,-0.0564661979004967,0.28985805229723344,-0.9417478249789288,-0.6611853152493743,0.18325715488975425,-0.17005295167800813,-0.47003391314796095,-0.578032061930501,0.30143189623527195,-0.8457276343356102,-0.1547419926908857,-0.02213958170113123,-0.35137409993807917,0.5675689193716869,-0.7846979576862899,0.7831304180869746,0.5313669438852087,-0.08702230030634983,0.796988246248297,0.3734208602639852,0.8117876803319206,-0.03804658166535119,-0.06460340838570146,0.1339736071839521,-0.8397793818854106,0.7056663919182623,0.2999308661389016,0.3216458098609371,0.7311669430594842,0.9999987904854488,-0.6750291404047079,0.4284366153393335,0.17863662895955063,0.018920621209678943,0.9448756356597914,0.661959581814357,0.3023756291936741,-0.2330257876966853,0.24076330032992832,0.0425923130301662,-0.4888414683697724,-0.23877868273497924,-0.4729743041419686,-0.07408712598419395
FIST,0.3905339963299515,-0.22334971620100239,-0.20801673646009158,-0.623809466930766,0.03095421607406972,0.6473553166622623,-0.1312671106548511,-0.7038993195995321,0.6629999834153695,-0.9999988212649984,-0.1484947268948329,-0.47776112539451926,0.6705854709606475,0.3691403772354534,0.13248781121890946,0.311167796546294,0.07956030083248905,-0.6381405360803395,0.2952335237711376,-0.08954153120388865,0.2981765114635252,-0.7678996772817308,-0.7321296773706661,0.18380962723679212,-0.028949272405707716,-0.5011089499750637,-0.5035801603651381,0.21054658940426552,-0.7147722885792274,-0.11831693692575722,0.06649563477818454,-0.34272407559310375,0.5566679835416747,-0.8329267049212545,0.6708656183577424,0.40102145327084926,-0.08268240989401862,0.7465702907262076,0.3104102599282294,0.8425701667073344,-0.08302641888389044,-0.10902570827600047,-0.05569713521665045,-0.7628338383887407,0.8012941677158087,0.35804160765229104,0.24459148006823447,0.7149544196312283,0.9444843256809049,-0.6707323365072763,0.41285466966246864,0.1802458988377212,0.024188759180746304,0.9887784773361115,0.6972548390851657,0.3692841990210741,-0.23397329710498316,0.25984047025812546,0.043877159218346645,-0.4191396397173777,0.013870261559039487,-0.5908820767115207,-0.1167869482520926
FIST,0.40454995777038116,-0.2202325562821149,-0.17812715401714818,-0.5462900642147815,0.278206184846682,0.583224701094733,-0.11587295449852447,-0.8776090702350756,0.6544947309909509,-0.8244524035173824,0.046355863498049564,-0.4701521365296089,0.8827940447998779,0.42086025177956626,0.1296183743834987,0.3588158821793403,-0.026779299499329466,-0.6669259739588874,0.40363764766123106,0.04038037704991717,0.27609987168622185,-0.9181694133352761,-0.7829528912260025,0.1619923482476815,-0.04226424654012828,-0.5713656602672275,-0.6054409444609399,0.27852555371615806,-0.8841027459255005,-0.04706954914077752,0.12184432847849219,-0.39956912908563635,0.6253827661557034,-0.9281742847855804,0.7201251626836088,0.4927303004734323,-0.04367867989295497,0.9546519418408185,0.3902528348790892,0.8553812907113322,-0.08356600429946762,-0.22135110146849984,-0.014107649908285228,-0.8978542530612785,0.8663083224642736,0.37728822193505723,0.19206964316565617,0.8472855521634358,0.9999987119133613,-0.7182717204724886,0.5574788245829975,0.08051001813129631,-0.15440201603409323,0.9651097311940208,0.633919773308767,0.28309112239766204,-0.33798361703001867,0.32656803517229194,0.10592855931978497,-0.4745854152975496,7.585104308469091e-06,-0.5865657958786051,0.01607853469810052
FIST,0.4097454990137734,-0.28257554553455194,-0.17218724678496705,-0.5951402995688452,0.21122525255777688,0.5470112732735234,-0.035426408776689504,-0.727116037262398,0.7454529089684014,-0.8170841802040943,-0.0644079565142279,-0.4879915375964347,0.8673443421662644,0.4813488657695931,0.2118539067269744,0.40218595613217334,0.11240947286395389,-0.5774485756574956,0.2519538677072212,-0.04336641068550653,0.26767115007358094,-0.9507484148973393,-0.7733381974285228,0.07135373620462276,-0.10050904179676,-0.48993146401944004,-0.4696810032592719,0.21611243176895792,-0.8675135471657052,-0.04659105176419176,-0.048752948088243965,-0.39328522171509916,0.6584083115249802,-0.8850319004122756,0.7840188295126354,0.3525919577145763,-0.17020048817392275,0.8907541968950518,0.2978173840838432,0.9119987470837687,-0.026682597697891528,-0.047640590709602,0.03212551261622336,-0.8365227256569212,0.7430463751030337,0.30924696940715457,0.23722730693489844,0.7960330055236653,0.9999987511330776,-0.7440511044714594,0.5143180126797479,0.2685123758926184,-0.15640532111432304,0.9529505987491579,0.5988601196967513,0.3411308393438827,-0.1906029113248306,0.30489069810238034,0.10968936133788906,-0.4785861767920644,-0.10317613556204318,-0.6393342928924061,0.043644002540798726
FIST,0.42516337441875895,-0.3495936283046596,-0.3466686651826687,-0.7504604802472206,0.09969898782457497,0.5730562565767577,-0.1214963257509291,-0.7847025218561877,0.7299720728826865,-0.7579413181021646,-0.09555412775853765,-0.40936530814359656,0.9067382609328432,0.4910917397563708,0.14482040522152415,0.38633455893881796,0.10854236760256045,-0.7461947282872188,0.3884691128943388,-0.04698883025643315,0.3256270428475785,-0.9041641865990651,-0.7292995720861081,0.23219737572139376,-0.06205038680063291,-0.3959989351671998,-0.5471293180314533,0.2207081679511247,-0.7761398298966418,-0.20210407524524773,0.12301321361334257,-0.43893289333657265,0.6492871775695254,-0.9574830737145765,0.7020029674192525,0.3450148815832232,0.012332084273294353,0.747476951976802,0.3371216921408021,0.8560647717229579,-0.08830672618916315,-0.04808840721949842,0.01630259229571597,-0.8778963899634766,0.7793164157891791,0.24793860204108237,0.24848184919978852,0.8677300636248585,0.976778119373063,-0.6050952733894026,0.3610360189696894,0.12525919031708505,-0.08813170267648042,0.9999988051195317,0.6349062470833792,0.23863346158881465,-0.28428190781153306,0.27793591907128906,-0.06824381638480177,-0.42128540456698954,-0.18863444674074747,-0.5235485555232753,-0.06446065533440841
FIST,0.5088999069232624,-0.2813655585699584,-0.3252568112126672,-0.5666892145994624,0.12399994818717357,0.641122422021866,-0.08927500254940933,-0.788946624344405,0.6569906847984659,-0.9056379489899429,-0.0670201734143493,-0.4469195376270133,0.7128553497875969,0.531742617144955,0.17990862850325465,0.21493108060585345,-0.05891768444112402,-0.6383135158140348,0.4560729861895572,0.023771218863383292,0.1756209707515512,-0.7783981878001726,-0.7468939578545154,0.18958996732115466,-0.06401546274651013,-0.4371976686162129,-0.4997985906537181,0.2831560024940417,-0.8680309673079942,-0.20188542341232218,-0.09661070264513534,-0.37356400471216666,0.5410737733461126,-0.8461937599820286,0.7251115956551153,0.44464453471936816,-0.16961466548237733,0.8942929763432428,0.4249196920288573,0.7714764709688483,0.07288067078437484,-0.10494856534191756,-0.021441883364101355,-0.8970577263621454,0.7073184703444104,0.4114605502310123,0.29626393864863365,0.8800285881778253,0.9999987765752018,-0.5825379591805852,0.47260345160654255,0.18234582173051683,-0.1260116222752737,0.9255303230762196,0.7131645047445143,0.19665676847296854,-0.2675674949071771,0.3351139676257785,0.05729884888698666,-0.5182798102675438,-0.061088396957722585,-0.6066308671481947,-0.07392287897753004
FIST,0.5235090179436945,-0.21479946650242704,-0.35597804481971573,-0.6456045649022087,0.25405257804118375,0.6513882390242381,-0.02930162486160431,-0.7743366312761841,0.6880073178293469,-0.8641753358523369,-0.12240893797498818,-0.4747463586701926,0.9092661480945576,0.4740530852056795,0.057506521450223155,0.3600793696745062,0.07108854424409704,-0.793272745680315,0.3335277905749939,-0.12301395147682946,0.26475301891101866,-0.9327679814693809,-0.6288430078553215,0.18428113607708418,-0.1914149021614981,-0.5857661094331513,-0.46119614308699575,0.23113019142426483,-0.8507592173184372,-0.12622855228831603,0.09075543255138285,-0.28025372836148205,0.5512871275093201,-0.8699040791991718,0.7601406292163567,0.4056079980284827,-0.11918952316746018,0.9999986905808016,0.511103727663624,0.7720817936542629,-0.10782849504169822,-0.03679248833057233,0.06298438127449568,-0.9116411377078765,0.7531445056843445,0.30257199924478095,0.15742727655004563,0.7852269849677226,0.9518594827399334,-0.7659781016027762,0.47183546238481533,0.11235575279005312,-0.0149034093993978,0.9412405740965468,0.8271994588886137,0.38051876504464294,-0.21704696872687082,0.3787134164810349,0.007618759567020744,-0.5465712260388268,-0.13688285270505088,-0.5785522274749814,-0.007555028415617711
FIST,0.3672191389201732,-0.2546132941405139,-0.2724173877796786,-0.4809663432519814,0.18788378532674166,0.6004512560648,-0.03326838909970355,-0.8025287137460008,0.5512175515183934,-0.8494765247319167,0.010135963965483859,-0.3882988316781823,0.7317147620051923,0.5006642258782674,-0.003615974937295274,0.35289525050742887,0.08760569663281512,-0.7873045526500921,0.4657669710990085,0.09140698656965061,0.2564900203107386,-0.8728007201103614,-0.6041166556589247,0.10497938403252606,-0.1453009422296655,-0.580114678340718,-0.5001256572793316,0.2572206873174852,-0.8881703523264909,-0.14559530674150614,0.012096171166949785,-0.4015770589817062,0.574643042812496,-0.9049733501131189,0.5876650504298107,0.4191089540744014,-0.2225787020511103,0.8680147130354301,0.35800353207914354,0.828078025735831,-0.07571838440061013,-0.10591509286776067,0.13608313458517854,-0.9239904297953548,0.693302742481951,0.332242616355006,0.19783592057284102,0.8482085738659021,0.9999987888320815,-0.7192977751831949,0.5190637163394262,0.09303599063289468,-0.07106617231819544,0.8506449859396211,0.6867661294042037,0.38001133527509595,-0.2941498204479623,0.239502060408186,0.1068765176285177,-0.5131240096243624,-0.03486750760377688,-0.5906024631353747,0.07967238902950652
FIST,0.3912269791731269,-0.19019538786580786,-0.3111504514410903,-0.626644302393285,0.13546222653164203,0.7095087816236214,-0.014266363579115699,-0.8424595211554305,0.5800300396319207,-0.9893352645981314,-0.1346504890910519,-0.4801138990348192,0.9005021401954554,0.4774185065569389,0.10399829070222373,0.4561816322434555,0.07289766223581388,-0.7391701722310805,0.4050959531624697,-0.017618355783556815,0.22165087562275185,-0.9480502519637783,-0.8407423054728449,0.24045651418265665,-0.13565276990342967,-0.5198429296676187,-0.4262180591580703,0.2811606065481591,-0.8540858828905109,-0.09022162375728458,-0.04626689189810644,-0.4022097802702773,0.717804668254605,-0.9064073048929935,0.7928265196930814,0.4876900391466656,-0.11440611341055644,0.9151122985789268,0.35013225302324696,0.9045113384848371,-0.1554600653582054,-0.133601931846089,0.026217397380557995,-0.9714806880177475,0.8019369865177401,0.37603726050688524,0.22982142629724717,0.8824388045470082,0.959992339610467,-0.7385192234190862,0.6080298226653061,0.24812753221234723,-0.05835001354676687,0.999998665640925,0.7850967946929106,0.3755317370020187,-0.27044889179310616,0.30495330815316624,0.12827049550281278,-0.4830515720553104,-0.1082485401501539,-0.4989145037402787,0.028419444003782737
FIST,0.44204817512890593,-0.2512467754814402,-0.37617837780765456,-0.6589869048413953,0.18374759896215417,0.6079488061822788,-0.0239259034181679,-0.7998362773094442,0.672055569371586,-0.8402961968693888,-0.047884872185963545,-0.4704512045200586,0.7744135397697289,0.3293026691524302,0.07296998773041852,0.2982780809345603,-0.00808921730668829,-0.6988182428584696,0.47983382281514503,0.030314626458022687,0.2937875477446431,-0.8366889936918329,-0.7633858585412359,0.14818528960346475,-0.042143789683531385,-0.5682191458214523,-0.5374422806907798,0.37464645581551115,-0.8643999524562506,-0.020972778119229582,-0.06684420231335085,-0.4174925916886959,0.6577471643298387,-0.8688415614103501,0.5950392396718062,0.4264052942158267,0.04644367744345239,0.8528226794476605,0.4363472716288709,0.8108680172106282,-0.03908609690082007,-0.09355787356642657,0.1296560881588795,-0.7905083984431318,0.8312067148584678,0.3353303015470654,0.12848787155571098,0.7358441767507949,0.9791397595204484,-0.6102874909110007,0.5734654405791235,0.10288893131256949,-0.17003142152810224,0.9999987666945167,0.6409318763905499,0.2909941876339917,-0.26195660107562674,0.2961293968183067,0.1439503695551581,-0.44118887165029397,-0.14338315583056194,-0.4816836545960616,0.008539113668760026
FIST,0.48264338090503933,-0.18368161293707932,-0.3126825841588044,-0.5652669844610635,0.1610812590250673,0.6642353768688188,-0.054405155491047144,-0.6953209866575077,0.7572424022001664,-0.8072375887962765,-0.06119136191017368,-0.47340104187132265,0.6746452850366182,0.4222889956738455,0.1874428518082704,0.388539858291989,0.019169643378811205,-0.6812074859898591,0.39858344805001433,0.02790307631785091,0.39886667310361507,-0.8487405757326957,-0.7432990806429486,0.17050949868682644,0.006354217331863041,-0.6221438360867344,-0.5462504089577865,0.30179499224408773,-0.7858222938913554,-0.09163312483733851,0.008129793695872274,-0.3434729446279316,0.6542154286594192,-0.8479726624034494,0.7116001544366336,0.4412206199557302,-0.16106422699273942,0.9847150083634972,0.40635255844264356,0.8792009824116064,-0.06712879511074311,-0.040432218009918856,-0.01929004084916771,-0.959506746165885,0.7994695392523039,0.4549273409918714,0.3047395195943502,0.7870276796854935,0.9999987739461417,-0.6993043990392928,0.5145944337228443,0.18774804631877878,-0.01971561082099591,0.8409466360037805,0.6095221541591164,0.3813290446860532,-0.2934428713249942,0.2576909984342648,0.07883951339619975,-0.5478158936361052,0.04106417473749931,-0.597234313804481,-0.015741471104692303
FIST,0.43939402126044147,-0.3603886467057313,-0.2675695590072854,-0.5840666580102835,0.1659412072617592,0.6290821615199483,-0.033958186903000585,-0.671625356990393,0.823684563267869,-0.9132202281662772,-0.1360901598094711,-0.4661508748776114,0.734397188957337,0.5099073194976904,0.13832097412341077,0.3544570532530082,0.04596141313775091,-0.6811551230776768,0.44270492707895504,-0.002126579010554975,0.18248579427823586,-0.8887932257169047,-0.5933463205158318,0.1916292001514778,-0.0717644945254957,-0.4437312928019913,-0.5587590442367247,0.31535452320137247,-0.90496478314921,-0.06286083776332095,0.09501036309565096,-0.40490239888392776,0.6174926673572061,-0.8161165722757304,0.6087147563143024,0.4142201987915634,-0.06794660974191741,0.8203986318684955,0.4082874416651914,0.7263035927124688,-0.10701488378690745,-0.05101102364287599,0.014384598570863445,-0.9399189619626869,0.8734593938255356,0.3635522410088241,0.16526867804410939,0.8519472435871097,0.9109736545362245,-0.6751058317662347,0.5033004333249064,0.10813620250268051,-0.0312562767689461,0.9999987639805354,0.70897964515402,0.41468339585096675,-0.3218095017609229,0.4125519616924046,0.05703531266869302,-0.5534565128645104,-0.08911464549509288,-0.5230678035086584,0.03249488680880857
FIST,0.32408948609981764,-0.20176946524279238,-0.27718750471952125,-0.5257227136804971,0.12634303261958935,0.6196585116457191,-0.04498665837225918,-0.6288688695122981,0.5258278623638889,-0.8553623774055154,-0.06477451743859554,-0.34956963536047436,0.9010980123717837,0.3798451753410523,0.12324732526554112,0.31253128298284893,0.09989490071571946,-0.5880088837411046,0.31555475775816094,-0.0096102175755946,0.12954195907083846,-0.7776185831724887,-0.6673224914969242,0.09361652909006163,-0.054644664771617286,-0.5154742621115626,-0.39802181551364524,0.18788589851657617,-0.6727881237589797,-0.07068332072342987,0.11469591932961218,-0.4056087761521528,0.6816126051692245,-0.8711611108872508,0.6504452665545559,0.47808139518732984,-0.06864139819022014,0.69845993150956,0.43043567349559164,0.7997230900924819,-0.07318149120425356,-0.1724037625899032,0.08026508379398616,-0.796122523181302,0.748498810713089,0.21398580838019737,0.189221321838547,0.7993684305658058,0.9999988683221718,-0.6211040116448864,0.5325224646005836,0.18930672785171615,-0.05739332391209803,0.8075235092496178,0.5793023614987527,0.39119501708572374,-0.2422276168900746,0.26582789736546997,0.047168423254906826,-0.46308485547216993,-0.038874812986585634,-0.5496963627404184,0.04609829759447638
FIST,0.4442469952875514,-0.3673975328820414,-0.27833069986509223,-0.7632823895019167,0.13104283186837426,0.635148789768005,-0.06054818152156917,-0.8619481316039016,0.5947354682111766,-0.99999877482704,-0.13766578255037784,-0.4328819017172738,0.821156743101673,0.4760610388190292,0.13101582072989149,0.3308430825434063,0.12683020088000585,-0.7032297004282739,0.46567759120194857,-0.16611978780404554,0.3313677914475428,-0.9705590373439386,-0.7674377052015958,0.13202695008181858,-0.013135071983673183,-0.5898804991218516,-0.5483591963549711,0.19917503778560247,-0.8489015366517517,-0.08331939716189085,0.14969387841359386,-0.22908401697351383,0.6681955653700448,-0.846454794793664,0.6424628981569177,0.5546185807473286,-0.09216098737968564,0.8143658287658875,0.4201826999458302,0.8059861858254564,-0.19693421722262505,-0.05715786222200074,0.14250219836191244,-0.8177675945314901,0.8003281196943095,0.3295848441483474,0.24105409329802088,0.8446640953019982,0.9639469945802256,-0.658289634895865,0.5833609749035481,0.18564548428913852,-0.07001514175739852,0.9766362201512263,0.7270001967543588,0.4436349728048397,-0.2763545497602452,0.29604943573292497,0.012291823366260063,-0.44433878756112677,-0.05329053257417652,-0.6421413207294863,0.024766086991286185
FIST,0.5076330475737781,-0.2827541483392475,-0.28059886906344134,-0.5620421748979917,0.1062983563734679,0.6237850142697935,0.018257081596790497,-0.7998531544397758,0.7232088393036857,-0.8489868974077611,-0.09794941833796866,-0.48018865601937877,0.8333521193082799,0.4163685314541056,0.11603015931019876,0.33719742329509134,0.05465629723826373,-0.7158850558930926,0.429026635599223,0.018419294501742314,0.19561005799247366,-0.9183175736742034,-0.832879156623108,0.16731926836278985,-0.07118731981978305,-0.5067489386831443,-0.5049678171433737,0.29530925436383376,-0.8712967241635762,-0.1723791205644525,-0.02335950801077515,-0.3971022165494055,0.5886855448755324,-0.8871290069505744,0.6954810835960096,0.4691151514863766,-0.10363550140386574,0.8702187956710449,0.42883166870716305,0.8443752643165308,-0.061742204520753026,-0.062225546605036784,0.21272246850704127,-0.9238707927595268,0.81335041100865,0.2587150726706653,0.23208165339864711,0.8046177844136981,0.9723116217520429,-0.6584486048965342,0.4638441159276147,0.04803645102755184,0.011005818400090194,0.9999987595283906,0.6870883630301767,0.3350058869613353,-0.2275854844176338,0.3519400651348353,0.11066394655615759,-0.44396401023436743,-0.03331418952426469,-0.6791629640033358,-0.0180608840379794
FIST,0.4978814010924983,-0.3346973681263329,-0.23083040120290177,-0.509138138268822,0.2695412213512481,0.6740252726946657,-0.09091328453592341,-0.7667895182618689,0.6048060909203608,-0.9246809197256698,-0.10304952607173551,-0.4837314679546602,0.865588743728363,0.5015554229169076,0.19154665315001038,0.2971479583276785,0.0762810875472946,-0.7458437916021832,0.43893822499845897,0.028815044004501512,0.33291238590796346,-0.8855692881903009,-0.7042650701799749,0.09183032643005667,-0.1517835935440203,-0.6100721923890599,-0.5062787196540378,0.1863892771531918,-0.8786988102984864,-0.11732096838979825,-0.0763132011571328,-0.460990593108704,0.7208859691036587,-0.8602281211104778,0.6923850192247168,0.3897096828696513,-0.26600463247382866,0.9602645077642835,0.41542378944179964,0.9999987242615985,-0.06817534189054401,-0.07796493251507884,0.11960447315166033,-0.782506219703321,0.8657695135917333,0.34249448238412644,0.24179703672191322,0.8037788244886755,0.9832439142502142,-0.6838080311667554,0.5963947789309884,0.13575147575600446,-0.011828347912111119,0.9696737843997585,0.7942731287324181,0.44476845993477543,-0.2006205343510482,0.40135574602728313,0.11783816150677137,-0.44372708919341497,0.03469793489337609,-0.4842908563055337,0.030609660034770825
FIST,0.40059101673687414,-0.24882760689432656,-0.4253476155300736,-0.563625554895018,0.1241515605172093,0.6934430723401797,0.06304092396362213,-0.8648565345808652,0.6777060600631654,-0.9293750195045474,-0.16557001384018044,-0.48745036603240693,0.9179080472072929,0.5254269624057637,0.14330853880637137,0.23291067670245114,0.0736126951807441,-0.80295814733805,0.33102064392596836,-0.07742347550492783,0.3362736901359773,-0.880867084589455,-0.7000192089525495,0.12559018433601055,-0.10602195028259177,-0.6357457449492171,-0.4358559654982937,0.4030929438374625,-0.8524548901088571,-0.08627254441744774,0.036493600113450514,-0.487893191349991,0.5919463214252908,-0.9211407940634534,0.7118093757284016,0.41055690047754134,-0.10514513103234657,0.8006610505381532,0.543258166268386,0.7815003121572611,0.0006402933732360853,-0.11109431317903849,0.09096249358385465,-0.8425053412289201,0.831854960862418,0.26621496337729833,0.21572883734184065,0.8687709479732827,0.9999987423632776,-0.7416625498328485,0.582230213425923,0.004066704022737444,-0.09421050085219089,0.9031268200927187,0.7162606963899971,0.4598375968657642,-0.3245540116776233,0.4821094388684381,0.07646812278727438,-0.4803220008504099,-0.1903780283768609,-0.5820207058042381,0.06194641875977393
FIST,0.45427041227254206,-0.2706193243955557,-0.31633043703371005,-0.7226088966738713,0.10678390371110413,0.7164197437921188,-0.006176162439985098,-0.7292226607246002,0.6472251112949525,-0.8974432250595883,0.021158740648199673,-0.5740757847222103,0.9763141598181841,0.4537954577825341,0.08214758700096662,0.34520555018329224,-0.004510840929543539,-0.8522117694304371,0.4377732021660255,0.019396318214905856,0.35665119116396704,-0.9022116720172757,-0.6138804662413133,0.27305437403727334,-0.03623942025684477,-0.5350831047686619,-0.457074339227011,0.12938397603392632,-0.9440367211447777,-0.2563178777112724,0.0907226859876714,-0.44521346776406423,0.8589126970994361,-0.9510353981403334,0.7640869744432385,0.4361534662390828,-0.1428814834017605,0.798050966094664,0.33583953814502704,0.7513135561016357,-0.021455581566541454,-0.12482093908755684,0.18872777459787335,-0.9800935281641692,0.9411268348004926,0.4489011146853043,0.3260265470175072,0.898010565458731,0.9999987061886326,-0.6142591873957289,0.46424800665755894,0.18300658903937284,-0.08356972870990065,0.9310387176210421,0.7430658413015954,0.45528172364606556,-0.3030876596019002,0.37348620419676054,-0.07858715260712006,-0.5867023733021831,-0.13230148778862713,-0.5726331343335299,0.05710651344646615
FIST,0.44335901634193065,-0.24156994996223943,-0.32141412525338076,-0.6036204822923337,0.2177412352478728,0.6041816520264796,-0.08572155063645635,-0.7524845289507291,0.8127488572073915,-0.8043015955075816,-0.13077701077656675,-0.5639868859985808,0.8633343481205832,0.49513365851781943,0.13974716701031611,0.424927163017761,0.15061665857795187,-0.7247380467138693,0.4156040227386453,0.018152871289950204,0.3447214786039033,-0.9002788830606646,-0.7643039848730655,0.1445219741525733,-0.15489220084663696,-0.5495481209979297,-0.4933478250769827,0.31815334514620136,-0.8334182093371048,-0.04008645816522974,-0.04087286094572758,-0.36874263365961407,0.6878134527750055,-0.9167533122053241,0.699377940096101,0.5522802418791187,-0.14843524161028743,0.7324080371288242,0.41741965059114855,0.8716315523284688,0.0630511909936161,-0.06527577092985594,0.04362800796245627,-0.9068433647202069,0.8271243291890786,0.4876603514637336,0.28538028537597276,0.7870175420255139,0.9999987139892669,-0.6941271189835061,0.44112324227940775,0.04985157118832002,-0.0419578094882907,0.9310055577103856,0.8010038720172009,0.40536305245387755,-0.27190327284143057,0.18625113937928298,0.14381006660800397,-0.49682984902013805,-0.1309154025374454,-0.6494038105898372,0.10368722541492703
FIST,0.3676744413867248,-0.3001318520716667,-0.2730212143615154,-0.5335614320577714,0.18025803910432503,0.5865851204939325,-0.06936985129297556,-0.7290896786086601,0.7648383684400603,-0.9652596080808449,-0.050518469803838416,-0.5807881222677723,0.9496487361888412,0.513239600311046,0.07700748911213214,0.44150635574456826,0.0884178124000961,-0.7069133043101143,0.4165425475808151,-0.015509668708131231,0.2505131368493776,-0.9783278626243899,-0.654089712299801,0.1514121809825568,-0.11671571897455472,-0.567326450104068,-0.43951169848710137,0.341843388964493,-0.9279969505208983,-0.05609388429868221,0.0542059443576336,-0.44665823839281193,0.6256706793427594,-0.8193983241429013,0.8819416218530749,0.47744906927146796,-0.14624921345633962,0.8608424479108192,0.3651873503967472,0.8428458391107025,-0.10184334426601926,-0.1013335220162611,0.07064575641286377,-0.8989954524456664,0.8219808196756055,0.39194106189127015,0.22602215624470473,0.862363427457525,0.9991212069044176,-0.5902762386881366,0.47824583945893284,0.20178002063210052,-0.12770390280096539,0.9999987207015127,0.7518852692803653,0.4720776944889359,-0.2647272073102929,0.2686106681165456,0.014726429014883044,-0.45131527218393425,0.03159572725112862,-0.5356911207769519,-0.07987236442138287
FIST,0.46964447535851606,-0.32493991577229425,-0.3199990197829407,-0.5925358259627166,0.20911568866466232,0.6150943080534456,-0.09740107520150847,-0.6935710631410048,0.6354221285411921,-0.7687095289879143,-0.13967330236566708,-0.458358780365083,0.7856897983294603,0.4174768999520631,0.09944944155073969,0.4249710313286098,0.14529903581102424,-0.6417348729586503,0.41483308763798266,-0.0028608626651085646,0.3432681393994197,-0.8545492410825474,-0.705544703524378,0.26813863992125925,-0.02984241984248716,-0.5242210851193043,-0.5400757814582522,0.22602246801036194,-0.8913776865833836,-0.1015880508892184,0.09716811622822372,-0.46784265920457846,0.5127080119010747,-0.9336745870533548,0.6969385519194895,0.5145196801695511,-0.12339779717093284,0.8536540139041225,0.42501732640091333,0.7877780336248484,0.03595076162969096,-0.13384743524489928,0.15691276867178341,-0.865670772848811,0.7855838579181972,0.26256366445841717,0.24429534110255408,0.980951113425545,0.9999987661935533,-0.6478085095326246,0.45041954372485976,0.1943386629238407,-0.06727157891974347,0.9389741320450641,0.7219748676191732,0.2763821142601548,-0.2378092303604589,0.2539345097060719,0.06434982002479545,-0.539445408812666,-0.13841072118061037,-0.6503799889750195,0.06965542843575906
FIST,0.3649717013203329,-0.29436271411651116,-0.19677391913470715,-0.5487945892537389,0.05948011426009155,0.6717292814284819,0.039869197929783884,-0.6394696607141098,0.6839465833945026,-0.8815313883913906,-0.05675483211708959,-0.5410419906507103,0.7791508799527351,0.3861493335439208,0.08912627737569065,0.32913165119088983,0.035837184780151576,-0.6999318525129518,0.3807810007143895,0.07526297756639022,0.3844333059422571,-0.8926711851493434,-0.6615091157116901,0.12009441393261748,-0.031569241807789604,-0.548331392567598,-0.5358531622544198,0.369738208227238,-0.9203291133529661,-0.2710906599407901,0.08770348806549608,-0.38713512980848946,0.5718380164968634,-0.6813149769255339,0.7398315494567154,0.4215727694108982,-0.14444044512747167,0.8346343023466535,0.2819313178872073,0.7899303943799996,-0.05439149686019344,-0.07682945711749091,0.050054748718972204,-0.8685945472277423,0.8324766630211896,0.2210397556600778,0.2073277851046671,0.7810985932824945,0.9999988101083285,-0.6681417002649475,0.5000857127746173,0.17201623613277264,-0.18343419431690192,0.9053859472370563,0.5631567217072518,0.39547743570148214,-0.2668144179918686,0.3867133243126731,0.04958539502931345,-0.5229732098663555,-0.02308025695116155,-0.5997712739865003,0.05402967551775754
FIST,0.4437952230292935,-0.28584784085276765,-0.3763833549934126,-0.5212639550572687,0.2154937611824973,0.5567876512237699,-0.04469483363073115,-0.6886674034923739,0.6669156765302384,-0.821584578517544,0.007759282574401617,-0.37237469648300503,0.8438778184332862,0.38186514913722414,0.05014230121953009,0.28513246965135275,0.006851014937314224,-0.790027046702295,0.5205573812463313,0.01790258513969344,0.23007835839841126,-0.88920229475691,-0.807221329856804,0.24489699343007879,-0.1979990841635465,-0.5017219353835234,-0.6177979849903315,0.23159990949556186,-0.7846091677481385,-0.22785847089021163,0.03600462610659658,-0.3360047113222215,0.6536250922826592,-0.8603745968366401,0.7437915327087475,0.39830381916416474,0.01298110088992947,0.7298631956081958,0.4653688887922374,0.8524347467584038,-0.015851325975543253,-0.04330253341363816,0.09384517008495546,-0.897206887316365,0.77943833734996,0.23868972628395319,0.2111889505656682,0.8516060496785078,0.9999987807508325,-0.6327889251690404,0.37874840117574365,0.12168543494812009,-0.11645898947372021,0.8518549690036602,0.6323320604308706,0.3838975888718322,-0.14268715291861056,0.2658110350758264,-0.006989497106817802,-0.5254770082841073,-0.07622326813830067,-0.48681626795580824,-0.004453888259194546
FIST,0.3147235659576214,-0.3258760422968195,-0.2726944853468148,-0.5159166380441257,0.2844460852084589,0.5115681580344185,-0.049145296555841496,-0.781916458985305,0.5823138450452581,-0.8620291857165437,-0.0726627776588981,-0.5001302184250727,0.9642170642135051,0.4188397293769676,0.18256025529156616,0.2761480300670614,0.19239227236892345,-0.6414636717103083,0.4414999330939706,-0.048413753331217946,0.30932410710430863,-0.8338817496711951,-0.6940207409540028,0.10438955286037666,-0.0900711681941128,-0.5315287564099549,-0.4355491839347198,0.23346301897167956,-0.9403812648197959,-0.08548112037997804,0.11919879884260981,-0.4577694760012522,0.7074192918665816,-0.7499029758881647,0.6494668590559691,0.35348054743364227,-0.03911065921768806,0.7162739452808717,0.3403453031371922,0.7318162319905515,-0.05109440327216621,-0.0023268567288521934,0.07968257940836537,-0.7558585455975889,0.7459907519410425,0.3204618306622844,0.14874663967410523,0.7946638795464667,0.8826620943089352,-0.6411104422841216,0.45386283727125715,0.13159249372595952,0.05040517104672314,0.9999988270598171,0.7403926117279042,0.47451637936871843,-0.13694428520027355,0.3102971261668084,0.05215492298208006,-0.4565557855563817,-0.10547562419358393,-0.6010885857806493,0.018183777195364674
FIST,0.32894764131588583,-0.2624629314218451,-0.36573218823161124,-0.6190793071051234,0.20225325366107694,0.5989585308956746,-0.1641721545654235,-0.8459049721842374,0.7076608640243823,-0.8949366101661793,-0.021561789520240564,-0.4787854939001943,0.8630595374366411,0.49842405044597377,0.09093060856780037,0.3617038822533428,0.039362475392999724,-0.5480504878572594,0.3484518979599362,-0.03709996927475116,0.24961813222398765,-0.997309620923146,-0.6727401064143657,0.1524380780915431,-0.23062325533913128,-0.5044364770489314,-0.5600476849461334,0.25759232002375615,-0.8424857988654897,-0.1547774105524076,0.022975180272543125,-0.23041517102459105,0.5081318345616206,-0.969966710356356,0.6654612293467026,0.5601492121982664,-0.14825845469996338,0.8667474652530787,0.3760613991751495,0.9027065000331159,-0.05579525889403251,-0.07848861973376663,0.14239811289118512,-0.8443570472746954,0.7735453751277293,0.35608847434708263,0.38758908134889786,0.8911160690017487,0.9999987459493646,-0.7613319117844739,0.545030599347902,0.21509930864878474,-0.05864986764271883,0.965474608643087,0.880403492065045,0.44841259372548004,-0.15765513184898078,0.33735140193747204,0.055342354083360384,-0.46325323526226536,-0.10786970620747803,-0.5806035613483496,0.029887479321483952
FIST,0.37993526869293825,-0.24746559960333114,-0.2869629697658379,-0.5322680773287051,0.14614145598384304,0.47678646723772944,-0.0777059131157841,-0.7180446848365165,0.7111936685507411,-0.868986764351646,-0.02187067334448564,-0.39265497346071304,0.8873998469384966,0.410771340616485,0.08696185437369572,0.35000256828554327,0.16119122815685405,-0.6792727774054461,0.39358735003865813,-0.09674388936530705,0.23724477171958117,-0.9208944383113822,-0.6892292810679881,0.08124245523574536,-0.09811988650836806,-0.5879825210366758,-0.443621843524908,0.20228079852142106,-0.8857094586650518,-0.10986514428235787,0.017224965704406982,-0.2279792626883889,0.6747798225219195,-0.8543930823034648,0.7281586078143637,0.2888348132085238,-0.029440491402467107,0.8500919988105652,0.3859058413849594,0.8660414297385107,-0.011415766746677757,-0.11587386017408774,0.08226143096608053,-0.7754717665903439,0.8158262474908922,0.3084572205455628,0.24483100373511585,0.9064368327168235,0.9999987937554377,-0.7197949989521017,0.5159462225378424,0.1816847663887789,-0.005064806289877629,0.9237675837298437,0.653728828210072,0.29720868911862125,-0.2683265128850298,0.39331119615652543,0.07310857950192165,-0.48973513677932956,-0.017621657503214323,-0.4897120451414106,-0.04356329143488118
FIST,0.4725446915480851,-0.3527635880436622,-0.25820077907863864,-0.5573230681363999,0.2467418103181276,0.6065820468118126,-0.07208041259680288,-0.7352585298628356,0.7973364755439973,-0.8039202269287071,-0.018142085647292396,-0.5700464658174474,0.7745632042701821,0.47884689180910645,0.030108116116332986,0.34896045948360893,0.01899707629431496,-0.7259597860998145,0.35159929163734976,0.07625467996536413,0.27310954841031343,-0.9119141778682345,-0.6297750097685458,0.2175760709408552,-0.09904535733291092,-0.4588393991728516,-0.4298279442227683,0.29864856107613896,-0.8719809761384165,-0.19358648076214457,-0.056231339251681896,-0.4006996401235997,0.5832025140149674,-0.8532875567453724,0.6874654869227734,0.523502308250546,-0.12144541455310363,0.798113441091655,0.2744492950413276,0.9447864980314615,-0.12932368065871425,-0.13042530374551978,0.09903964023096976,-0.8055419563422944,0.8677466292760155,0.3589492077481188,0.21709629340053604,0.8663263156645089,0.9999988205960001,-0.6741219844664902,0.5266588994072253,0.13775346847907805,-0.07970222775489261,0.9097059446873765,0.6385078299623957,0.3456484222278121,-0.1633263309488878,0.22316486866445298,-0.002796071534782823,-0.43316416664560564,-0.09793164120297579,-0.4845996700939189,0.0219004508039971
FIST,0.325987021565492,-0.2535176910309474,-0.2560669508693491,-0.5687329035610896,0.1526896857119079,0.573082455777842,-0.09150498943781118,-0.8108913458453835,0.5572384212405727,-0.7928818887125385,-0.10568661610639825,-0.42067561954119825,0.7953715655120038,0.37416322638617444,0.10217369416453867,0.4440374755185139,0.05662588264121449,-0.6325612496583853,0.4081822427180778,-0.09756155075026708,0.34195033751547177,-0.8807127785882721,-0.7595682895187489,0.1396884646560473,-0.08952207873417244,-0.4754554265781703,-0.5341156284842261,0.40660246338723927,-0.8955202113757853,-0.08876157182834495,-0.07346492011046285,-0.3726698202646819,0.6321998163257045,-0.9105583298651535,0.7856715953420661,0.4509601512046612,-0.12123558557020017,0.8334243881899013,0.3497719740817521,0.8951993147111805,0.008221499461285418,-0.06732490315291027,0.09493302625636257,-0.9153533122640283,0.8650870813134517,0.3134326326470023,0.28488348735496377,0.8566326777209846,0.9999988099576402,-0.7032659125927044,0.4193354747066848,0.2859981411216686,-0.1646680676839046,0.8440966232607849,0.669497621915092,0.37730169360597,-0.25552474870488984,0.3528109423533418,0.11402363448439147,-0.47830047103205164,-0.11045303897621792,-0.5492925651758059,-0.028793753778216576
FIST,0.29057028109499977,-0.22855412462443236,-0.23137487426282075,-0.5651218724493838,0.04371116276594024,0.530312699650084,-0.004093004706223116,-0.780736791075228,0.654751196577611,-0.8045842750911358,-0.052471451287582724,-0.473375552706153,0.7287826908659016,0.513387074229216,0.16709779451381374,0.34164115267142003,0.11112638436206264,-0.6121611050654678,0.43382245710567724,-0.051041628020897095,0.3224757575806623,-0.7536983959612704,-0.6292264032521917,0.1461281842877663,-0.14328407794320752,-0.48360053798798763,-0.3756092863909227,0.17342177974990014,-0.7440316120636504,-0.14631631899468134,0.020068961897567638,-0.41561832447405267,0.5400616160387328,-0.7691231169514192,0.7088723974589091,0.4193329853868064,-0.12617435987544764,0.7090554987144047,0.37121432791876097,0.7629814014735968,-0.03783775199997687,-0.1037554076427217,0.03909648741886291,-0.7810999995610661,0.7627263804871365,0.3744804008916288,0.19464472616561324,0.8063808004299654,0.9999988636384131,-0.5795066352108833,0.5188714795595205,0.11009174714615332,-0.11184329859508178,0.8593296504006765,0.6338327472905464,0.4185687910049387,-0.2547749154490921,0.2968561590792925,0.11869508143383231,-0.4434461334514701,-0.090830212867326,-0.5096990465997759,-0.06330119940946623
FIST,0.34383983102237364,-0.35858983802716043,-0.28092745671725966,-0.538238622369237,0.23049809164403245,0.6701983265955425,0.028901144330431026,-0.7374818190305299,0.6528676241778569,-0.7424091356806374,-0.09740040433327161,-0.535246803914069,0.8263577512909639,0.4334378252379776,0.13183424480796252,0.2740607264235133,0.08595225757363015,-0.7185436074460091,0.480370034254019,-0.08667975390520168,0.25224030918792484,-0.9030993804177854,-0.6808215066177683,0.22968389548344897,-0.0626026109913681,-0.5379506759445413,-0.4612649251474928,0.30669069349912076,-0.8397360307661528,-0.10409712672593005,0.08406836027052209,-0.4721207032474608,0.6009227718301533,-0.8375089288535724,0.6923127948935598,0.41588530618322556,-0.08158204075655599,0.8480307319580399,0.4208844663958306,0.7886242016765648,-0.13920513567954507,-0.04248912098355146,0.014639650108401108,-0.892751775145781,0.738207776651085,0.39536523509782623,0.241100202610325,0.8485617962191823,0.9999987868465683,-0.6559388389177713,0.5447417989307878,0.08258192765695077,-0.14155662443549058,0.8578713671226349,0.7054538676012814,0.41261878771844135,-0.25639662260560814,0.3081935851506994,0.13843794566482961,-0.528610123161923,-0.07839184373510898,-0.6002035896951781,0.06729505889749388
FIST,0.4065721902757227,-0.31268134942051967,-0.2786088296331861,-0.6486635660173478,0.21500655054095866,0.6531060331806463,-0.17256908222602302,-0.7502204303203396,0.6007885441325547,-0.7504340231597785,-0.071884795075526,-0.5127099806974447,0.7805894257184441,0.4638467890157028,0.2716819714285165,0.36475786217256045,-0.013739277232582425,-0.6168304003674037,0.39796757052064063,-0.05041752095387832,0.2774650067849142,-0.7567952605055055,-0.5583019217753129,0.20010285827963117,-0.055359113858160676,-0.5124274334193152,-0.5239434107241406,0.24217601725235774,-0.7932259163081598,-0.13173706188809617,0.10169360839869927,-0.26066840123464663,0.49298888185840684,-0.7865003415949722,0.6159114814549583,0.40758934988921297,-0.21780889630964884,0.6623718348897204,0.34719979961395153,0.7966506962037432,-0.04381361189543435,-0.045535771329807254,0.0645356844569063,-0.6901263421220918,0.7954560779416389,0.2517055448060591,0.25388597744983255,0.7734491295065523,0.9999989071681904,-0.6321620303637778,0.4290003058552204,0.08338153438874464,-0.12136040390735837,0.8561882213247575,0.6236769158861017,0.3736091747684915,-0.17674417609546997,0.2774517997078689,0.042165433775646285,-0.4912829957303671,-0.12507197581838522,-0.506310004476734,0.011500908655752226
FIST,0.48668486954496687,-0.24030759692443773,-0.21225315753683846,-0.6964078216473578,0.18125561183045413,0.583520195384806,0.019377158356299006,-0.8283991594553672,0.7751941041326423,-0.7932899186987064,-0.03178249881721071,-0.47564806393652165,0.9057458374610119,0.47123668749144687,0.10918139195841788,0.3377428741658592,0.18577373447333762,-0.7969203510016231,0.44610312103401917,0.030849981285688614,0.2596439493590456,-0.9145852809452002,-0.8383792924758336,0.27073075862744167,-0.010811792846273323,-0.5717809765272153,-0.5935834452372405,0.3238474032129417,-0.9872806952252831,-0.20108680947525187,0.04435969160986595,-0.2989687445521772,0.7050282445335259,-0.9594108533542285,0.6484079025307025,0.46487483810540353,-0.09499665747974145,0.8740045703924838,0.5355240835999238,0.8837956158491374,-0.2043790260407466,-0.12369172493961757,0.09305399236274466,-0.8746043819014953,0.8342162971837165,0.32506124560847655,0.11406023506888435,0.88839392117088,0.9999987061537255,-0.6807029803118378,0.5472447538358306,0.2457864103338609,-0.14255954488358805,0.9050209568813095,0.6879671514138643,0.3597155452619559,-0.29627606151321095,0.4372043821219625,0.07521308402067751,-0.3912472194007585,-0.10291693706831312,-0.6715769554856915,-0.0514126120636295
FIST,0.4817879551745505,-0.3355067642358195,-0.26313645258409407,-0.6239407210209079,0.1293850374507095,0.6941958877032951,-0.09629472528838219,-0.8072270829347726,0.6608200070420454,-0.8744359194329564,0.08055243610951451,-0.4048437519175128,0.8220539926697423,0.4380958703764102,0.006494498283094377,0.33847257520548,0.018456535258317027,-0.687863840803195,0.29047696960024433,-0.01605746202025711,0.36865773230091986,-0.8913962111775489,-0.7518509118303514,0.17456027003106483,-0.08376540532994535,-0.40257161297574295,-0.5304635041285659,0.18503517010257578,-0.8663249030399098,-0.11731253491171825,0.08002042133038853,-0.3309782145156338,0.7508397056940025,-0.9085874283971506,0.67739663819565,0.3252364305628217,-0.06505652310010535,0.7805042223307104,0.45268736700779044,0.817770670317605,0.052184529569580425,-0.18064532232594943,0.12336751274981667,-0.7993694469984426,0.8360036181751983,0.26126246129204117,0.26398044343976335,0.8467816811835244,0.8586116433617293,-0.5664064439280763,0.468604195977829,0.24833861222458664,-0.08088992469183454,0.9999987704375802,0.636230388043749,0.40024927650011477,-0.221961877947992,0.3067576695721579,0.00891365988971593,-0.6816085629974448,-0.14961051584226556,-0.5230993741506381,-0.08494924824119797
FIST,0.34776284997269513,-0.3560608063511231,-0.2862383643368039,-0.66073446361114,0.26308692035003056,0.6579032706196937,-0.04808417207290334,-0.7419317110263288,0.6223459990388198,-0.8952296603277083,-0.011977064047379946,-0.4162737576526105,0.9067590833935554,0.44092484214013167,0.10720539909816848,0.2743207907880512,0.11226098896746872,-0.8185705209622265,0.2774436561972785,-0.1384641152404984,0.133264784509887,-0.8159846622503282,-0.6596486038464842,0.10272202718496369,-0.08682759609559434,-0.44979506598074437,-0.4820228534484344,0.3912501556564678,-0.8797301381932117,-0.17059292704843274,-0.02113462751468953,-0.37816300679380627,0.6921470953955149,-0.8708833861053917,0.7016197469092736,0.5194622817249306,-0.0736421303680702,0.8328723626545306,0.3527642654396372,0.8371690988464363,-0.025004364640973036,-0.1413033246148025,-0.015451583960024731,-0.889572570498863,0.8052379689202054,0.41615643399324004,0.16093524495053418,0.8578570293702806,0.9595883741756125,-0.6801323678818857,0.5878711552468924,0.16320784926115525,-0.13366283854920946,0.9999987633228752,0.7434690808713653,0.32739965679109145,-0.30591059859986336,0.3539262004745784,0.06067404076962063,-0.5250184312169182,-0.03286464211467968,-0.6060644007269519,0.026898487096313987
FIST,0.47763183141133214,-0.2788323064680826,-0.39870627290304017,-0.6096964628427518,0.19278152691727463,0.6523313625912291,-0.08963794887589539,-0.6326810632492914,0.569846527047825,-0.8103817299570213,-0.06840639127401471,-0.3766570737933474,0.7468355378331466,0.48002925829157217,0.11247837338613303,0.41247115713639465,0.013079452528050463,-0.6495332503808495,0.3500173228431002,-0.0027730855020789403,0.23493287593720177,-0.8933642129180701,-0.8038736877651469,0.1958170323540992,-0.14235879542746854,-0.589448732503179,-0.5891025847191943,0.18879495836120963,-0.8140551320545848,-0.09882587718271309,0.08390316551711077,-0.4285639469732708,0.6262658833074414,-0.8849908019475328,0.7570762794290868,0.45272455820756125,-0.14211145336195796,0.8745120571312706,0.41735425149841404,0.741926687922504,-0.15241355415617464,-0.17058713186056476,0.15745463898765175,-0.8923494732046796,0.8939131771121308,0.25712500288885487,0.15481922088157846,0.8687264596151368,0.9999988039660243,-0.6109094163177213,0.5169267101872899,0.10504908785732865,-0.02482289396627384,0.9283376467094473,0.6484382499935809,0.3821698957247997,-0.16108884258016437,0.3411780407102618,-0.06838863301176995,-0.42632521846258004,-0.046236218392703234,-0.5733955340936666,0.007786042189551811
FIST,0.4204158649037211,-0.38264965284458685,-0.31810114421583846,-0.6165196291007192,0.17458093106892414,0.5694195441113825,-0.01911852684456018,-0.7960174870640531,0.7126001090667147,-0.7952694150739751,0.027665053204980007,-0.35889895758511325,0.9533016842583252,0.3894989488957934,0.14990877091939256,0.2823235196027005,0.26272547555444875,-0.6473289194165215,0.492201827180616,0.012198757152163437,0.1009270121425465,-0.9311110219455985,-0.7370439229521091,0.1499358876040639,-0.05698858175921169,-0.5001693717543815,-0.6631309541923854,0.2413905450380511,-0.8862963246031372,-0.04387455564994699,0.08083837352618894,-0.38383776378935,0.6363147850954806,-0.9634865556365799,0.7507601558650718,0.4097220983219323,-0.15342782867482885,0.9044034132352267,0.4094992609640355,0.7969978005815368,-0.08994260532634932,-0.06914554948731153,0.07721878685300945,-0.8424632835937742,0.7205302897251629,0.26174863463990566,0.18300491707298505,0.8165867765074358,0.9564856513605308,-0.6636406447925893,0.47679303292629405,0.26952005234718807,-0.024213438103681168,0.9999987858065651,0.7086445923447382,0.38662360487524927,-0.2030376939323004,0.33627851548172166,0.1106245666233054,-0.5461047502784654,-0.052395516483706786,-0.5489464654153003,-0.10889115326977668
FIST,0.4476834011848313,-0.3653700237738111,-0.34871245071636053,-0.6458517340706198,0.09912203113496745,0.6393661011749655,-0.059013367308001746,-0.7494486244901527,0.6732764572047579,-0.8723146959790878,-0.06490929772820436,-0.5233437371146654,0.797730229760813,0.4860899911558085,0.1862382390352985,0.28779813718716407,0.05383415429812469,-0.7364417380198741,0.5058078004954539,-0.013260823754108907,0.2976322864905872,-0.945093062070361,-0.775377795735333,0.1119779699587783,-0.10275989649099493,-0.5417032420306869,-0.5304034875883962,0.36945101697815513,-0.8545569972711657,-0.056020424571926415,-0.0839139349957923,-0.295952559952457,0.6830383652092022,-0.8939674387693409,0.8178151419477568,0.4650590787975062,-0.18108777224549238,0.9754769278684284,0.37015327171460966,0.8312272896293735,-0.07213214109043789,-0.1227179113214702,0.06409377423977942,-0.9089014052657441,0.9357956234422184,0.3781272502549508,0.18853212886909357,0.8389241612356365,0.9999987019916217,-0.7240039247731738,0.483713166031652,0.09452769156151755,-0.062154341208445436,0.9623433305965723,0.6656586035520355,0.440120548006344,-0.18863570586034192,0.32889381735710344,0.18144199203282058,-0.37672674189393895,-0.07080035413833763,-0.6281080546188181,0.018328068911156636
FIST,0.33537293635387966,-0.3118162050715965,-0.39136345047872245,-0.6254332494324059,0.1081456103679002,0.6319507336331647,-0.10364674450942095,-0.72178802218071,0.6947522621686734,-0.7528671883975185,-0.07551200220048734,-0.44022785540889364,0.8585434324666318,0.5325712458445432,0.17457210393509176,0.4004135638031835,-0.037054071430114,-0.7166815566806451,0.46352018757366764,0.020782452385974325,0.2504476374984415,-0.9019315455019328,-0.640167843977553,0.05283284207647619,-0.03037432129666573,-0.5191199700829172,-0.5272305937267081,0.283016940929849,-0.8702123030528292,-0.12452092476263231,0.041596698371281424,-0.3237934005821677,0.6251977215407154,-0.9658448680776204,0.6189665560355017,0.3637261760778725,-0.0758220935138281,0.8486479914665985,0.4886683608275668,0.7669757340128895,0.025935483921056022,-0.20662753818010496,0.06010970715392167,-0.8199191980639908,0.7990486709381683,0.30353380741234165,0.2329094444517845,0.7449245614107042,0.999998799633012,-0.631490329330573,0.49996106881619107,0.1367955698044803,-0.0945930953182033,0.9487901222116673,0.7681382551581797,0.2942320595275453,-0.3120013575902643,0.3348730433835879,0.04093322655931482,-0.47391111893774995,-0.09672479008545716,-0.5153900292558686,-0.01636784699757121
FIST,0.337431338336176,-0.3078834062585778,-0.30096833476194,-0.6651723932421977,0.18048746945762492,0.6000704070374121,-0.0804166610462116,-0.7281729591661396,0.5547603610991666,-0.8832157082349086,-0.12327906342922122,-0.40737321972027773,0.9795466743925129,0.40465732034501883,0.11379102163530029,0.28147489983425666,0.07637855325510602,-0.7156282323235693,0.4199134833544894,0.025926793939982533,0.18509545704951635,-0.8599471779876674,-0.79774296150855,0.15675071355601303,-0.09766089555171682,-0.5400506375849894,-0.5182859523211121,0.223875912082785,-0.8657759760438912,-0.11233088950019589,0.06054716203978028,-0.36273030092372033,0.5830910974454254,-0.7889576984917451,0.7966267277009741,0.35260051044512064,-0.09366494958552474,0.7896668639684311,0.445400298365186,0.829770491636075,-0.04961147622037075,-0.0608074930323338,0.04131887165633082,-0.7363221917301905,0.8177702024823171,0.37924735351399586,0.21328147457531188,0.8143033102701401,0.9999987957635836,-0.6057447197982709,0.40457737291057533,0.16172161571267862,-0.04661912386673415,0.9124079425803744,0.6976950759961071,0.37379529932094113,-0.36133797640665705,0.24099265223752062,0.11977313648641626,-0.49762600368164817,-0.08418254793927728,-0.5547239078691287,-0.04888290147513752
FIST,0.37059414982466266,-0.23330236218038092,-0.25739516370899884,-0.44410442923579735,0.14932236476230615,0.6760934643334936,-0.10735926692013352,-0.6900096609507629,0.6427881348436154,-0.8083982388803865,-0.053171245244299274,-0.48290395256029034,0.8682595203981006,0.3947484377233426,0.14266178608439473,0.35767650097452486,0.14201127433552735,-0.6018675575104606,0.424232641445489,-0.05093916536216528,0.20512682665512588,-0.916504713191927,-0.741114879709977,0.16694895580513383,-0.11831131921971857,-0.44042435319036505,-0.5183251802028049,0.25157081060469105,-0.8397351077195091,-0.2048621855387777,0.10680903063799616,-0.31795629156586713,0.6464376633721822,-0.7936373567594337,0.639279936396419,0.3740495391919728,-0.07405057186233266,0.8834326855049963,0.40052105659372456,0.8627596196627982,-0.08194272618838888,-0.02377156938098204,0.03295791693438876,-0.7981789308740317,0.7420787286703595,0.3653900651995233,0.27249056074368894,0.7107966348765438,0.9999988318922058,-0.4903133812731954,0.44461516621890523,0.14200943506673663,-0.0005058006546339726,0.8965443833305766,0.6543998041873939,0.47851350202152776,-0.2983732671548777,0.2642459928801792,0.08363855917858427,-0.5630136008426331,-0.11452168778817998,-0.5601884415389287,0.056958291209016285
FIST,0.46319877569026063,-0.3707196477028813,-0.34137002036843916,-0.646941598235193,0.17390901662029234,0.5435891251236271,-0.032470301985967454,-0.8021390078591624,0.7045912322517397,-0.8466507099202915,-0.11589320590097064,-0.3861821462238818,0.9492105469592869,0.48705826431007276,0.11639201012434111,0.26611884109990674,0.130741625522364,-0.6452035276598699,0.36272415366254224,-0.05685708185044304,0.29345576650961214,-0.9707550934987027,-0.7455836299217357,0.11228213353039962,-0.14235831239030525,-0.5838548341906266,-0.4560710282505337,0.15173385398773448,-0.8442698905244924,-0.11391740768177715,0.10539237580108869,-0.36304668415057784,0.6096927781376138,-0.9256822933901786,0.7835330078945929,0.4716064190576244,-0.13658070970887576,0.8944029103481131,0.3718944872531559,0.8512401783154323,-0.09144141824485767,-0.059928926008405985,-0.000643537998406396,-0.8766940376160895,0.7663632695104796,0.3475105130685799,0.2562038097404679,0.7741032689269752,0.9999987656485729,-0.7559251385588235,0.6270429144536336,0.12632182869757577,-0.012271261518580719,0.9556823754664524,0.7066792673516171,0.31660654710221997,-0.1796550233286912,0.33092670852849654,0.09161057841414909,-0.5005865264548233,-0.08996907331977509,-0.6231245847521031,-0.008606002715367161
FIST,0.38208932012780866,-0.30059918382435163,-0.2811408238759046,-0.5635857908041912,0.19636268401274828,0.5859482308526165,-0.033870084946028375,-0.7208909089811241,0.6530315230808084,-0.8098659738544824,0.016633425536656032,-0.5290223553759783,0.8155110793471895,0.4745671120626004,0.03241770439292789,0.40350967051535314,0.07782918253235153,-0.6168442374518794,0.46687813967361985,0.01064066343802986,0.1234483077976977,-0.8610737200497168,-0.6720221227044362,0.10597594122560507,-0.18457438367654402,-0.49481900984544597,-0.5705189350136622,0.37504150400337355,-0.8278441185886897,-0.04496214046172635,0.04605324448182293,-0.3220480887523287,0.6163057144520225,-0.7876699842440366,0.5778037880692108,0.4801263527957995,-0.06282661119492852,0.8026731430718566,0.36236844394071466,0.8065908779219898,-0.03552638435799699,-0.017383120314180104,0.026872218465860145,-0.9329357994736321,0.9298446329227452,0.3609374076060508,0.20152475816249885,0.8867655726354968,0.9999988045501393,-0.6144091740293111,0.44774688852228844,0.1928002469422868,-0.009475801546010337,0.8107260335404546,0.6833736133584143,0.3941502908307754,-0.20850354994544737,0.3203500398037292,0.13151652158270447,-0.49201886284503393,-0.09507311777953027,-0.5315897571901407,-0.00983975645456955
FIST,0.34780680128912783,-0.2633960770972831,-0.2956514777450665,-0.6510559420525917,0.18601384471726432,0.4310737634669475,0.014783711047678139,-0.7308123034340612,0.6082730526814639,-0.9224003287823045,0.034855616734896906,-0.5640751218103228,0.9255974593324361,0.45568692803392324,0.1624998582050882,0.34729596790515077,0.04897248566910945,-0.6979008402241637,0.39727848090960427,-0.12938986993002619,0.21601708382432444,-0.9999987180658487,-0.8370392755676991,0.20698463236609987,-0.09428893555247948,-0.5375214972158421,-0.49834543954436816,0.3185308212724491,-0.8785180241795315,-0.19763204367629073,0.0845331528743083,-0.37930072604332604,0.7978565412840384,-0.908599994861309,0.7747977265580099,0.4518555191573824,-0.10710329235938772,0.8694297350667173,0.3869519460891564,0.8954825926928247,-0.016368159344292015,-0.12334561752801254,0.11661354336246228,-0.8455660187169933,0.7814384580811083,0.2822342074744518,0.26990451136922006,0.8370579652819435,0.9454699605440893,-0.5803645393689911,0.4487779663203701,0.06631766716354526,-0.13023062344343553,0.9944765347337581,0.7231370314721434,0.52451700553596,-0.2898937429255349,0.35570225191748156,0.13734006928401174,-0.5563097759762198,-0.056666197470540636,-0.7077166255239186,0.11359243652956041
FIST,0.507755582577756,-0.3254613178885557,-0.26068745782313985,-0.5514619970149137,0.11353890325353018,0.6052033403300432,0.023955137083461,-0.7957595208667266,0.7325849035564461,-0.8874519152498023,-0.0008607939743505641,-0.46389077220857783,0.9149827537089217,0.3576897041672293,0.17983689490937063,0.3965646645538982,-0.01250465719062532,-0.8096190071769268,0.4688442576216642,-0.0026085804360922683,0.15109035383731254,-0.9999986992367768,-0.724592985193603,0.23000954460456555,-0.12244047286072465,-0.5780265976102328,-0.5967253009116287,0.36011562689014615,-0.9065322540232978,-0.18024814305052297,-0.027120216055010325,-0.4816936991919569,0.7849552727597974,-0.9337454135340459,0.7352907545252727,0.4507906788295122,-0.15284420930400452,0.8764507473336982,0.4231743005925381,0.8980765035408558,-0.13916377011390893,-0.03983130725807718,0.028018750264129352,-0.9472813909216281,0.8043913285615603,0.2806054526959938,0.2621388683556656,0.9457729166065054,0.9803462486729541,-0.8204263088657117,0.45141614831982413,0.13722789474058436,-0.16126376453799715,0.9550770433857704,0.6931044988993069,0.40847278700846584,-0.33880440613895624,0.3832971416003155,0.17398688707780174,-0.4286725299159069,-0.14125259743576613,-0.5554624386274585,0.036662218818424505
FIST,0.41529098195341696,-0.2544034223839223,-0.2549260613205554,-0.546594983342855,0.1363731934519824,0.6536006246536618,0.04225477251746076,-0.7006981938450394,0.7585955072800793,-0.9999987729182074,-0.018959333696522168,-0.45287134493527953,0.919652751230353,0.39731412489939466,0.09932898027592245,0.384611046444882,-0.0007605543422276034,-0.6770089715036602,0.40949064160267545,-0.02640460334758407,0.29883094209185107,-0.9613601472106436,-0.7506674964440794,0.16692033102586548,-0.15335193742993208,-0.46071527007143953,-0.5579797175038025,0.3067333658563787,-0.919609358289748,-0.08586724360855587,-0.05334962178169903,-0.29025523475642434,0.6989904252129174,-0.904111218352563,0.6674962039868882,0.4664271820479508,-0.1991532947901041,0.8355021123953575,0.3475118370186518,0.8306816749715706,-0.09331808738687988,-0.14131254311262278,0.1649540508374718,-0.8053216317211873,0.7112137270802857,0.2755493304751932,0.28346759569732116,0.8967219247524995,0.8841926206326224,-0.6180078820560302,0.5051240866981526,0.03782943576568821,-0.10131325254056014,0.9293573875379583,0.6906573523614112,0.30526216238940956,-0.2771596241645185,0.287772890200968,0.02936015519145326,-0.5239152750613653,-0.10555545141148795,-0.5460256538870479,0.10968117875121293
FIST,0.4716506128890207,-0.1845689010822017,-0.3265075527292256,-0.6627490556078703,0.2354714306894279,0.6070623598022913,-0.01518979862908751,-0.8093967179095716,0.7045033604315482,-0.8527054746643499,-0.08383228948239858,-0.49185379606865576,0.8872096794529484,0.5141523490286245,0.1079605341310232,0.35067503288601093,0.08521128339821875,-0.6469279119685876,0.4713376034175362,0.09679504421410617,0.23528143556821146,-0.8037793230440693,-0.6959998026317433,0.10835223093642156,-0.11962945379142341,-0.50792513007021,-0.464819288388102,0.1962434044965341,-0.9132579233539553,-0.1618695730391451,-0.007615478143675038,-0.4922982840695878,0.49344985784931267,-0.8941198266148871,0.7340180650074646,0.47882248308036635,-0.18920814084880153,0.7512365768879757,0.36486861510345536,0.8469504900144706,0.00808194146369455,-0.04832046663095317,0.03781076533494424,-0.8315665725093467,0.7506631830287013,0.33402720545558195,0.22715324759299432,0.923951381841226,0.9999987722502605,-0.7085464400822571,0.4424410239129935,0.13659661531012685,-0.17265574295169972,0.9241016226619281,0.6792376352790227,0.41513449946404074,-0.19289405119374525,0.3322427162767302,-0.037801231711377316,-0.5672974909028349,-0.13461677875084457,-0.5252881571168574,0.0387952560161093
FIST,0.40500774325434563,-0.12118761677936575,-0.20219844797644743,-0.5277824442488579,0.23049849643218925,0.6395717247841091,-0.03654493225494163,-0.8706220263734548,0.6033279090733342,-0.8601097514650552,-0.047941236721385595,-0.4795028462378667,0.8784400308186113,0.3392988483151597,0.16234953872833083,0.3351166031515543,0.05306155471864849,-0.638688041052099,0.3484040296262662,-0.029086722020273313,0.28278485021271954,-0.950772944364721,-0.8305373268854915,0.10533135500946351,-0.08411349367181176,-0.5547350181228337,-0.513070273450873,0.21931222844416232,-0.9519307217916921,-0.12137095460619587,0.03534809208582509,-0.33951607810879003,0.5868776684267965,-0.999998765755543,0.561617585617142,0.4161222206187184,-0.09824281709936504,0.8238979154902144,0.36450170362327694,0.7530167874774654,-0.17072620192342927,-0.07020295994520705,0.0466644981126251,-0.8806250140127615,0.711545946125858,0.27157630348999406,0.23499064354321034,0.8597406926876935,0.964694696671138,-0.5796111988364375,0.45620202990346764,0.23729074834455785,-0.0636390761576227,0.9498582849022167,0.7492443376550236,0.3500238376717772,-0.2520059417288839,0.25238843765412994,0.12030331764691836,-0.4742401760562316,-0.030239255015653353,-0.5556786770297157,0.0689011782860205
FIST,0.3819411117649496,-0.21009896874565614,-0.32972639026532463,-0.6165035470702049,0.2369581094415285,0.7703741997549041,-0.009931499625524642,-0.7171808036211201,0.6475296768970815,-0.8538293931515677,-0.06301192775642042,-0.39282723896773863,0.8700738493410972,0.5623592007266812,0.051855925241054174,0.4261466633246515,0.011705203951555027,-0.6563779815187888,0.3669426383965167,0.02417684784453615,0.21004008070463273,-0.8512330191037993,-0.6681388559142648,0.14227039052951632,-0.045353778757869286,-0.490737189780494,-0.5805617455923455,0.20020051446699905,-0.9562303442986243,-0.20887039911717428,-0.02120865959966411,-0.32839086905531994,0.6810992460246383,-0.9999987405062148,0.7049942241680079,0.3770029637919489,-0.054053044726865174,0.8270661634068878,0.3102887670409698,0.8793543946492824,-0.017043151913671385,-0.1548270017218619,0.045269247658684425,-0.9325758600281261,0.9015370512266809,0.310817090089107,0.19149995270424955,0.8561728709818238,0.9817023771047222,-0.6349686344481041,0.5783564441650302,0.23816201466461834,-0.102648575072364,0.9816946017681357,0.7995843564247689,0.49265088694354475,-0.2915897391365338,0.37190023592912985,0.09052092207164496,-0.44673124009608023,-0.021674634309947653,-0.6455027208686333,-0.04264828094683965
FIST,0.4869445409139664,-0.26337341726176133,-0.4456539785654779,-0.7227643741017395,0.23319225040768782,0.6777168479192681,-0.14679481764975041,-0.7066835101757185,0.6705427786299781,-0.9296082382522032,-0.09240847901838917,-0.5593802337541222,0.8418373517873499,0.3615856302083928,0.1293861624792325,0.37563962847717786,-0.018932603172750383,-0.7102267279636528,0.37130077463312383,0.027398413470041356,0.12511178196226105,-0.8730847359114612,-0.8371932245294695,0.16714762438638503,-0.12660692617743438,-0.5740440960107754,-0.6197302120558597,0.37046172404405514,-0.9713555771815844,-0.20887101148272605,0.1598444800547761,-0.36689987881639646,0.5678999599588855,-0.9027624741547446,0.7234457023997745,0.3441941857593684,-0.15631154270435307,0.8551027240973481,0.4880894773847157,0.8581332754159378,-0.062494547144705606,-0.1463394456018297,0.13117756832600458,-0.8202496185343172,0.8743142824900366,0.34558310620113825,0.1365083701898691,0.9293392974981093,0.9999987384679755,-0.6988889320626568,0.5308755461301846,0.17550656105425733,-0.1461666484868812,0.9438029088318048,0.5868851071259663,0.4025565169153227,-0.1529124969603071,0.22188396691526924,0.0720864644368023,-0.4637222092773509,-0.04865985586250662,-0.6279532235684715,-0.06867662684945032
FIST,0.38436205979733895,-0.19341573907572163,-0.4042657395491817,-0.6796752328543882,0.1590259224693478,0.5513346569489184,-0.06294238798052369,-0.6722670600262214,0.5942071986509468,-0.8558550860766561,-0.056369467024950555,-0.4927129639836978,0.7646054999823709,0.42994821819661805,0.092012002467212,0.3705593070748678,0.0905672625490362,-0.7920753751875552,0.3892267762458739,-0.04536160489576556,0.3860513883093073,-0.8805258762344873,-0.7737785406875589,0.12861340860686543,-0.10353128521656241,-0.5172595763648292,-0.4822548826013967,0.27250404165596154,-0.8843284071212899,-0.1382869949121128,0.03768416918260629,-0.4891464090230333,0.6295464197449631,-0.9113597586854911,0.6206502976295587,0.5904013205506421,-0.08696794957744383,0.839456303662196,0.37666067783963764,0.8967296131763082,-0.12591957890588243,-0.11222122259071304,0.0019506544653365636,-0.8140629777505566,0.756042964194519,0.39936812834882857,0.22619199540630666,0.8904102326705889,0.9999987651476686,-0.5996545824276193,0.4342189616994275,0.21386832121647836,-0.19206143719530286,0.9463124145308669,0.6583303049094286,0.3020114223537198,-0.28697256750472316,0.2885016377135776,0.05048448464362138,-0.5275943174374536,-0.09309376906682928,-0.619857301963296,-0.02861204211910959
FIST,0.39104160447788106,-0.2482601791449613,-0.2391367081831593,-0.5358328181901326,0.19613653901112216,0.6195725116854243,-0.03991765721985987,-0.7563634349986998,0.7030686208861512,-0.8769982903409448,-0.17701309472590968,-0.5207528914050998,0.9210903503395055,0.43796336605480174,0.14382373721111677,0.3053790093673121,0.09644958772346605,-0.6717597331222607,0.3969971745385655,0.0227402524176648,0.2297266755434097,-0.8501241548790761,-0.6971499883193412,0.16499745989296724,-0.12689831599486764,-0.5368774175233779,-0.5297375249677501,0.3202913337730211,-0.9469765861743659,-0.07280295957583444,-0.06024259339550762,-0.33583146192999397,0.5646843902380415,-0.8162894885840256,0.6943973712709371,0.34241602507628743,-0.021655019284177984,0.8608025880608203,0.41811231059376897,0.7884763045960148,-0.0039589888799572365,-0.1671365423461867,-0.07456590463504033,-0.9272869530801027,0.7283351455151764,0.2764780628349421,0.19949460710901207,0.7946698478922912,0.9079771098798134,-0.7725692893790547,0.4891620165510948,0.13749069068797412,-0.11656126256138942,0.9999988010774389,0.6573842862692505,0.38092954244740673,-0.17735136906403406,0.22920071702876332,0.0594426944905041,-0.4332703370532725,-0.10065713590768809,-0.6301872444081451,-0.028116296396315306
FIST,0.43856122140678155,-0.40279943309796956,-0.38778705206957237,-0.4897651680811518,0.22043014571378106,0.7133912797714342,-0.006980715038512329,-0.7459675997023526,0.6588925560095069,-0.8352499013717907,0.03415397307403771,-0.4272055832017884,0.8850434133384836,0.4653565556080701,0.16433109859935724,0.30293643986717433,0.09682595256534687,-0.7500996690683969,0.3969660417210726,-0.07906069008878559,0.24167441893637182,-0.9544665335103537,-0.6115548667877548,0.12311059001010276,-0.057218089103339975,-0.6067913061358248,-0.5167039660035495,0.2820678380465899,-0.9999987471951902,-0.21933069745457162,-0.013490267336644383,-0.4662108633241555,0.6478053043230366,-0.8732546354588724,0.666616009362575,0.45530774209253405,-0.13429682247555114,0.8446084582147607,0.36601959092076963,0.8945720346507101,0.0474689119403367,-0.04576035893378334,0.14890556432136565,-0.958970106490386,0.7764951198762037,0.37159327486398985,0.3301789543949015,0.8955846562583255,0.9252067251221939,-0.7019508466785962,0.519995926580853,0.14993480655387068,-0.12821595441326697,0.9391869751491638,0.7011936204106004,0.3264231907458495,-0.17350429420542468,0.30528917069435263,0.05898428842897355,-0.43755190834961305,-0.10728997373395498,-0.5154576561131017,-0.06362691688062248
FIST,0.45841844749917543,-0.22044877974662966,-0.35861811636833113,-0.6308569451626234,0.18201493661189913,0.6399851126587335,-0.03182296407796812,-0.8360688194635609,0.6812906595077184,-0.7671042373018888,0.009437144106627394,-0.4335173949651772,0.8712131636780612,0.615646936324485,0.19961592818763435,0.3420209502692253,0.0802084414534795,-0.7425323593748021,0.44825008255525345,0.02269185073479285,0.3163903389854698,-0.932259530941181,-0.818013358675515,0.19624620076848906,-0.037424034412827566,-0.6149118949629062,-0.5306268789306123,0.35144456201732355,-0.9691026020019055,-0.15105906994140259,0.1408713148224029,-0.378473561459826,0.6157335884366545,-0.8978507654867891,0.7928552911573482,0.43916305357226404,-0.07100839959615463,0.8742847026576848,0.42953270274742356,0.9145916769668087,-0.07415157105872082,-0.15497585183209717,0.09226022144459572,-0.8882552756728097,0.7987230154676679,0.3728809512984472,0.3188948856481655,0.8536776313221275,0.9999987345663938,-0.7562977025063619,0.4900523819759654,0.1758659151234639,-0.08026228174376232,0.9441050508731669,0.7551005585968761,0.40202871030410847,-0.07374691005849007,0.3493245286305119,-0.10960495594768215,-0.5778122467703863,-0.06679454497117414,-0.6233859272188474,-0.035924450657070645
FIST,0.3133606085281092,-0.2699057000026745,-0.26112833190621176,-0.5289013140062458,0.11327095495160837,0.6022359697749757,-0.12196533783410234,-0.6671310876245351,0.6277725679960275,-0.8237178580081467,-0.11009628759039305,-0.40839582320839074,0.7535819605239585,0.41669775814306215,0.1581364156598539,0.3287815363135692,0.007384280587012335,-0.637080764953631,0.32367218755751037,0.03573308137078746,0.32805632588531675,-0.8658319983781455,-0.6458357055770889,0.21239023903273943,-0.0716378401974232,-0.45986128311307856,-0.46354459327018555,0.17746973254406403,-0.7868593603815581,-0.05490361322106844,0.05924186328869007,-0.2539114546844617,0.4771543358086719,-0.7761870841989443,0.6217132644893456,0.3524800617774296,-0.021672520196935125,0.7494015925898245,0.3441187391310362,0.7948941438341055,-0.17035034753350234,-0.008433881463660819,0.16239686735139183,-0.7304685918467165,0.7581649378977823,0.28959406452685854,0.15111390462883764,0.8344712108805461,0.9397203650713346,-0.5803438801652641,0.46677702886645944,0.16074621421105242,-0.0997496443510007,0.9999988754436988,0.6141647744272053,0.3300176505240992,-0.14809036428024058,0.2971133953417159,0.05595890208530533,-0.3714207175547678,-0.05112134061874902,-0.4768005403448907,-0.0789585340812284
FIST,0.47953355000562853,-0.3542965642863556,-0.3518993451349851,-0.6393446004628511,0.19932983650239233,0.7020291657775158,-0.013766030422408999,-0.7617084720974238,0.6304998074374777,-0.7547625737223748,-0.06178328697204472,-0.4276610558378999,0.7610940451814606,0.4877263246723546,0.04417197631967712,0.29962830131276713,0.07298743007344903,-0.7719741346529758,0.5322118287536636,0.10202277816573892,0.22146060520000094,-0.9999986703305193,-0.8301109864603774,0.2669813704735855,-0.07574006762335585,-0.5789189063134135,-0.5307498149545438,0.25941154227483937,-0.9952260375357669,-0.13646917987265605,0.03140039650650007,-0.3850997150061002,0.5734609135815714,-0.9305701683402682,0.7323688608218714,0.48504485836425343,-0.0541687577405798,0.8660608519657412,0.5098182824072809,0.8013046098384424,0.04432464993458718,-0.01770898463315487,0.0064605030256897605,-0.982929634494871,0.7696698771573409,0.41806965492828485,0.22819328096126834,0.8804448528303126,0.9755502239184675,-0.5956545373295572,0.46506138056135127,0.1716877026858815,-0.06861894019795432,0.9896019947514945,0.7052251555314281,0.3940301350233146,-0.21201774779838686,0.33017345837328826,0.17550025859244067,-0.5848716285194034,-0.055426667745103575,-0.7290322288139766,-0.05075851370260607
